/*******************************************************************************
 * Size: 30 px
 * Bpp: 4
 * Opts: --font Montserrat-SemiBold.ttf -r 0x20-0x7F -r 0xA0-0xFF --size 30 --bpp 4 --format lvgl --no-compress --lv-include lvgl.h -o ui_font_30.c
 ******************************************************************************/

#ifdef LV_LVGL_H_INCLUDE_SIMPLE
#include "lvgl.h"
#else
#include "lvgl.h"
#endif

#ifndef UI_FONT_30
#define UI_FONT_30 1
#endif

#if UI_FONT_30

/*-----------------
 *    BITMAPS
 *----------------*/

/*Store the image of the glyphs*/
static LV_ATTRIBUTE_LARGE_CONST const uint8_t glyph_bitmap[] = {
    /* U+0020 " " */

    /* U+0021 "!" */
    0xf, 0xff, 0xf6, 0xf, 0xff, 0xf5, 0xe, 0xff,
    0xf4, 0xd, 0xff, 0xf3, 0xc, 0xff, 0xf2, 0xb,
    0xff, 0xf1, 0xa, 0xff, 0xf1, 0xa, 0xff, 0xf0,
    0x9, 0xff, 0xf0, 0x8, 0xff, 0xe0, 0x7, 0xff,
    0xd0, 0x6, 0xff, 0xc0, 0x5, 0xff, 0xb0, 0x4,
    0xdd, 0x90, 0x0, 0x0, 0x0, 0x0, 0x0, 0x0,
    0x0, 0x78, 0x30, 0xc, 0xff, 0xf3, 0x2f, 0xff,
    0xf8, 0x1f, 0xff, 0xf5, 0x5, 0xdf, 0x90,

    /* U+0022 "\"" */
    0x4f, 0xfe, 0x0, 0x8f, 0xfa, 0x4f, 0xfd, 0x0,
    0x7f, 0xfa, 0x3f, 0xfd, 0x0, 0x7f, 0xf9, 0x3f,
    0xfc, 0x0, 0x6f, 0xf9, 0x2f, 0xfc, 0x0, 0x6f,
    0xf8, 0x2f, 0xfb, 0x0, 0x6f, 0xf8, 0x2f, 0xfb,
    0x0, 0x5f, 0xf7, 0x1f, 0xfa, 0x0, 0x5f, 0xf7,
    0x3, 0x32, 0x0, 0x3, 0x31,

    /* U+0023 "#" */
    0x0, 0x0, 0x0, 0x5f, 0xf6, 0x0, 0x0, 0x9f,
    0xf2, 0x0, 0x0, 0x0, 0x0, 0x7, 0xff, 0x40,
    0x0, 0xb, 0xff, 0x0, 0x0, 0x0, 0x0, 0x0,
    0x9f, 0xf2, 0x0, 0x0, 0xdf, 0xe0, 0x0, 0x0,
    0x0, 0x0, 0xb, 0xff, 0x0, 0x0, 0xf, 0xfc,
    0x0, 0x0, 0x0, 0x0, 0x0, 0xdf, 0xe0, 0x0,
    0x1, 0xff, 0xa0, 0x0, 0x0, 0x4f, 0xff, 0xff,
    0xff, 0xff, 0xff, 0xff, 0xff, 0xff, 0xf9, 0x4,
    0xff, 0xff, 0xff, 0xff, 0xff, 0xff, 0xff, 0xff,
    0xff, 0x90, 0x3b, 0xbb, 0xcf, 0xfd, 0xbb, 0xbb,
    0xdf, 0xfc, 0xbb, 0xb7, 0x0, 0x0, 0x5, 0xff,
    0x60, 0x0, 0x9, 0xff, 0x20, 0x0, 0x0, 0x0,
    0x0, 0x7f, 0xf4, 0x0, 0x0, 0xaf, 0xf0, 0x0,
    0x0, 0x0, 0x0, 0x9, 0xff, 0x20, 0x0, 0xc,
    0xfe, 0x0, 0x0, 0x0, 0x0, 0x0, 0xbf, 0xf0,
    0x0, 0x0, 0xef, 0xc0, 0x0, 0x0, 0x0, 0x0,
    0xd, 0xfe, 0x0, 0x0, 0xf, 0xfb, 0x0, 0x0,
    0x3, 0xbb, 0xbb, 0xff, 0xfb, 0xbb, 0xbb, 0xff,
    0xeb, 0xbb, 0x70, 0x5f, 0xff, 0xff, 0xff, 0xff,
    0xff, 0xff, 0xff, 0xff, 0xfa, 0x5, 0xff, 0xff,
    0xff, 0xff, 0xff, 0xff, 0xff, 0xff, 0xff, 0xa0,
    0x0, 0x0, 0x5f, 0xf6, 0x0, 0x0, 0x8f, 0xf3,
    0x0, 0x0, 0x0, 0x0, 0x7, 0xff, 0x40, 0x0,
    0xa, 0xff, 0x10, 0x0, 0x0, 0x0, 0x0, 0x9f,
    0xf2, 0x0, 0x0, 0xcf, 0xf0, 0x0, 0x0, 0x0,
    0x0, 0xb, 0xff, 0x0, 0x0, 0xe, 0xfd, 0x0,
    0x0, 0x0, 0x0, 0x0, 0xdf, 0xe0, 0x0, 0x0,
    0xff, 0xb0, 0x0, 0x0, 0x0,

    /* U+0024 "$" */
    0x0, 0x0, 0x0, 0x8, 0xdb, 0x0, 0x0, 0x0,
    0x0, 0x0, 0x0, 0x0, 0x9f, 0xd0, 0x0, 0x0,
    0x0, 0x0, 0x0, 0x0, 0x9, 0xfd, 0x0, 0x0,
    0x0, 0x0, 0x0, 0x0, 0x0, 0x9f, 0xd0, 0x0,
    0x0, 0x0, 0x0, 0x0, 0x4a, 0xdf, 0xff, 0xfd,
    0xa6, 0x0, 0x0, 0x2, 0xdf, 0xff, 0xff, 0xff,
    0xff, 0xff, 0x70, 0x2, 0xff, 0xff, 0xff, 0xff,
    0xff, 0xff, 0xfa, 0x0, 0xdf, 0xff, 0xd7, 0xbf,
    0xd3, 0x6b, 0xff, 0x30, 0x3f, 0xff, 0xd0, 0x9,
    0xfd, 0x0, 0x1, 0x70, 0x6, 0xff, 0xf7, 0x0,
    0x9f, 0xd0, 0x0, 0x0, 0x0, 0x7f, 0xff, 0x80,
    0x9, 0xfd, 0x0, 0x0, 0x0, 0x4, 0xff, 0xff,
    0x50, 0x9f, 0xd0, 0x0, 0x0, 0x0, 0xe, 0xff,
    0xff, 0xdd, 0xfd, 0x0, 0x0, 0x0, 0x0, 0x3f,
    0xff, 0xff, 0xff, 0xfc, 0x72, 0x0, 0x0, 0x0,
    0x2a, 0xff, 0xff, 0xff, 0xff, 0xfb, 0x30, 0x0,
    0x0, 0x2, 0x7c, 0xff, 0xff, 0xff, 0xff, 0x70,
    0x0, 0x0, 0x0, 0x9, 0xff, 0xdf, 0xff, 0xff,
    0x30, 0x0, 0x0, 0x0, 0x9f, 0xd0, 0x4e, 0xff,
    0xf9, 0x0, 0x0, 0x0, 0x9, 0xfd, 0x0, 0x3f,
    0xff, 0xc0, 0x20, 0x0, 0x0, 0x9f, 0xd0, 0x1,
    0xff, 0xfb, 0xe, 0xa2, 0x0, 0x9, 0xfd, 0x0,
    0x7f, 0xff, 0x97, 0xff, 0xfb, 0x74, 0xaf, 0xd5,
    0xbf, 0xff, 0xf2, 0xcf, 0xff, 0xff, 0xff, 0xff,
    0xff, 0xff, 0xf7, 0x0, 0x9f, 0xff, 0xff, 0xff,
    0xff, 0xff, 0xf6, 0x0, 0x0, 0x16, 0xad, 0xef,
    0xff, 0xeb, 0x71, 0x0, 0x0, 0x0, 0x0, 0x0,
    0x9f, 0xd0, 0x0, 0x0, 0x0, 0x0, 0x0, 0x0,
    0x9, 0xfd, 0x0, 0x0, 0x0, 0x0, 0x0, 0x0,
    0x0, 0x9f, 0xd0, 0x0, 0x0, 0x0,

    /* U+0025 "%" */
    0x0, 0x5, 0xcf, 0xfc, 0x50, 0x0, 0x0, 0x0,
    0x0, 0xbf, 0xf3, 0x0, 0x0, 0x9, 0xff, 0xff,
    0xff, 0x90, 0x0, 0x0, 0x0, 0x6f, 0xf8, 0x0,
    0x0, 0x4, 0xff, 0xa2, 0x2a, 0xff, 0x50, 0x0,
    0x0, 0x2f, 0xfd, 0x0, 0x0, 0x0, 0xbf, 0xd0,
    0x0, 0xd, 0xfb, 0x0, 0x0, 0xc, 0xff, 0x20,
    0x0, 0x0, 0xe, 0xf8, 0x0, 0x0, 0x8f, 0xf0,
    0x0, 0x7, 0xff, 0x70, 0x0, 0x0, 0x0, 0xff,
    0x70, 0x0, 0x7, 0xff, 0x0, 0x2, 0xff, 0xc0,
    0x0, 0x0, 0x0, 0xf, 0xf8, 0x0, 0x0, 0x8f,
    0xf0, 0x0, 0xdf, 0xf2, 0x0, 0x0, 0x0, 0x0,
    0xbf, 0xd0, 0x0, 0xd, 0xfc, 0x0, 0x8f, 0xf6,
    0x0, 0x0, 0x0, 0x0, 0x5, 0xff, 0x91, 0x19,
    0xff, 0x50, 0x3f, 0xfb, 0x0, 0x0, 0x0, 0x0,
    0x0, 0xa, 0xff, 0xff, 0xff, 0xa0, 0xd, 0xff,
    0x10, 0x0, 0x0, 0x0, 0x0, 0x0, 0x7, 0xdf,
    0xfd, 0x70, 0x9, 0xff, 0x50, 0x8, 0xef, 0xfc,
    0x40, 0x0, 0x0, 0x0, 0x0, 0x0, 0x4, 0xff,
    0xb0, 0xc, 0xff, 0xff, 0xff, 0x60, 0x0, 0x0,
    0x0, 0x0, 0x0, 0xef, 0xe1, 0x8, 0xff, 0x61,
    0x2c, 0xff, 0x20, 0x0, 0x0, 0x0, 0x0, 0x9f,
    0xf5, 0x0, 0xff, 0x90, 0x0, 0x1f, 0xf8, 0x0,
    0x0, 0x0, 0x0, 0x4f, 0xfa, 0x0, 0x2f, 0xf4,
    0x0, 0x0, 0xcf, 0xb0, 0x0, 0x0, 0x0, 0x1e,
    0xfe, 0x10, 0x3, 0xff, 0x30, 0x0, 0xa, 0xfc,
    0x0, 0x0, 0x0, 0xa, 0xff, 0x40, 0x0, 0x2f,
    0xf4, 0x0, 0x0, 0xcf, 0xb0, 0x0, 0x0, 0x5,
    0xff, 0x90, 0x0, 0x0, 0xef, 0x90, 0x0, 0x1f,
    0xf8, 0x0, 0x0, 0x1, 0xef, 0xd0, 0x0, 0x0,
    0x8, 0xff, 0x72, 0x3c, 0xff, 0x10, 0x0, 0x0,
    0xbf, 0xf3, 0x0, 0x0, 0x0, 0xc, 0xff, 0xff,
    0xff, 0x50, 0x0, 0x0, 0x6f, 0xf8, 0x0, 0x0,
    0x0, 0x0, 0x7, 0xdf, 0xeb, 0x30, 0x0,

    /* U+0026 "&" */
    0x0, 0x0, 0x5, 0xbe, 0xff, 0xd8, 0x10, 0x0,
    0x0, 0x0, 0x0, 0x0, 0xbf, 0xff, 0xff, 0xff,
    0xf3, 0x0, 0x0, 0x0, 0x0, 0x9, 0xff, 0xfe,
    0xab, 0xff, 0xfe, 0x0, 0x0, 0x0, 0x0, 0x1f,
    0xff, 0xb0, 0x0, 0x2f, 0xff, 0x50, 0x0, 0x0,
    0x0, 0x3f, 0xff, 0x30, 0x0, 0xc, 0xff, 0x60,
    0x0, 0x0, 0x0, 0x2f, 0xff, 0x40, 0x0, 0x1e,
    0xff, 0x50, 0x0, 0x0, 0x0, 0xe, 0xff, 0xc0,
    0x1, 0xbf, 0xfe, 0x0, 0x0, 0x0, 0x0, 0x6,
    0xff, 0xfa, 0x5e, 0xff, 0xf4, 0x0, 0x0, 0x0,
    0x0, 0x0, 0xaf, 0xff, 0xff, 0xfe, 0x30, 0x0,
    0x0, 0x0, 0x0, 0x0, 0x5f, 0xff, 0xff, 0xa1,
    0x0, 0x0, 0x0, 0x0, 0x0, 0x1a, 0xff, 0xff,
    0xff, 0xd1, 0x0, 0x1, 0x30, 0x0, 0x1, 0xdf,
    0xff, 0xa9, 0xff, 0xfd, 0x20, 0x6, 0xfe, 0x80,
    0xc, 0xff, 0xf5, 0x0, 0x8f, 0xff, 0xe2, 0xb,
    0xff, 0x90, 0x5f, 0xff, 0x60, 0x0, 0x7, 0xff,
    0xfe, 0x5f, 0xff, 0x40, 0xaf, 0xff, 0x0, 0x0,
    0x0, 0x6f, 0xff, 0xff, 0xfd, 0x0, 0xbf, 0xff,
    0x0, 0x0, 0x0, 0x5, 0xff, 0xff, 0xf5, 0x0,
    0x9f, 0xff, 0x60, 0x0, 0x0, 0x0, 0xaf, 0xff,
    0xf5, 0x0, 0x4f, 0xff, 0xf9, 0x31, 0x2, 0x6c,
    0xff, 0xff, 0xff, 0x60, 0x9, 0xff, 0xff, 0xff,
    0xff, 0xff, 0xff, 0xce, 0xff, 0xf5, 0x0, 0x7f,
    0xff, 0xff, 0xff, 0xff, 0xf8, 0x2, 0xef, 0xd1,
    0x0, 0x1, 0x7b, 0xef, 0xfd, 0xa6, 0x0, 0x0,
    0x2c, 0x20, 0x0, 0x0, 0x0, 0x0, 0x0, 0x0,
    0x0, 0x0, 0x0, 0x0,

    /* U+0027 "'" */
    0x4f, 0xfe, 0x4f, 0xfd, 0x3f, 0xfd, 0x3f, 0xfc,
    0x2f, 0xfc, 0x2f, 0xfb, 0x2f, 0xfb, 0x1f, 0xfa,
    0x3, 0x32,

    /* U+0028 "(" */
    0x0, 0x0, 0xbb, 0xb6, 0x0, 0x7, 0xff, 0xf1,
    0x0, 0x1f, 0xff, 0x90, 0x0, 0x8f, 0xff, 0x20,
    0x0, 0xdf, 0xfc, 0x0, 0x3, 0xff, 0xf7, 0x0,
    0x8, 0xff, 0xf2, 0x0, 0xb, 0xff, 0xf0, 0x0,
    0xe, 0xff, 0xc0, 0x0, 0x1f, 0xff, 0x90, 0x0,
    0x4f, 0xff, 0x60, 0x0, 0x5f, 0xff, 0x50, 0x0,
    0x6f, 0xff, 0x40, 0x0, 0x7f, 0xff, 0x30, 0x0,
    0x7f, 0xff, 0x30, 0x0, 0x6f, 0xff, 0x40, 0x0,
    0x5f, 0xff, 0x50, 0x0, 0x4f, 0xff, 0x60, 0x0,
    0x2f, 0xff, 0x80, 0x0, 0xf, 0xff, 0xb0, 0x0,
    0xc, 0xff, 0xe0, 0x0, 0x9, 0xff, 0xf1, 0x0,
    0x4, 0xff, 0xf6, 0x0, 0x0, 0xef, 0xfb, 0x0,
    0x0, 0x9f, 0xff, 0x10, 0x0, 0x2f, 0xff, 0x70,
    0x0, 0xa, 0xff, 0xe0, 0x0, 0x1, 0xff, 0xf7,

    /* U+0029 ")" */
    0x1b, 0xbb, 0x50, 0x0, 0xb, 0xff, 0xd0, 0x0,
    0x4, 0xff, 0xf7, 0x0, 0x0, 0xcf, 0xfe, 0x0,
    0x0, 0x6f, 0xff, 0x40, 0x0, 0x1f, 0xff, 0x90,
    0x0, 0xc, 0xff, 0xe0, 0x0, 0x8, 0xff, 0xf2,
    0x0, 0x5, 0xff, 0xf5, 0x0, 0x2, 0xff, 0xf8,
    0x0, 0x0, 0xff, 0xfa, 0x0, 0x0, 0xef, 0xfb,
    0x0, 0x0, 0xdf, 0xfc, 0x0, 0x0, 0xcf, 0xfd,
    0x0, 0x0, 0xcf, 0xfd, 0x0, 0x0, 0xdf, 0xfc,
    0x0, 0x0, 0xef, 0xfb, 0x0, 0x0, 0xff, 0xfa,
    0x0, 0x1, 0xff, 0xf9, 0x0, 0x4, 0xff, 0xf6,
    0x0, 0x7, 0xff, 0xf2, 0x0, 0xa, 0xff, 0xf0,
    0x0, 0xf, 0xff, 0xa0, 0x0, 0x5f, 0xff, 0x50,
    0x0, 0xaf, 0xff, 0x0, 0x2, 0xff, 0xf9, 0x0,
    0x9, 0xff, 0xf1, 0x0, 0x1f, 0xff, 0x80, 0x0,

    /* U+002A "*" */
    0x0, 0x0, 0x5, 0x62, 0x0, 0x0, 0x0, 0x0,
    0xe, 0xf5, 0x0, 0x0, 0x4, 0x20, 0xe, 0xf5,
    0x0, 0x50, 0xe, 0xf8, 0xe, 0xf5, 0x3c, 0xf7,
    0x3e, 0xff, 0xef, 0xfd, 0xff, 0xfa, 0x1, 0x8f,
    0xff, 0xff, 0xfc, 0x40, 0x0, 0x8, 0xff, 0xff,
    0xe3, 0x0, 0x6, 0xef, 0xff, 0xff, 0xff, 0xa2,
    0x4f, 0xff, 0x9e, 0xf9, 0xdf, 0xfc, 0xb, 0xb2,
    0xe, 0xf5, 0x6, 0xe3, 0x0, 0x0, 0xe, 0xf5,
    0x0, 0x0, 0x0, 0x0, 0xe, 0xf5, 0x0, 0x0,

    /* U+002B "+" */
    0x0, 0x0, 0x0, 0x35, 0x52, 0x0, 0x0, 0x0,
    0x0, 0x0, 0xb, 0xff, 0x70, 0x0, 0x0, 0x0,
    0x0, 0x0, 0xbf, 0xf7, 0x0, 0x0, 0x0, 0x0,
    0x0, 0xb, 0xff, 0x70, 0x0, 0x0, 0x0, 0x0,
    0x0, 0xbf, 0xf7, 0x0, 0x0, 0x0, 0x0, 0x0,
    0xb, 0xff, 0x70, 0x0, 0x0, 0xf, 0xff, 0xff,
    0xff, 0xff, 0xff, 0xff, 0xc0, 0xff, 0xff, 0xff,
    0xff, 0xff, 0xff, 0xfc, 0xf, 0xff, 0xff, 0xff,
    0xff, 0xff, 0xff, 0xb0, 0x0, 0x0, 0xb, 0xff,
    0x70, 0x0, 0x0, 0x0, 0x0, 0x0, 0xbf, 0xf7,
    0x0, 0x0, 0x0, 0x0, 0x0, 0xb, 0xff, 0x70,
    0x0, 0x0, 0x0, 0x0, 0x0, 0xbf, 0xf7, 0x0,
    0x0, 0x0, 0x0, 0x0, 0xb, 0xff, 0x70, 0x0,
    0x0,

    /* U+002C "," */
    0x0, 0x10, 0x0, 0x1d, 0xff, 0x50, 0x9f, 0xff,
    0xf0, 0xbf, 0xff, 0xf1, 0x6f, 0xff, 0xe0, 0x8,
    0xff, 0x80, 0x9, 0xff, 0x30, 0xd, 0xfd, 0x0,
    0x2f, 0xf7, 0x0, 0x6f, 0xf1, 0x0,

    /* U+002D "-" */
    0x1, 0x11, 0x11, 0x11, 0x15, 0xff, 0xff, 0xff,
    0xfe, 0x5f, 0xff, 0xff, 0xff, 0xe5, 0xff, 0xff,
    0xff, 0xfe,

    /* U+002E "." */
    0x9, 0xdb, 0x20, 0x8f, 0xff, 0xd0, 0xcf, 0xff,
    0xf1, 0x9f, 0xff, 0xe0, 0xa, 0xfd, 0x30,

    /* U+002F "/" */
    0x0, 0x0, 0x0, 0x0, 0x2, 0xff, 0xf2, 0x0,
    0x0, 0x0, 0x0, 0x8, 0xff, 0xd0, 0x0, 0x0,
    0x0, 0x0, 0xe, 0xff, 0x70, 0x0, 0x0, 0x0,
    0x0, 0x3f, 0xff, 0x10, 0x0, 0x0, 0x0, 0x0,
    0x9f, 0xfc, 0x0, 0x0, 0x0, 0x0, 0x0, 0xef,
    0xf6, 0x0, 0x0, 0x0, 0x0, 0x4, 0xff, 0xf1,
    0x0, 0x0, 0x0, 0x0, 0xa, 0xff, 0xb0, 0x0,
    0x0, 0x0, 0x0, 0xf, 0xff, 0x50, 0x0, 0x0,
    0x0, 0x0, 0x5f, 0xff, 0x0, 0x0, 0x0, 0x0,
    0x0, 0xbf, 0xfa, 0x0, 0x0, 0x0, 0x0, 0x1,
    0xff, 0xf4, 0x0, 0x0, 0x0, 0x0, 0x6, 0xff,
    0xe0, 0x0, 0x0, 0x0, 0x0, 0xc, 0xff, 0x90,
    0x0, 0x0, 0x0, 0x0, 0x2f, 0xff, 0x30, 0x0,
    0x0, 0x0, 0x0, 0x7f, 0xfd, 0x0, 0x0, 0x0,
    0x0, 0x0, 0xdf, 0xf8, 0x0, 0x0, 0x0, 0x0,
    0x3, 0xff, 0xf2, 0x0, 0x0, 0x0, 0x0, 0x8,
    0xff, 0xd0, 0x0, 0x0, 0x0, 0x0, 0xe, 0xff,
    0x70, 0x0, 0x0, 0x0, 0x0, 0x4f, 0xff, 0x10,
    0x0, 0x0, 0x0, 0x0, 0x9f, 0xfc, 0x0, 0x0,
    0x0, 0x0, 0x0, 0xef, 0xf6, 0x0, 0x0, 0x0,
    0x0, 0x5, 0xff, 0xf1, 0x0, 0x0, 0x0, 0x0,
    0xa, 0xff, 0xb0, 0x0, 0x0, 0x0, 0x0, 0xf,
    0xff, 0x50, 0x0, 0x0, 0x0, 0x0, 0x6f, 0xff,
    0x0, 0x0, 0x0, 0x0, 0x0, 0xbf, 0xfa, 0x0,
    0x0, 0x0, 0x0, 0x0,

    /* U+0030 "0" */
    0x0, 0x0, 0x3, 0x9d, 0xff, 0xea, 0x40, 0x0,
    0x0, 0x0, 0x1, 0xaf, 0xff, 0xff, 0xff, 0xfc,
    0x20, 0x0, 0x0, 0x1d, 0xff, 0xff, 0xff, 0xff,
    0xff, 0xe2, 0x0, 0x0, 0xbf, 0xff, 0xfa, 0x66,
    0x9f, 0xff, 0xfd, 0x0, 0x5, 0xff, 0xff, 0x30,
    0x0, 0x2, 0xdf, 0xff, 0x80, 0xd, 0xff, 0xf5,
    0x0, 0x0, 0x0, 0x3f, 0xff, 0xf0, 0x2f, 0xff,
    0xd0, 0x0, 0x0, 0x0, 0xa, 0xff, 0xf5, 0x6f,
    0xff, 0x80, 0x0, 0x0, 0x0, 0x6, 0xff, 0xf9,
    0x8f, 0xff, 0x60, 0x0, 0x0, 0x0, 0x3, 0xff,
    0xfb, 0xaf, 0xff, 0x40, 0x0, 0x0, 0x0, 0x1,
    0xff, 0xfd, 0xaf, 0xff, 0x40, 0x0, 0x0, 0x0,
    0x1, 0xff, 0xfd, 0xaf, 0xff, 0x40, 0x0, 0x0,
    0x0, 0x1, 0xff, 0xfd, 0x8f, 0xff, 0x60, 0x0,
    0x0, 0x0, 0x3, 0xff, 0xfb, 0x6f, 0xff, 0x80,
    0x0, 0x0, 0x0, 0x6, 0xff, 0xf9, 0x2f, 0xff,
    0xd0, 0x0, 0x0, 0x0, 0xa, 0xff, 0xf5, 0xd,
    0xff, 0xf5, 0x0, 0x0, 0x0, 0x2f, 0xff, 0xf0,
    0x5, 0xff, 0xff, 0x30, 0x0, 0x2, 0xdf, 0xff,
    0x80, 0x0, 0xbf, 0xff, 0xfa, 0x66, 0x9f, 0xff,
    0xfd, 0x0, 0x0, 0x1d, 0xff, 0xff, 0xff, 0xff,
    0xff, 0xe2, 0x0, 0x0, 0x1, 0xaf, 0xff, 0xff,
    0xff, 0xfc, 0x20, 0x0, 0x0, 0x0, 0x3, 0x9d,
    0xff, 0xea, 0x50, 0x0, 0x0,

    /* U+0031 "1" */
    0xcf, 0xff, 0xff, 0xff, 0x9c, 0xff, 0xff, 0xff,
    0xf9, 0xcf, 0xff, 0xff, 0xff, 0x92, 0x33, 0x37,
    0xff, 0xf9, 0x0, 0x0, 0x5f, 0xff, 0x90, 0x0,
    0x5, 0xff, 0xf9, 0x0, 0x0, 0x5f, 0xff, 0x90,
    0x0, 0x5, 0xff, 0xf9, 0x0, 0x0, 0x5f, 0xff,
    0x90, 0x0, 0x5, 0xff, 0xf9, 0x0, 0x0, 0x5f,
    0xff, 0x90, 0x0, 0x5, 0xff, 0xf9, 0x0, 0x0,
    0x5f, 0xff, 0x90, 0x0, 0x5, 0xff, 0xf9, 0x0,
    0x0, 0x5f, 0xff, 0x90, 0x0, 0x5, 0xff, 0xf9,
    0x0, 0x0, 0x5f, 0xff, 0x90, 0x0, 0x5, 0xff,
    0xf9, 0x0, 0x0, 0x5f, 0xff, 0x90, 0x0, 0x5,
    0xff, 0xf9, 0x0, 0x0, 0x5f, 0xff, 0x90,

    /* U+0032 "2" */
    0x0, 0x1, 0x6a, 0xde, 0xfe, 0xc7, 0x10, 0x0,
    0x0, 0x7, 0xff, 0xff, 0xff, 0xff, 0xff, 0x70,
    0x0, 0xc, 0xff, 0xff, 0xff, 0xff, 0xff, 0xff,
    0x80, 0x7, 0xff, 0xff, 0xb7, 0x66, 0x9f, 0xff,
    0xff, 0x20, 0x6, 0xfd, 0x30, 0x0, 0x0, 0x1d,
    0xff, 0xf8, 0x0, 0x2, 0x10, 0x0, 0x0, 0x0,
    0x5f, 0xff, 0xa0, 0x0, 0x0, 0x0, 0x0, 0x0,
    0x3, 0xff, 0xfa, 0x0, 0x0, 0x0, 0x0, 0x0,
    0x0, 0x6f, 0xff, 0x80, 0x0, 0x0, 0x0, 0x0,
    0x0, 0xc, 0xff, 0xf3, 0x0, 0x0, 0x0, 0x0,
    0x0, 0x8, 0xff, 0xfb, 0x0, 0x0, 0x0, 0x0,
    0x0, 0x7, 0xff, 0xfe, 0x20, 0x0, 0x0, 0x0,
    0x0, 0x8, 0xff, 0xff, 0x40, 0x0, 0x0, 0x0,
    0x0, 0x9, 0xff, 0xff, 0x40, 0x0, 0x0, 0x0,
    0x0, 0xa, 0xff, 0xfe, 0x30, 0x0, 0x0, 0x0,
    0x0, 0xb, 0xff, 0xfe, 0x20, 0x0, 0x0, 0x0,
    0x0, 0xc, 0xff, 0xfd, 0x20, 0x0, 0x0, 0x0,
    0x0, 0x1c, 0xff, 0xfd, 0x10, 0x0, 0x0, 0x0,
    0x0, 0x1d, 0xff, 0xfe, 0x54, 0x44, 0x44, 0x44,
    0x42, 0xd, 0xff, 0xff, 0xff, 0xff, 0xff, 0xff,
    0xff, 0x80, 0xff, 0xff, 0xff, 0xff, 0xff, 0xff,
    0xff, 0xf8, 0xf, 0xff, 0xff, 0xff, 0xff, 0xff,
    0xff, 0xff, 0x80,

    /* U+0033 "3" */
    0xf, 0xff, 0xff, 0xff, 0xff, 0xff, 0xff, 0xf5,
    0x0, 0xff, 0xff, 0xff, 0xff, 0xff, 0xff, 0xff,
    0x50, 0xf, 0xff, 0xff, 0xff, 0xff, 0xff, 0xff,
    0xf4, 0x0, 0x33, 0x33, 0x33, 0x33, 0x3d, 0xff,
    0xf9, 0x0, 0x0, 0x0, 0x0, 0x0, 0x8, 0xff,
    0xfb, 0x0, 0x0, 0x0, 0x0, 0x0, 0x5, 0xff,
    0xfd, 0x0, 0x0, 0x0, 0x0, 0x0, 0x3, 0xff,
    0xfe, 0x10, 0x0, 0x0, 0x0, 0x0, 0x2, 0xef,
    0xff, 0x30, 0x0, 0x0, 0x0, 0x0, 0x0, 0xdf,
    0xff, 0xa3, 0x0, 0x0, 0x0, 0x0, 0x0, 0x3f,
    0xff, 0xff, 0xfd, 0x60, 0x0, 0x0, 0x0, 0x3,
    0xff, 0xff, 0xff, 0xff, 0xa0, 0x0, 0x0, 0x0,
    0x17, 0x77, 0x9e, 0xff, 0xff, 0x60, 0x0, 0x0,
    0x0, 0x0, 0x0, 0x9, 0xff, 0xfe, 0x0, 0x0,
    0x0, 0x0, 0x0, 0x0, 0xe, 0xff, 0xf2, 0x0,
    0x0, 0x0, 0x0, 0x0, 0x0, 0xbf, 0xff, 0x30,
    0x10, 0x0, 0x0, 0x0, 0x0, 0xe, 0xff, 0xf1,
    0xc, 0xd4, 0x0, 0x0, 0x0, 0x8, 0xff, 0xfd,
    0x5, 0xff, 0xfe, 0xa7, 0x56, 0x8e, 0xff, 0xff,
    0x60, 0xbf, 0xff, 0xff, 0xff, 0xff, 0xff, 0xff,
    0xa0, 0x0, 0x8e, 0xff, 0xff, 0xff, 0xff, 0xff,
    0x80, 0x0, 0x0, 0x5, 0x9c, 0xef, 0xfd, 0xb7,
    0x10, 0x0, 0x0,

    /* U+0034 "4" */
    0x0, 0x0, 0x0, 0x0, 0x1, 0xef, 0xff, 0x30,
    0x0, 0x0, 0x0, 0x0, 0x0, 0x0, 0xc, 0xff,
    0xf6, 0x0, 0x0, 0x0, 0x0, 0x0, 0x0, 0x0,
    0x8f, 0xff, 0xa0, 0x0, 0x0, 0x0, 0x0, 0x0,
    0x0, 0x4, 0xff, 0xfd, 0x0, 0x0, 0x0, 0x0,
    0x0, 0x0, 0x0, 0x2e, 0xff, 0xf3, 0x0, 0x0,
    0x0, 0x0, 0x0, 0x0, 0x0, 0xcf, 0xff, 0x60,
    0x0, 0x0, 0x0, 0x0, 0x0, 0x0, 0x9, 0xff,
    0xfa, 0x0, 0x0, 0x0, 0x0, 0x0, 0x0, 0x0,
    0x5f, 0xff, 0xd0, 0x0, 0x0, 0x0, 0x0, 0x0,
    0x0, 0x2, 0xff, 0xff, 0x30, 0x1, 0x44, 0x41,
    0x0, 0x0, 0x0, 0xd, 0xff, 0xf6, 0x0, 0x5,
    0xff, 0xf5, 0x0, 0x0, 0x0, 0xaf, 0xff, 0xa0,
    0x0, 0x5, 0xff, 0xf5, 0x0, 0x0, 0x6, 0xff,
    0xfd, 0x0, 0x0, 0x5, 0xff, 0xf5, 0x0, 0x0,
    0x2f, 0xff, 0xf3, 0x0, 0x0, 0x5, 0xff, 0xf5,
    0x0, 0x0, 0xdf, 0xff, 0xff, 0xff, 0xff, 0xff,
    0xff, 0xff, 0xff, 0xf0, 0xff, 0xff, 0xff, 0xff,
    0xff, 0xff, 0xff, 0xff, 0xff, 0xf0, 0xff, 0xff,
    0xff, 0xff, 0xff, 0xff, 0xff, 0xff, 0xff, 0xf0,
    0x44, 0x44, 0x44, 0x44, 0x44, 0x49, 0xff, 0xf7,
    0x44, 0x40, 0x0, 0x0, 0x0, 0x0, 0x0, 0x7,
    0xff, 0xf5, 0x0, 0x0, 0x0, 0x0, 0x0, 0x0,
    0x0, 0x7, 0xff, 0xf5, 0x0, 0x0, 0x0, 0x0,
    0x0, 0x0, 0x0, 0x7, 0xff, 0xf5, 0x0, 0x0,
    0x0, 0x0, 0x0, 0x0, 0x0, 0x7, 0xff, 0xf5,
    0x0, 0x0,

    /* U+0035 "5" */
    0x0, 0xf, 0xff, 0xff, 0xff, 0xff, 0xff, 0xf5,
    0x0, 0x1, 0xff, 0xff, 0xff, 0xff, 0xff, 0xff,
    0x50, 0x0, 0x3f, 0xff, 0xff, 0xff, 0xff, 0xff,
    0xf5, 0x0, 0x4, 0xff, 0xf7, 0x33, 0x33, 0x33,
    0x33, 0x10, 0x0, 0x6f, 0xff, 0x30, 0x0, 0x0,
    0x0, 0x0, 0x0, 0x7, 0xff, 0xf1, 0x0, 0x0,
    0x0, 0x0, 0x0, 0x0, 0x9f, 0xff, 0x0, 0x0,
    0x0, 0x0, 0x0, 0x0, 0xb, 0xff, 0xe0, 0x0,
    0x0, 0x0, 0x0, 0x0, 0x0, 0xcf, 0xff, 0xff,
    0xfe, 0xd9, 0x50, 0x0, 0x0, 0xe, 0xff, 0xff,
    0xff, 0xff, 0xff, 0xd4, 0x0, 0x0, 0xff, 0xff,
    0xff, 0xff, 0xff, 0xff, 0xf4, 0x0, 0x4, 0x44,
    0x44, 0x45, 0x7b, 0xff, 0xff, 0xe0, 0x0, 0x0,
    0x0, 0x0, 0x0, 0x3, 0xff, 0xff, 0x40, 0x0,
    0x0, 0x0, 0x0, 0x0, 0x8, 0xff, 0xf7, 0x0,
    0x0, 0x0, 0x0, 0x0, 0x0, 0x5f, 0xff, 0x80,
    0x2, 0x0, 0x0, 0x0, 0x0, 0x8, 0xff, 0xf7,
    0x7, 0xf7, 0x10, 0x0, 0x0, 0x4, 0xff, 0xff,
    0x21, 0xef, 0xff, 0xb8, 0x66, 0x7b, 0xff, 0xff,
    0xb0, 0x6f, 0xff, 0xff, 0xff, 0xff, 0xff, 0xff,
    0xe1, 0x0, 0x5d, 0xff, 0xff, 0xff, 0xff, 0xff,
    0xb1, 0x0, 0x0, 0x3, 0x8b, 0xef, 0xfe, 0xc9,
    0x30, 0x0, 0x0,

    /* U+0036 "6" */
    0x0, 0x0, 0x0, 0x49, 0xdf, 0xff, 0xda, 0x60,
    0x0, 0x0, 0x0, 0x4d, 0xff, 0xff, 0xff, 0xff,
    0xfe, 0x0, 0x0, 0x7, 0xff, 0xff, 0xff, 0xff,
    0xff, 0xf8, 0x0, 0x0, 0x6f, 0xff, 0xfe, 0x85,
    0x45, 0x6a, 0xe1, 0x0, 0x2, 0xff, 0xff, 0x80,
    0x0, 0x0, 0x0, 0x0, 0x0, 0xa, 0xff, 0xf9,
    0x0, 0x0, 0x0, 0x0, 0x0, 0x0, 0xf, 0xff,
    0xe0, 0x0, 0x0, 0x0, 0x0, 0x0, 0x0, 0x5f,
    0xff, 0x90, 0x0, 0x0, 0x0, 0x0, 0x0, 0x0,
    0x8f, 0xff, 0x60, 0x6b, 0xef, 0xfd, 0x93, 0x0,
    0x0, 0x9f, 0xff, 0x7d, 0xff, 0xff, 0xff, 0xff,
    0xa0, 0x0, 0xaf, 0xff, 0xff, 0xff, 0xff, 0xff,
    0xff, 0xfb, 0x0, 0xaf, 0xff, 0xff, 0xb4, 0x10,
    0x39, 0xff, 0xff, 0x60, 0x9f, 0xff, 0xf9, 0x0,
    0x0, 0x0, 0x5f, 0xff, 0xc0, 0x7f, 0xff, 0xf0,
    0x0, 0x0, 0x0, 0xd, 0xff, 0xf0, 0x3f, 0xff,
    0xd0, 0x0, 0x0, 0x0, 0xb, 0xff, 0xf1, 0xe,
    0xff, 0xf0, 0x0, 0x0, 0x0, 0xd, 0xff, 0xf0,
    0x8, 0xff, 0xf9, 0x0, 0x0, 0x0, 0x5f, 0xff,
    0xb0, 0x0, 0xdf, 0xff, 0xa3, 0x0, 0x39, 0xff,
    0xff, 0x40, 0x0, 0x3e, 0xff, 0xff, 0xff, 0xff,
    0xff, 0xf7, 0x0, 0x0, 0x2, 0xcf, 0xff, 0xff,
    0xff, 0xff, 0x60, 0x0, 0x0, 0x0, 0x4, 0x9d,
    0xef, 0xec, 0x71, 0x0, 0x0,

    /* U+0037 "7" */
    0x2f, 0xff, 0xff, 0xff, 0xff, 0xff, 0xff, 0xff,
    0xf2, 0x2f, 0xff, 0xff, 0xff, 0xff, 0xff, 0xff,
    0xff, 0xf2, 0x2f, 0xff, 0xff, 0xff, 0xff, 0xff,
    0xff, 0xff, 0xf1, 0x2f, 0xff, 0x94, 0x44, 0x44,
    0x44, 0x9f, 0xff, 0xb0, 0x2f, 0xff, 0x70, 0x0,
    0x0, 0x0, 0xcf, 0xff, 0x40, 0x2f, 0xff, 0x70,
    0x0, 0x0, 0x4, 0xff, 0xfd, 0x0, 0x2d, 0xdd,
    0x60, 0x0, 0x0, 0xb, 0xff, 0xf6, 0x0, 0x0,
    0x0, 0x0, 0x0, 0x0, 0x2f, 0xff, 0xe0, 0x0,
    0x0, 0x0, 0x0, 0x0, 0x0, 0x9f, 0xff, 0x80,
    0x0, 0x0, 0x0, 0x0, 0x0, 0x1, 0xff, 0xff,
    0x10, 0x0, 0x0, 0x0, 0x0, 0x0, 0x7, 0xff,
    0xfa, 0x0, 0x0, 0x0, 0x0, 0x0, 0x0, 0xe,
    0xff, 0xf3, 0x0, 0x0, 0x0, 0x0, 0x0, 0x0,
    0x6f, 0xff, 0xc0, 0x0, 0x0, 0x0, 0x0, 0x0,
    0x0, 0xdf, 0xff, 0x50, 0x0, 0x0, 0x0, 0x0,
    0x0, 0x4, 0xff, 0xfd, 0x0, 0x0, 0x0, 0x0,
    0x0, 0x0, 0xb, 0xff, 0xf6, 0x0, 0x0, 0x0,
    0x0, 0x0, 0x0, 0x2f, 0xff, 0xf0, 0x0, 0x0,
    0x0, 0x0, 0x0, 0x0, 0x9f, 0xff, 0x80, 0x0,
    0x0, 0x0, 0x0, 0x0, 0x1, 0xff, 0xff, 0x10,
    0x0, 0x0, 0x0, 0x0, 0x0, 0x8, 0xff, 0xfa,
    0x0, 0x0, 0x0, 0x0, 0x0, 0x0, 0xe, 0xff,
    0xf3, 0x0, 0x0, 0x0, 0x0,

    /* U+0038 "8" */
    0x0, 0x0, 0x38, 0xce, 0xff, 0xda, 0x61, 0x0,
    0x0, 0x0, 0x1b, 0xff, 0xff, 0xff, 0xff, 0xfe,
    0x60, 0x0, 0x1, 0xef, 0xff, 0xff, 0xff, 0xff,
    0xff, 0xf8, 0x0, 0x9, 0xff, 0xfe, 0x72, 0x1,
    0x4a, 0xff, 0xff, 0x20, 0xe, 0xff, 0xf2, 0x0,
    0x0, 0x0, 0x9f, 0xff, 0x70, 0xf, 0xff, 0xd0,
    0x0, 0x0, 0x0, 0x4f, 0xff, 0x90, 0xe, 0xff,
    0xf0, 0x0, 0x0, 0x0, 0x7f, 0xff, 0x70, 0x8,
    0xff, 0xfc, 0x30, 0x0, 0x6, 0xff, 0xff, 0x10,
    0x0, 0xbf, 0xff, 0xfe, 0xdd, 0xff, 0xff, 0xf5,
    0x0, 0x0, 0xc, 0xff, 0xff, 0xff, 0xff, 0xff,
    0x50, 0x0, 0x1, 0xdf, 0xff, 0xff, 0xff, 0xff,
    0xff, 0xf7, 0x0, 0xd, 0xff, 0xfd, 0x62, 0x1,
    0x39, 0xff, 0xff, 0x60, 0x6f, 0xff, 0xc0, 0x0,
    0x0, 0x0, 0x4f, 0xff, 0xe0, 0xaf, 0xff, 0x40,
    0x0, 0x0, 0x0, 0xb, 0xff, 0xf3, 0xcf, 0xff,
    0x20, 0x0, 0x0, 0x0, 0x9, 0xff, 0xf5, 0xbf,
    0xff, 0x40, 0x0, 0x0, 0x0, 0xb, 0xff, 0xf4,
    0x7f, 0xff, 0xc0, 0x0, 0x0, 0x0, 0x4f, 0xff,
    0xf1, 0x1f, 0xff, 0xfd, 0x62, 0x1, 0x39, 0xff,
    0xff, 0x90, 0x4, 0xff, 0xff, 0xff, 0xff, 0xff,
    0xff, 0xfc, 0x0, 0x0, 0x3c, 0xff, 0xff, 0xff,
    0xff, 0xff, 0x80, 0x0, 0x0, 0x0, 0x49, 0xce,
    0xff, 0xdb, 0x71, 0x0, 0x0,

    /* U+0039 "9" */
    0x0, 0x0, 0x27, 0xce, 0xfe, 0xc8, 0x30, 0x0,
    0x0, 0x0, 0x8, 0xff, 0xff, 0xff, 0xff, 0xfa,
    0x0, 0x0, 0x0, 0xaf, 0xff, 0xff, 0xff, 0xff,
    0xff, 0xd1, 0x0, 0x7, 0xff, 0xff, 0x82, 0x1,
    0x4c, 0xff, 0xfb, 0x0, 0xe, 0xff, 0xf3, 0x0,
    0x0, 0x0, 0xbf, 0xff, 0x50, 0x2f, 0xff, 0xa0,
    0x0, 0x0, 0x0, 0x3f, 0xff, 0xb0, 0x4f, 0xff,
    0x80, 0x0, 0x0, 0x0, 0x1f, 0xff, 0xf0, 0x2f,
    0xff, 0xa0, 0x0, 0x0, 0x0, 0x3f, 0xff, 0xf4,
    0xf, 0xff, 0xf2, 0x0, 0x0, 0x0, 0xcf, 0xff,
    0xf5, 0x9, 0xff, 0xff, 0x72, 0x2, 0x5d, 0xff,
    0xff, 0xf7, 0x1, 0xdf, 0xff, 0xff, 0xff, 0xff,
    0xff, 0xff, 0xf7, 0x0, 0x1b, 0xff, 0xff, 0xff,
    0xff, 0xb8, 0xff, 0xf6, 0x0, 0x0, 0x4a, 0xdf,
    0xfd, 0xa4, 0x9, 0xff, 0xf4, 0x0, 0x0, 0x0,
    0x0, 0x0, 0x0, 0xc, 0xff, 0xf1, 0x0, 0x0,
    0x0, 0x0, 0x0, 0x0, 0x2f, 0xff, 0xd0, 0x0,
    0x0, 0x0, 0x0, 0x0, 0x0, 0xbf, 0xff, 0x60,
    0x0, 0x0, 0x0, 0x0, 0x0, 0x1b, 0xff, 0xfd,
    0x0, 0x0, 0x3e, 0x96, 0x44, 0x59, 0xff, 0xff,
    0xf3, 0x0, 0x0, 0xbf, 0xff, 0xff, 0xff, 0xff,
    0xff, 0x40, 0x0, 0x1, 0xff, 0xff, 0xff, 0xff,
    0xff, 0xc2, 0x0, 0x0, 0x0, 0x17, 0xbe, 0xff,
    0xec, 0x83, 0x0, 0x0, 0x0,

    /* U+003A ":" */
    0xa, 0xfc, 0x30, 0x9f, 0xff, 0xe0, 0xcf, 0xff,
    0xf1, 0x8f, 0xff, 0xd0, 0x9, 0xdb, 0x20, 0x0,
    0x0, 0x0, 0x0, 0x0, 0x0, 0x0, 0x0, 0x0,
    0x0, 0x0, 0x0, 0x0, 0x0, 0x0, 0x0, 0x0,
    0x0, 0x9, 0xdb, 0x20, 0x8f, 0xff, 0xd0, 0xcf,
    0xff, 0xf1, 0x9f, 0xff, 0xe0, 0xa, 0xfd, 0x30,

    /* U+003B ";" */
    0xa, 0xfc, 0x30, 0x9f, 0xff, 0xe0, 0xcf, 0xff,
    0xf1, 0x8f, 0xff, 0xd0, 0x9, 0xdb, 0x20, 0x0,
    0x0, 0x0, 0x0, 0x0, 0x0, 0x0, 0x0, 0x0,
    0x0, 0x0, 0x0, 0x0, 0x0, 0x0, 0x0, 0x0,
    0x0, 0xa, 0xfd, 0x30, 0x8f, 0xff, 0xe0, 0xbf,
    0xff, 0xf1, 0x7f, 0xff, 0xf0, 0xa, 0xff, 0xa0,
    0x8, 0xff, 0x40, 0xd, 0xfe, 0x0, 0x1f, 0xf8,
    0x0, 0x5f, 0xf2, 0x0, 0x12, 0x20, 0x0,

    /* U+003C "<" */
    0x0, 0x0, 0x0, 0x0, 0x0, 0x0, 0x0, 0x10,
    0x0, 0x0, 0x0, 0x0, 0x0, 0x6, 0xcc, 0x0,
    0x0, 0x0, 0x0, 0x3, 0xaf, 0xff, 0xc0, 0x0,
    0x0, 0x1, 0x7d, 0xff, 0xff, 0xfb, 0x0, 0x0,
    0x5b, 0xff, 0xff, 0xff, 0xa4, 0x0, 0x28, 0xef,
    0xff, 0xff, 0xc6, 0x0, 0x0, 0xf, 0xff, 0xff,
    0xd7, 0x20, 0x0, 0x0, 0x0, 0xff, 0xfe, 0x40,
    0x0, 0x0, 0x0, 0x0, 0xf, 0xff, 0xff, 0x93,
    0x0, 0x0, 0x0, 0x0, 0x7d, 0xff, 0xff, 0xfd,
    0x72, 0x0, 0x0, 0x0, 0x3, 0x9f, 0xff, 0xff,
    0xfc, 0x60, 0x0, 0x0, 0x0, 0x5, 0xbf, 0xff,
    0xff, 0xf8, 0x0, 0x0, 0x0, 0x0, 0x28, 0xef,
    0xff, 0xc0, 0x0, 0x0, 0x0, 0x0, 0x0, 0x4a,
    0xfc, 0x0, 0x0, 0x0, 0x0, 0x0, 0x0, 0x1,
    0x40,

    /* U+003D "=" */
    0xf, 0xff, 0xff, 0xff, 0xff, 0xff, 0xff, 0xc0,
    0xff, 0xff, 0xff, 0xff, 0xff, 0xff, 0xfc, 0xf,
    0xff, 0xff, 0xff, 0xff, 0xff, 0xff, 0xc0, 0x0,
    0x0, 0x0, 0x0, 0x0, 0x0, 0x0, 0x0, 0x0,
    0x0, 0x0, 0x0, 0x0, 0x0, 0x0, 0x0, 0x0,
    0x0, 0x0, 0x0, 0x0, 0x0, 0x0, 0x0, 0x0,
    0x0, 0x0, 0x0, 0x0, 0x0, 0xff, 0xff, 0xff,
    0xff, 0xff, 0xff, 0xfc, 0xf, 0xff, 0xff, 0xff,
    0xff, 0xff, 0xff, 0xc0, 0xff, 0xff, 0xff, 0xff,
    0xff, 0xff, 0xfc,

    /* U+003E ">" */
    0x1, 0x0, 0x0, 0x0, 0x0, 0x0, 0x0, 0x0,
    0xfa, 0x40, 0x0, 0x0, 0x0, 0x0, 0x0, 0xf,
    0xff, 0xe8, 0x20, 0x0, 0x0, 0x0, 0x0, 0xff,
    0xff, 0xff, 0xc5, 0x0, 0x0, 0x0, 0x0, 0x6c,
    0xff, 0xff, 0xff, 0x93, 0x0, 0x0, 0x0, 0x2,
    0x7d, 0xff, 0xff, 0xfd, 0x71, 0x0, 0x0, 0x0,
    0x3, 0x9e, 0xff, 0xff, 0xc0, 0x0, 0x0, 0x0,
    0x0, 0x6, 0xff, 0xfc, 0x0, 0x0, 0x0, 0x0,
    0x5b, 0xff, 0xff, 0xc0, 0x0, 0x0, 0x39, 0xff,
    0xff, 0xff, 0xb4, 0x0, 0x27, 0xdf, 0xff, 0xff,
    0xd7, 0x10, 0x0, 0xbf, 0xff, 0xff, 0xfa, 0x40,
    0x0, 0x0, 0xf, 0xff, 0xfc, 0x60, 0x0, 0x0,
    0x0, 0x0, 0xfe, 0x82, 0x0, 0x0, 0x0, 0x0,
    0x0, 0x5, 0x0, 0x0, 0x0, 0x0, 0x0, 0x0,
    0x0,

    /* U+003F "?" */
    0x0, 0x1, 0x6b, 0xde, 0xfe, 0xc8, 0x20, 0x0,
    0x0, 0x7f, 0xff, 0xff, 0xff, 0xff, 0xf9, 0x0,
    0xc, 0xff, 0xff, 0xff, 0xff, 0xff, 0xff, 0xa0,
    0x9f, 0xff, 0xfa, 0x53, 0x47, 0xdf, 0xff, 0xf3,
    0x7, 0xfd, 0x20, 0x0, 0x0, 0xc, 0xff, 0xf8,
    0x0, 0x21, 0x0, 0x0, 0x0, 0x6, 0xff, 0xf9,
    0x0, 0x0, 0x0, 0x0, 0x0, 0x6, 0xff, 0xf7,
    0x0, 0x0, 0x0, 0x0, 0x0, 0xd, 0xff, 0xf2,
    0x0, 0x0, 0x0, 0x0, 0x0, 0xcf, 0xff, 0x90,
    0x0, 0x0, 0x0, 0x0, 0x1c, 0xff, 0xfa, 0x0,
    0x0, 0x0, 0x0, 0x0, 0xdf, 0xff, 0x90, 0x0,
    0x0, 0x0, 0x0, 0xa, 0xff, 0xf9, 0x0, 0x0,
    0x0, 0x0, 0x0, 0x1f, 0xff, 0xd0, 0x0, 0x0,
    0x0, 0x0, 0x0, 0x4f, 0xff, 0x80, 0x0, 0x0,
    0x0, 0x0, 0x0, 0x0, 0x0, 0x0, 0x0, 0x0,
    0x0, 0x0, 0x0, 0x0, 0x0, 0x0, 0x0, 0x0,
    0x0, 0x0, 0x0, 0x4, 0x85, 0x0, 0x0, 0x0,
    0x0, 0x0, 0x0, 0x6f, 0xff, 0x80, 0x0, 0x0,
    0x0, 0x0, 0x0, 0xcf, 0xff, 0xe0, 0x0, 0x0,
    0x0, 0x0, 0x0, 0x9f, 0xff, 0xc0, 0x0, 0x0,
    0x0, 0x0, 0x0, 0x1b, 0xfc, 0x20, 0x0, 0x0,

    /* U+0040 "@" */
    0x0, 0x0, 0x0, 0x0, 0x3, 0x7b, 0xdf, 0xfe,
    0xdc, 0x84, 0x0, 0x0, 0x0, 0x0, 0x0, 0x0,
    0x0, 0x0, 0x5d, 0xff, 0xff, 0xff, 0xff, 0xff,
    0xfe, 0x71, 0x0, 0x0, 0x0, 0x0, 0x0, 0x2,
    0xdf, 0xff, 0xfc, 0x97, 0x67, 0x8b, 0xef, 0xff,
    0xe5, 0x0, 0x0, 0x0, 0x0, 0x5, 0xff, 0xfd,
    0x61, 0x0, 0x0, 0x0, 0x0, 0x4a, 0xff, 0xf9,
    0x0, 0x0, 0x0, 0x5, 0xff, 0xf8, 0x0, 0x0,
    0x0, 0x0, 0x0, 0x0, 0x3, 0xdf, 0xf8, 0x0,
    0x0, 0x3, 0xff, 0xf5, 0x0, 0x0, 0x0, 0x0,
    0x0, 0x0, 0x0, 0x1, 0xcf, 0xf6, 0x0, 0x0,
    0xcf, 0xf6, 0x0, 0x0, 0x18, 0xbd, 0xca, 0x50,
    0x3e, 0xee, 0x11, 0xef, 0xe1, 0x0, 0x5f, 0xfa,
    0x0, 0x0, 0x7f, 0xff, 0xff, 0xff, 0xc5, 0xff,
    0xf1, 0x4, 0xff, 0x90, 0xc, 0xff, 0x20, 0x0,
    0x9f, 0xff, 0xff, 0xff, 0xff, 0xff, 0xff, 0x10,
    0xb, 0xff, 0x2, 0xff, 0xb0, 0x0, 0x5f, 0xff,
    0xe6, 0x10, 0x28, 0xff, 0xff, 0xf1, 0x0, 0x5f,
    0xf4, 0x6f, 0xf6, 0x0, 0xd, 0xff, 0xe1, 0x0,
    0x0, 0x4, 0xff, 0xff, 0x10, 0x1, 0xff, 0x88,
    0xff, 0x30, 0x2, 0xff, 0xf5, 0x0, 0x0, 0x0,
    0x9, 0xff, 0xf1, 0x0, 0xe, 0xfa, 0xaf, 0xf2,
    0x0, 0x5f, 0xff, 0x10, 0x0, 0x0, 0x0, 0x4f,
    0xff, 0x10, 0x0, 0xdf, 0xba, 0xff, 0x10, 0x6,
    0xff, 0xf0, 0x0, 0x0, 0x0, 0x3, 0xff, 0xf1,
    0x0, 0xd, 0xfb, 0xaf, 0xf2, 0x0, 0x5f, 0xff,
    0x0, 0x0, 0x0, 0x0, 0x4f, 0xff, 0x10, 0x0,
    0xef, 0xa8, 0xff, 0x30, 0x3, 0xff, 0xf4, 0x0,
    0x0, 0x0, 0x8, 0xff, 0xf1, 0x0, 0xf, 0xf7,
    0x6f, 0xf7, 0x0, 0xd, 0xff, 0xc0, 0x0, 0x0,
    0x1, 0xef, 0xff, 0x20, 0x5, 0xff, 0x42, 0xff,
    0xb0, 0x0, 0x6f, 0xff, 0xb2, 0x0, 0x4, 0xef,
    0xff, 0xf6, 0x1, 0xdf, 0xe0, 0xc, 0xff, 0x20,
    0x0, 0xbf, 0xff, 0xfd, 0xce, 0xff, 0xed, 0xff,
    0xfd, 0xff, 0xf6, 0x0, 0x5f, 0xfb, 0x0, 0x0,
    0x9f, 0xff, 0xff, 0xff, 0xe3, 0x4f, 0xff, 0xff,
    0xf9, 0x0, 0x0, 0xcf, 0xf6, 0x0, 0x0, 0x3a,
    0xdf, 0xec, 0x71, 0x0, 0x4c, 0xff, 0xc5, 0x0,
    0x0, 0x3, 0xff, 0xf5, 0x0, 0x0, 0x0, 0x0,
    0x0, 0x0, 0x0, 0x0, 0x0, 0x0, 0x0, 0x0,
    0x5, 0xff, 0xf8, 0x0, 0x0, 0x0, 0x0, 0x0,
    0x0, 0x0, 0x0, 0x0, 0x0, 0x0, 0x0, 0x5,
    0xff, 0xfd, 0x61, 0x0, 0x0, 0x0, 0x1, 0x65,
    0x0, 0x0, 0x0, 0x0, 0x0, 0x0, 0x3, 0xdf,
    0xff, 0xfc, 0x98, 0x78, 0x9c, 0xff, 0xc0, 0x0,
    0x0, 0x0, 0x0, 0x0, 0x0, 0x0, 0x6d, 0xff,
    0xff, 0xff, 0xff, 0xff, 0xfd, 0x0, 0x0, 0x0,
    0x0, 0x0, 0x0, 0x0, 0x0, 0x3, 0x7b, 0xde,
    0xff, 0xdb, 0x83, 0x0, 0x0, 0x0, 0x0, 0x0,

    /* U+0041 "A" */
    0x0, 0x0, 0x0, 0x0, 0x0, 0xef, 0xff, 0x50,
    0x0, 0x0, 0x0, 0x0, 0x0, 0x0, 0x0, 0x0,
    0x6, 0xff, 0xff, 0xd0, 0x0, 0x0, 0x0, 0x0,
    0x0, 0x0, 0x0, 0x0, 0xd, 0xff, 0xff, 0xf4,
    0x0, 0x0, 0x0, 0x0, 0x0, 0x0, 0x0, 0x0,
    0x4f, 0xff, 0xff, 0xfb, 0x0, 0x0, 0x0, 0x0,
    0x0, 0x0, 0x0, 0x0, 0xbf, 0xfe, 0x9f, 0xff,
    0x20, 0x0, 0x0, 0x0, 0x0, 0x0, 0x0, 0x2,
    0xff, 0xf7, 0x2f, 0xff, 0x90, 0x0, 0x0, 0x0,
    0x0, 0x0, 0x0, 0xa, 0xff, 0xf1, 0xa, 0xff,
    0xf1, 0x0, 0x0, 0x0, 0x0, 0x0, 0x0, 0x1f,
    0xff, 0xa0, 0x4, 0xff, 0xf8, 0x0, 0x0, 0x0,
    0x0, 0x0, 0x0, 0x8f, 0xff, 0x30, 0x0, 0xdf,
    0xfe, 0x0, 0x0, 0x0, 0x0, 0x0, 0x0, 0xef,
    0xfc, 0x0, 0x0, 0x6f, 0xff, 0x60, 0x0, 0x0,
    0x0, 0x0, 0x6, 0xff, 0xf5, 0x0, 0x0, 0xe,
    0xff, 0xd0, 0x0, 0x0, 0x0, 0x0, 0xd, 0xff,
    0xe0, 0x0, 0x0, 0x8, 0xff, 0xf5, 0x0, 0x0,
    0x0, 0x0, 0x5f, 0xff, 0x70, 0x0, 0x0, 0x1,
    0xff, 0xfc, 0x0, 0x0, 0x0, 0x0, 0xcf, 0xff,
    0xff, 0xff, 0xff, 0xff, 0xff, 0xff, 0x30, 0x0,
    0x0, 0x3, 0xff, 0xff, 0xff, 0xff, 0xff, 0xff,
    0xff, 0xff, 0xb0, 0x0, 0x0, 0xa, 0xff, 0xff,
    0xff, 0xff, 0xff, 0xff, 0xff, 0xff, 0xf2, 0x0,
    0x0, 0x2f, 0xff, 0xb0, 0x0, 0x0, 0x0, 0x0,
    0x6, 0xff, 0xf9, 0x0, 0x0, 0x9f, 0xff, 0x50,
    0x0, 0x0, 0x0, 0x0, 0x0, 0xef, 0xff, 0x10,
    0x1, 0xff, 0xfe, 0x0, 0x0, 0x0, 0x0, 0x0,
    0x0, 0x8f, 0xff, 0x70, 0x7, 0xff, 0xf7, 0x0,
    0x0, 0x0, 0x0, 0x0, 0x0, 0x1f, 0xff, 0xe0,
    0xe, 0xff, 0xf1, 0x0, 0x0, 0x0, 0x0, 0x0,
    0x0, 0xa, 0xff, 0xf6,

    /* U+0042 "B" */
    0x3f, 0xff, 0xff, 0xff, 0xff, 0xff, 0xeb, 0x61,
    0x0, 0x0, 0x3f, 0xff, 0xff, 0xff, 0xff, 0xff,
    0xff, 0xff, 0x60, 0x0, 0x3f, 0xff, 0xff, 0xff,
    0xff, 0xff, 0xff, 0xff, 0xf6, 0x0, 0x3f, 0xff,
    0xb0, 0x0, 0x0, 0x2, 0x6d, 0xff, 0xff, 0x0,
    0x3f, 0xff, 0xb0, 0x0, 0x0, 0x0, 0x1, 0xef,
    0xff, 0x40, 0x3f, 0xff, 0xb0, 0x0, 0x0, 0x0,
    0x0, 0x9f, 0xff, 0x60, 0x3f, 0xff, 0xb0, 0x0,
    0x0, 0x0, 0x0, 0x9f, 0xff, 0x40, 0x3f, 0xff,
    0xb0, 0x0, 0x0, 0x0, 0x0, 0xef, 0xff, 0x10,
    0x3f, 0xff, 0xb0, 0x0, 0x0, 0x2, 0x5d, 0xff,
    0xf8, 0x0, 0x3f, 0xff, 0xff, 0xff, 0xff, 0xff,
    0xff, 0xff, 0xa0, 0x0, 0x3f, 0xff, 0xff, 0xff,
    0xff, 0xff, 0xff, 0xff, 0x60, 0x0, 0x3f, 0xff,
    0xff, 0xff, 0xff, 0xff, 0xff, 0xff, 0xfc, 0x0,
    0x3f, 0xff, 0xb0, 0x0, 0x0, 0x0, 0x15, 0xdf,
    0xff, 0xb0, 0x3f, 0xff, 0xb0, 0x0, 0x0, 0x0,
    0x0, 0xd, 0xff, 0xf2, 0x3f, 0xff, 0xb0, 0x0,
    0x0, 0x0, 0x0, 0x8, 0xff, 0xf6, 0x3f, 0xff,
    0xb0, 0x0, 0x0, 0x0, 0x0, 0x8, 0xff, 0xf7,
    0x3f, 0xff, 0xb0, 0x0, 0x0, 0x0, 0x0, 0xd,
    0xff, 0xf5, 0x3f, 0xff, 0xb0, 0x0, 0x0, 0x0,
    0x25, 0xcf, 0xff, 0xf1, 0x3f, 0xff, 0xff, 0xff,
    0xff, 0xff, 0xff, 0xff, 0xff, 0x60, 0x3f, 0xff,
    0xff, 0xff, 0xff, 0xff, 0xff, 0xff, 0xe6, 0x0,
    0x3f, 0xff, 0xff, 0xff, 0xff, 0xff, 0xfd, 0xa6,
    0x10, 0x0,

    /* U+0043 "C" */
    0x0, 0x0, 0x0, 0x5, 0x9d, 0xef, 0xed, 0xa5,
    0x0, 0x0, 0x0, 0x0, 0x7, 0xef, 0xff, 0xff,
    0xff, 0xff, 0xe6, 0x0, 0x0, 0x1, 0xcf, 0xff,
    0xff, 0xff, 0xff, 0xff, 0xff, 0xc0, 0x0, 0x1d,
    0xff, 0xff, 0xfa, 0x86, 0x79, 0xdf, 0xff, 0xf9,
    0x0, 0xcf, 0xff, 0xf8, 0x10, 0x0, 0x0, 0x5,
    0xef, 0xb0, 0x6, 0xff, 0xff, 0x40, 0x0, 0x0,
    0x0, 0x0, 0x18, 0x0, 0xe, 0xff, 0xf7, 0x0,
    0x0, 0x0, 0x0, 0x0, 0x0, 0x0, 0x3f, 0xff,
    0xe0, 0x0, 0x0, 0x0, 0x0, 0x0, 0x0, 0x0,
    0x7f, 0xff, 0x80, 0x0, 0x0, 0x0, 0x0, 0x0,
    0x0, 0x0, 0x9f, 0xff, 0x50, 0x0, 0x0, 0x0,
    0x0, 0x0, 0x0, 0x0, 0xaf, 0xff, 0x40, 0x0,
    0x0, 0x0, 0x0, 0x0, 0x0, 0x0, 0x9f, 0xff,
    0x50, 0x0, 0x0, 0x0, 0x0, 0x0, 0x0, 0x0,
    0x7f, 0xff, 0x80, 0x0, 0x0, 0x0, 0x0, 0x0,
    0x0, 0x0, 0x3f, 0xff, 0xe0, 0x0, 0x0, 0x0,
    0x0, 0x0, 0x0, 0x0, 0xe, 0xff, 0xf7, 0x0,
    0x0, 0x0, 0x0, 0x0, 0x0, 0x0, 0x6, 0xff,
    0xff, 0x40, 0x0, 0x0, 0x0, 0x0, 0x18, 0x0,
    0x0, 0xcf, 0xff, 0xf8, 0x10, 0x0, 0x0, 0x5,
    0xef, 0xb0, 0x0, 0x1d, 0xff, 0xff, 0xfa, 0x86,
    0x79, 0xdf, 0xff, 0xf9, 0x0, 0x1, 0xcf, 0xff,
    0xff, 0xff, 0xff, 0xff, 0xff, 0xc0, 0x0, 0x0,
    0x7, 0xef, 0xff, 0xff, 0xff, 0xff, 0xe6, 0x0,
    0x0, 0x0, 0x0, 0x5, 0x9d, 0xef, 0xed, 0xa5,
    0x0, 0x0,

    /* U+0044 "D" */
    0x3f, 0xff, 0xff, 0xff, 0xff, 0xfe, 0xc9, 0x40,
    0x0, 0x0, 0x0, 0x3f, 0xff, 0xff, 0xff, 0xff,
    0xff, 0xff, 0xfe, 0x60, 0x0, 0x0, 0x3f, 0xff,
    0xff, 0xff, 0xff, 0xff, 0xff, 0xff, 0xfb, 0x10,
    0x0, 0x3f, 0xff, 0xc4, 0x44, 0x44, 0x56, 0xaf,
    0xff, 0xff, 0xc0, 0x0, 0x3f, 0xff, 0xb0, 0x0,
    0x0, 0x0, 0x0, 0x9f, 0xff, 0xfa, 0x0, 0x3f,
    0xff, 0xb0, 0x0, 0x0, 0x0, 0x0, 0x5, 0xff,
    0xff, 0x40, 0x3f, 0xff, 0xb0, 0x0, 0x0, 0x0,
    0x0, 0x0, 0x9f, 0xff, 0xb0, 0x3f, 0xff, 0xb0,
    0x0, 0x0, 0x0, 0x0, 0x0, 0x1f, 0xff, 0xf1,
    0x3f, 0xff, 0xb0, 0x0, 0x0, 0x0, 0x0, 0x0,
    0xb, 0xff, 0xf4, 0x3f, 0xff, 0xb0, 0x0, 0x0,
    0x0, 0x0, 0x0, 0x9, 0xff, 0xf6, 0x3f, 0xff,
    0xb0, 0x0, 0x0, 0x0, 0x0, 0x0, 0x7, 0xff,
    0xf7, 0x3f, 0xff, 0xb0, 0x0, 0x0, 0x0, 0x0,
    0x0, 0x9, 0xff, 0xf6, 0x3f, 0xff, 0xb0, 0x0,
    0x0, 0x0, 0x0, 0x0, 0xb, 0xff, 0xf4, 0x3f,
    0xff, 0xb0, 0x0, 0x0, 0x0, 0x0, 0x0, 0x1f,
    0xff, 0xf1, 0x3f, 0xff, 0xb0, 0x0, 0x0, 0x0,
    0x0, 0x0, 0x9f, 0xff, 0xb0, 0x3f, 0xff, 0xb0,
    0x0, 0x0, 0x0, 0x0, 0x5, 0xff, 0xff, 0x40,
    0x3f, 0xff, 0xb0, 0x0, 0x0, 0x0, 0x0, 0x9f,
    0xff, 0xfa, 0x0, 0x3f, 0xff, 0xc4, 0x44, 0x44,
    0x56, 0xaf, 0xff, 0xff, 0xd1, 0x0, 0x3f, 0xff,
    0xff, 0xff, 0xff, 0xff, 0xff, 0xff, 0xfb, 0x10,
    0x0, 0x3f, 0xff, 0xff, 0xff, 0xff, 0xff, 0xff,
    0xfe, 0x60, 0x0, 0x0, 0x3f, 0xff, 0xff, 0xff,
    0xff, 0xfe, 0xc9, 0x40, 0x0, 0x0, 0x0,

    /* U+0045 "E" */
    0x3f, 0xff, 0xff, 0xff, 0xff, 0xff, 0xff, 0xff,
    0x23, 0xff, 0xff, 0xff, 0xff, 0xff, 0xff, 0xff,
    0xf2, 0x3f, 0xff, 0xff, 0xff, 0xff, 0xff, 0xff,
    0xff, 0x23, 0xff, 0xfc, 0x33, 0x33, 0x33, 0x33,
    0x33, 0x30, 0x3f, 0xff, 0xb0, 0x0, 0x0, 0x0,
    0x0, 0x0, 0x3, 0xff, 0xfb, 0x0, 0x0, 0x0,
    0x0, 0x0, 0x0, 0x3f, 0xff, 0xb0, 0x0, 0x0,
    0x0, 0x0, 0x0, 0x3, 0xff, 0xfb, 0x0, 0x0,
    0x0, 0x0, 0x0, 0x0, 0x3f, 0xff, 0xc2, 0x22,
    0x22, 0x22, 0x22, 0x20, 0x3, 0xff, 0xff, 0xff,
    0xff, 0xff, 0xff, 0xfd, 0x0, 0x3f, 0xff, 0xff,
    0xff, 0xff, 0xff, 0xff, 0xd0, 0x3, 0xff, 0xff,
    0xff, 0xff, 0xff, 0xff, 0xfd, 0x0, 0x3f, 0xff,
    0xb0, 0x0, 0x0, 0x0, 0x0, 0x0, 0x3, 0xff,
    0xfb, 0x0, 0x0, 0x0, 0x0, 0x0, 0x0, 0x3f,
    0xff, 0xb0, 0x0, 0x0, 0x0, 0x0, 0x0, 0x3,
    0xff, 0xfb, 0x0, 0x0, 0x0, 0x0, 0x0, 0x0,
    0x3f, 0xff, 0xb0, 0x0, 0x0, 0x0, 0x0, 0x0,
    0x3, 0xff, 0xfc, 0x33, 0x33, 0x33, 0x33, 0x33,
    0x32, 0x3f, 0xff, 0xff, 0xff, 0xff, 0xff, 0xff,
    0xff, 0x93, 0xff, 0xff, 0xff, 0xff, 0xff, 0xff,
    0xff, 0xf9, 0x3f, 0xff, 0xff, 0xff, 0xff, 0xff,
    0xff, 0xff, 0x90,

    /* U+0046 "F" */
    0x3f, 0xff, 0xff, 0xff, 0xff, 0xff, 0xff, 0xff,
    0x23, 0xff, 0xff, 0xff, 0xff, 0xff, 0xff, 0xff,
    0xf2, 0x3f, 0xff, 0xff, 0xff, 0xff, 0xff, 0xff,
    0xff, 0x23, 0xff, 0xfc, 0x33, 0x33, 0x33, 0x33,
    0x33, 0x30, 0x3f, 0xff, 0xb0, 0x0, 0x0, 0x0,
    0x0, 0x0, 0x3, 0xff, 0xfb, 0x0, 0x0, 0x0,
    0x0, 0x0, 0x0, 0x3f, 0xff, 0xb0, 0x0, 0x0,
    0x0, 0x0, 0x0, 0x3, 0xff, 0xfb, 0x0, 0x0,
    0x0, 0x0, 0x0, 0x0, 0x3f, 0xff, 0xb0, 0x0,
    0x0, 0x0, 0x0, 0x0, 0x3, 0xff, 0xfc, 0x44,
    0x44, 0x44, 0x44, 0x43, 0x0, 0x3f, 0xff, 0xff,
    0xff, 0xff, 0xff, 0xff, 0xd0, 0x3, 0xff, 0xff,
    0xff, 0xff, 0xff, 0xff, 0xfd, 0x0, 0x3f, 0xff,
    0xff, 0xff, 0xff, 0xff, 0xff, 0xd0, 0x3, 0xff,
    0xfb, 0x0, 0x0, 0x0, 0x0, 0x0, 0x0, 0x3f,
    0xff, 0xb0, 0x0, 0x0, 0x0, 0x0, 0x0, 0x3,
    0xff, 0xfb, 0x0, 0x0, 0x0, 0x0, 0x0, 0x0,
    0x3f, 0xff, 0xb0, 0x0, 0x0, 0x0, 0x0, 0x0,
    0x3, 0xff, 0xfb, 0x0, 0x0, 0x0, 0x0, 0x0,
    0x0, 0x3f, 0xff, 0xb0, 0x0, 0x0, 0x0, 0x0,
    0x0, 0x3, 0xff, 0xfb, 0x0, 0x0, 0x0, 0x0,
    0x0, 0x0, 0x3f, 0xff, 0xb0, 0x0, 0x0, 0x0,
    0x0, 0x0, 0x0,

    /* U+0047 "G" */
    0x0, 0x0, 0x0, 0x5, 0x9d, 0xef, 0xed, 0xb6,
    0x10, 0x0, 0x0, 0x0, 0x0, 0x7e, 0xff, 0xff,
    0xff, 0xff, 0xff, 0x91, 0x0, 0x0, 0x1, 0xcf,
    0xff, 0xff, 0xff, 0xff, 0xff, 0xff, 0xe3, 0x0,
    0x1, 0xdf, 0xff, 0xff, 0xb8, 0x66, 0x8c, 0xff,
    0xff, 0xd0, 0x0, 0xcf, 0xff, 0xf9, 0x10, 0x0,
    0x0, 0x3, 0xcf, 0xd1, 0x0, 0x6f, 0xff, 0xf5,
    0x0, 0x0, 0x0, 0x0, 0x0, 0x71, 0x0, 0xe,
    0xff, 0xf7, 0x0, 0x0, 0x0, 0x0, 0x0, 0x0,
    0x0, 0x3, 0xff, 0xfe, 0x0, 0x0, 0x0, 0x0,
    0x0, 0x0, 0x0, 0x0, 0x7f, 0xff, 0x80, 0x0,
    0x0, 0x0, 0x0, 0x0, 0x0, 0x0, 0x9, 0xff,
    0xf5, 0x0, 0x0, 0x0, 0x0, 0x0, 0x0, 0x0,
    0x0, 0xaf, 0xff, 0x40, 0x0, 0x0, 0x0, 0x0,
    0x0, 0x9b, 0xb9, 0x9, 0xff, 0xf5, 0x0, 0x0,
    0x0, 0x0, 0x0, 0xd, 0xff, 0xd0, 0x7f, 0xff,
    0x80, 0x0, 0x0, 0x0, 0x0, 0x0, 0xdf, 0xfd,
    0x3, 0xff, 0xfe, 0x0, 0x0, 0x0, 0x0, 0x0,
    0xd, 0xff, 0xd0, 0xe, 0xff, 0xf7, 0x0, 0x0,
    0x0, 0x0, 0x0, 0xdf, 0xfd, 0x0, 0x6f, 0xff,
    0xf5, 0x0, 0x0, 0x0, 0x0, 0xd, 0xff, 0xd0,
    0x0, 0xcf, 0xff, 0xf9, 0x10, 0x0, 0x0, 0x2,
    0xef, 0xfd, 0x0, 0x1, 0xdf, 0xff, 0xff, 0xb8,
    0x67, 0x8c, 0xff, 0xff, 0xd0, 0x0, 0x1, 0xcf,
    0xff, 0xff, 0xff, 0xff, 0xff, 0xff, 0xf8, 0x0,
    0x0, 0x0, 0x7e, 0xff, 0xff, 0xff, 0xff, 0xff,
    0xb3, 0x0, 0x0, 0x0, 0x0, 0x5, 0x9d, 0xef,
    0xed, 0xb7, 0x20, 0x0, 0x0,

    /* U+0048 "H" */
    0x3f, 0xff, 0xb0, 0x0, 0x0, 0x0, 0x0, 0x6,
    0xff, 0xf7, 0x3f, 0xff, 0xb0, 0x0, 0x0, 0x0,
    0x0, 0x6, 0xff, 0xf7, 0x3f, 0xff, 0xb0, 0x0,
    0x0, 0x0, 0x0, 0x6, 0xff, 0xf7, 0x3f, 0xff,
    0xb0, 0x0, 0x0, 0x0, 0x0, 0x6, 0xff, 0xf7,
    0x3f, 0xff, 0xb0, 0x0, 0x0, 0x0, 0x0, 0x6,
    0xff, 0xf7, 0x3f, 0xff, 0xb0, 0x0, 0x0, 0x0,
    0x0, 0x6, 0xff, 0xf7, 0x3f, 0xff, 0xb0, 0x0,
    0x0, 0x0, 0x0, 0x6, 0xff, 0xf7, 0x3f, 0xff,
    0xb0, 0x0, 0x0, 0x0, 0x0, 0x6, 0xff, 0xf7,
    0x3f, 0xff, 0xc4, 0x44, 0x44, 0x44, 0x44, 0x49,
    0xff, 0xf7, 0x3f, 0xff, 0xff, 0xff, 0xff, 0xff,
    0xff, 0xff, 0xff, 0xf7, 0x3f, 0xff, 0xff, 0xff,
    0xff, 0xff, 0xff, 0xff, 0xff, 0xf7, 0x3f, 0xff,
    0xff, 0xff, 0xff, 0xff, 0xff, 0xff, 0xff, 0xf7,
    0x3f, 0xff, 0xb0, 0x0, 0x0, 0x0, 0x0, 0x6,
    0xff, 0xf7, 0x3f, 0xff, 0xb0, 0x0, 0x0, 0x0,
    0x0, 0x6, 0xff, 0xf7, 0x3f, 0xff, 0xb0, 0x0,
    0x0, 0x0, 0x0, 0x6, 0xff, 0xf7, 0x3f, 0xff,
    0xb0, 0x0, 0x0, 0x0, 0x0, 0x6, 0xff, 0xf7,
    0x3f, 0xff, 0xb0, 0x0, 0x0, 0x0, 0x0, 0x6,
    0xff, 0xf7, 0x3f, 0xff, 0xb0, 0x0, 0x0, 0x0,
    0x0, 0x6, 0xff, 0xf7, 0x3f, 0xff, 0xb0, 0x0,
    0x0, 0x0, 0x0, 0x6, 0xff, 0xf7, 0x3f, 0xff,
    0xb0, 0x0, 0x0, 0x0, 0x0, 0x6, 0xff, 0xf7,
    0x3f, 0xff, 0xb0, 0x0, 0x0, 0x0, 0x0, 0x6,
    0xff, 0xf7,

    /* U+0049 "I" */
    0x3f, 0xff, 0xb3, 0xff, 0xfb, 0x3f, 0xff, 0xb3,
    0xff, 0xfb, 0x3f, 0xff, 0xb3, 0xff, 0xfb, 0x3f,
    0xff, 0xb3, 0xff, 0xfb, 0x3f, 0xff, 0xb3, 0xff,
    0xfb, 0x3f, 0xff, 0xb3, 0xff, 0xfb, 0x3f, 0xff,
    0xb3, 0xff, 0xfb, 0x3f, 0xff, 0xb3, 0xff, 0xfb,
    0x3f, 0xff, 0xb3, 0xff, 0xfb, 0x3f, 0xff, 0xb3,
    0xff, 0xfb, 0x3f, 0xff, 0xb0,

    /* U+004A "J" */
    0x0, 0x3f, 0xff, 0xff, 0xff, 0xff, 0xff, 0x20,
    0x3, 0xff, 0xff, 0xff, 0xff, 0xff, 0xf2, 0x0,
    0x3f, 0xff, 0xff, 0xff, 0xff, 0xff, 0x20, 0x0,
    0x33, 0x33, 0x33, 0x3c, 0xff, 0xf2, 0x0, 0x0,
    0x0, 0x0, 0x0, 0xbf, 0xff, 0x20, 0x0, 0x0,
    0x0, 0x0, 0xb, 0xff, 0xf2, 0x0, 0x0, 0x0,
    0x0, 0x0, 0xbf, 0xff, 0x20, 0x0, 0x0, 0x0,
    0x0, 0xb, 0xff, 0xf2, 0x0, 0x0, 0x0, 0x0,
    0x0, 0xbf, 0xff, 0x20, 0x0, 0x0, 0x0, 0x0,
    0xb, 0xff, 0xf2, 0x0, 0x0, 0x0, 0x0, 0x0,
    0xbf, 0xff, 0x20, 0x0, 0x0, 0x0, 0x0, 0xb,
    0xff, 0xf2, 0x0, 0x0, 0x0, 0x0, 0x0, 0xbf,
    0xff, 0x20, 0x0, 0x0, 0x0, 0x0, 0xb, 0xff,
    0xf2, 0x0, 0x0, 0x0, 0x0, 0x0, 0xcf, 0xff,
    0x10, 0x4, 0x10, 0x0, 0x0, 0xf, 0xff, 0xf0,
    0x2, 0xfc, 0x10, 0x0, 0x6, 0xff, 0xfd, 0x1,
    0xef, 0xfe, 0x85, 0x59, 0xff, 0xff, 0x70, 0x1d,
    0xff, 0xff, 0xff, 0xff, 0xff, 0xd0, 0x0, 0x1b,
    0xff, 0xff, 0xff, 0xff, 0xd2, 0x0, 0x0, 0x3,
    0x9d, 0xff, 0xeb, 0x60, 0x0, 0x0,

    /* U+004B "K" */
    0x3f, 0xff, 0xb0, 0x0, 0x0, 0x0, 0x0, 0x6f,
    0xff, 0xe1, 0x3, 0xff, 0xfb, 0x0, 0x0, 0x0,
    0x0, 0x5f, 0xff, 0xe2, 0x0, 0x3f, 0xff, 0xb0,
    0x0, 0x0, 0x0, 0x5f, 0xff, 0xf3, 0x0, 0x3,
    0xff, 0xfb, 0x0, 0x0, 0x0, 0x4f, 0xff, 0xf3,
    0x0, 0x0, 0x3f, 0xff, 0xb0, 0x0, 0x0, 0x4f,
    0xff, 0xf4, 0x0, 0x0, 0x3, 0xff, 0xfb, 0x0,
    0x0, 0x3f, 0xff, 0xf5, 0x0, 0x0, 0x0, 0x3f,
    0xff, 0xb0, 0x0, 0x3f, 0xff, 0xf6, 0x0, 0x0,
    0x0, 0x3, 0xff, 0xfb, 0x0, 0x3e, 0xff, 0xf6,
    0x0, 0x0, 0x0, 0x0, 0x3f, 0xff, 0xb0, 0x2e,
    0xff, 0xf7, 0x0, 0x0, 0x0, 0x0, 0x3, 0xff,
    0xfb, 0x2e, 0xff, 0xfd, 0x0, 0x0, 0x0, 0x0,
    0x0, 0x3f, 0xff, 0xde, 0xff, 0xff, 0xf8, 0x0,
    0x0, 0x0, 0x0, 0x3, 0xff, 0xff, 0xff, 0xff,
    0xff, 0xf5, 0x0, 0x0, 0x0, 0x0, 0x3f, 0xff,
    0xff, 0xfb, 0xbf, 0xff, 0xf3, 0x0, 0x0, 0x0,
    0x3, 0xff, 0xff, 0xfb, 0x0, 0xdf, 0xff, 0xe1,
    0x0, 0x0, 0x0, 0x3f, 0xff, 0xfc, 0x0, 0x1,
    0xef, 0xff, 0xc0, 0x0, 0x0, 0x3, 0xff, 0xfd,
    0x0, 0x0, 0x3, 0xff, 0xff, 0x90, 0x0, 0x0,
    0x3f, 0xff, 0xb0, 0x0, 0x0, 0x5, 0xff, 0xff,
    0x60, 0x0, 0x3, 0xff, 0xfb, 0x0, 0x0, 0x0,
    0x7, 0xff, 0xff, 0x30, 0x0, 0x3f, 0xff, 0xb0,
    0x0, 0x0, 0x0, 0xa, 0xff, 0xfe, 0x10, 0x3,
    0xff, 0xfb, 0x0, 0x0, 0x0, 0x0, 0xc, 0xff,
    0xfc, 0x0, 0x3f, 0xff, 0xb0, 0x0, 0x0, 0x0,
    0x0, 0x1e, 0xff, 0xf9, 0x0,

    /* U+004C "L" */
    0x3f, 0xff, 0xb0, 0x0, 0x0, 0x0, 0x0, 0x0,
    0x3f, 0xff, 0xb0, 0x0, 0x0, 0x0, 0x0, 0x0,
    0x3f, 0xff, 0xb0, 0x0, 0x0, 0x0, 0x0, 0x0,
    0x3f, 0xff, 0xb0, 0x0, 0x0, 0x0, 0x0, 0x0,
    0x3f, 0xff, 0xb0, 0x0, 0x0, 0x0, 0x0, 0x0,
    0x3f, 0xff, 0xb0, 0x0, 0x0, 0x0, 0x0, 0x0,
    0x3f, 0xff, 0xb0, 0x0, 0x0, 0x0, 0x0, 0x0,
    0x3f, 0xff, 0xb0, 0x0, 0x0, 0x0, 0x0, 0x0,
    0x3f, 0xff, 0xb0, 0x0, 0x0, 0x0, 0x0, 0x0,
    0x3f, 0xff, 0xb0, 0x0, 0x0, 0x0, 0x0, 0x0,
    0x3f, 0xff, 0xb0, 0x0, 0x0, 0x0, 0x0, 0x0,
    0x3f, 0xff, 0xb0, 0x0, 0x0, 0x0, 0x0, 0x0,
    0x3f, 0xff, 0xb0, 0x0, 0x0, 0x0, 0x0, 0x0,
    0x3f, 0xff, 0xb0, 0x0, 0x0, 0x0, 0x0, 0x0,
    0x3f, 0xff, 0xb0, 0x0, 0x0, 0x0, 0x0, 0x0,
    0x3f, 0xff, 0xb0, 0x0, 0x0, 0x0, 0x0, 0x0,
    0x3f, 0xff, 0xb0, 0x0, 0x0, 0x0, 0x0, 0x0,
    0x3f, 0xff, 0xc4, 0x44, 0x44, 0x44, 0x44, 0x42,
    0x3f, 0xff, 0xff, 0xff, 0xff, 0xff, 0xff, 0xfb,
    0x3f, 0xff, 0xff, 0xff, 0xff, 0xff, 0xff, 0xfb,
    0x3f, 0xff, 0xff, 0xff, 0xff, 0xff, 0xff, 0xfb,

    /* U+004D "M" */
    0x3f, 0xff, 0x50, 0x0, 0x0, 0x0, 0x0, 0x0,
    0x0, 0x0, 0xbf, 0xfc, 0x3f, 0xff, 0xe0, 0x0,
    0x0, 0x0, 0x0, 0x0, 0x0, 0x5, 0xff, 0xfc,
    0x3f, 0xff, 0xf8, 0x0, 0x0, 0x0, 0x0, 0x0,
    0x0, 0xe, 0xff, 0xfc, 0x3f, 0xff, 0xff, 0x20,
    0x0, 0x0, 0x0, 0x0, 0x0, 0x8f, 0xff, 0xfc,
    0x3f, 0xff, 0xff, 0xb0, 0x0, 0x0, 0x0, 0x0,
    0x2, 0xff, 0xff, 0xfc, 0x3f, 0xff, 0xff, 0xf5,
    0x0, 0x0, 0x0, 0x0, 0xa, 0xff, 0xff, 0xfc,
    0x3f, 0xff, 0xff, 0xfe, 0x0, 0x0, 0x0, 0x0,
    0x4f, 0xff, 0xff, 0xfc, 0x3f, 0xff, 0xdf, 0xff,
    0x80, 0x0, 0x0, 0x0, 0xdf, 0xfd, 0xef, 0xfc,
    0x3f, 0xff, 0x8b, 0xff, 0xf2, 0x0, 0x0, 0x7,
    0xff, 0xf3, 0xef, 0xfc, 0x3f, 0xff, 0x82, 0xff,
    0xfb, 0x0, 0x0, 0x1f, 0xff, 0xa0, 0xef, 0xfc,
    0x3f, 0xff, 0x80, 0x7f, 0xff, 0x50, 0x0, 0xaf,
    0xff, 0x10, 0xef, 0xfc, 0x3f, 0xff, 0x80, 0xd,
    0xff, 0xe0, 0x3, 0xff, 0xf7, 0x0, 0xef, 0xfc,
    0x3f, 0xff, 0x80, 0x4, 0xff, 0xf8, 0xc, 0xff,
    0xd0, 0x0, 0xef, 0xfc, 0x3f, 0xff, 0x80, 0x0,
    0xaf, 0xff, 0x8f, 0xff, 0x30, 0x0, 0xef, 0xfc,
    0x3f, 0xff, 0x80, 0x0, 0x1f, 0xff, 0xff, 0xfa,
    0x0, 0x0, 0xef, 0xfc, 0x3f, 0xff, 0x80, 0x0,
    0x7, 0xff, 0xff, 0xf1, 0x0, 0x0, 0xef, 0xfc,
    0x3f, 0xff, 0x80, 0x0, 0x0, 0xdf, 0xff, 0x70,
    0x0, 0x0, 0xef, 0xfc, 0x3f, 0xff, 0x80, 0x0,
    0x0, 0x3f, 0xfd, 0x0, 0x0, 0x0, 0xef, 0xfc,
    0x3f, 0xff, 0x80, 0x0, 0x0, 0x7, 0x93, 0x0,
    0x0, 0x0, 0xef, 0xfc, 0x3f, 0xff, 0x80, 0x0,
    0x0, 0x0, 0x0, 0x0, 0x0, 0x0, 0xef, 0xfc,
    0x3f, 0xff, 0x80, 0x0, 0x0, 0x0, 0x0, 0x0,
    0x0, 0x0, 0xef, 0xfc,

    /* U+004E "N" */
    0x3f, 0xff, 0x70, 0x0, 0x0, 0x0, 0x0, 0x6,
    0xff, 0xf7, 0x3f, 0xff, 0xf4, 0x0, 0x0, 0x0,
    0x0, 0x6, 0xff, 0xf7, 0x3f, 0xff, 0xfe, 0x20,
    0x0, 0x0, 0x0, 0x6, 0xff, 0xf7, 0x3f, 0xff,
    0xff, 0xd0, 0x0, 0x0, 0x0, 0x6, 0xff, 0xf7,
    0x3f, 0xff, 0xff, 0xfa, 0x0, 0x0, 0x0, 0x6,
    0xff, 0xf7, 0x3f, 0xff, 0xff, 0xff, 0x80, 0x0,
    0x0, 0x6, 0xff, 0xf7, 0x3f, 0xff, 0xff, 0xff,
    0xf5, 0x0, 0x0, 0x6, 0xff, 0xf7, 0x3f, 0xff,
    0xbb, 0xff, 0xff, 0x20, 0x0, 0x6, 0xff, 0xf7,
    0x3f, 0xff, 0xb1, 0xdf, 0xff, 0xd1, 0x0, 0x6,
    0xff, 0xf7, 0x3f, 0xff, 0xb0, 0x2f, 0xff, 0xfb,
    0x0, 0x6, 0xff, 0xf7, 0x3f, 0xff, 0xb0, 0x4,
    0xff, 0xff, 0x90, 0x6, 0xff, 0xf7, 0x3f, 0xff,
    0xb0, 0x0, 0x7f, 0xff, 0xf6, 0x6, 0xff, 0xf7,
    0x3f, 0xff, 0xb0, 0x0, 0xa, 0xff, 0xff, 0x36,
    0xff, 0xf7, 0x3f, 0xff, 0xb0, 0x0, 0x0, 0xcf,
    0xff, 0xe8, 0xff, 0xf7, 0x3f, 0xff, 0xb0, 0x0,
    0x0, 0x1e, 0xff, 0xff, 0xff, 0xf7, 0x3f, 0xff,
    0xb0, 0x0, 0x0, 0x3, 0xff, 0xff, 0xff, 0xf7,
    0x3f, 0xff, 0xb0, 0x0, 0x0, 0x0, 0x6f, 0xff,
    0xff, 0xf7, 0x3f, 0xff, 0xb0, 0x0, 0x0, 0x0,
    0x9, 0xff, 0xff, 0xf7, 0x3f, 0xff, 0xb0, 0x0,
    0x0, 0x0, 0x0, 0xcf, 0xff, 0xf7, 0x3f, 0xff,
    0xb0, 0x0, 0x0, 0x0, 0x0, 0x1e, 0xff, 0xf7,
    0x3f, 0xff, 0xb0, 0x0, 0x0, 0x0, 0x0, 0x2,
    0xff, 0xf7,

    /* U+004F "O" */
    0x0, 0x0, 0x0, 0x5, 0x9d, 0xef, 0xed, 0xa6,
    0x10, 0x0, 0x0, 0x0, 0x0, 0x0, 0x6e, 0xff,
    0xff, 0xff, 0xff, 0xff, 0x81, 0x0, 0x0, 0x0,
    0x1, 0xbf, 0xff, 0xff, 0xff, 0xff, 0xff, 0xff,
    0xe3, 0x0, 0x0, 0x1, 0xdf, 0xff, 0xff, 0xa8,
    0x67, 0x9e, 0xff, 0xff, 0xf3, 0x0, 0x0, 0xcf,
    0xff, 0xf8, 0x0, 0x0, 0x0, 0x5, 0xff, 0xff,
    0xe1, 0x0, 0x6f, 0xff, 0xf4, 0x0, 0x0, 0x0,
    0x0, 0x2, 0xef, 0xff, 0xa0, 0xe, 0xff, 0xf7,
    0x0, 0x0, 0x0, 0x0, 0x0, 0x3, 0xff, 0xff,
    0x23, 0xff, 0xfe, 0x0, 0x0, 0x0, 0x0, 0x0,
    0x0, 0xa, 0xff, 0xf7, 0x7f, 0xff, 0x80, 0x0,
    0x0, 0x0, 0x0, 0x0, 0x0, 0x4f, 0xff, 0xb9,
    0xff, 0xf5, 0x0, 0x0, 0x0, 0x0, 0x0, 0x0,
    0x1, 0xff, 0xfd, 0xaf, 0xff, 0x40, 0x0, 0x0,
    0x0, 0x0, 0x0, 0x0, 0xf, 0xff, 0xe9, 0xff,
    0xf5, 0x0, 0x0, 0x0, 0x0, 0x0, 0x0, 0x1,
    0xff, 0xfd, 0x7f, 0xff, 0x80, 0x0, 0x0, 0x0,
    0x0, 0x0, 0x0, 0x4f, 0xff, 0xb3, 0xff, 0xfe,
    0x0, 0x0, 0x0, 0x0, 0x0, 0x0, 0xa, 0xff,
    0xf7, 0xe, 0xff, 0xf7, 0x0, 0x0, 0x0, 0x0,
    0x0, 0x3, 0xff, 0xff, 0x20, 0x6f, 0xff, 0xf4,
    0x0, 0x0, 0x0, 0x0, 0x2, 0xef, 0xff, 0xa0,
    0x0, 0xcf, 0xff, 0xf8, 0x0, 0x0, 0x0, 0x5,
    0xff, 0xff, 0xe1, 0x0, 0x1, 0xdf, 0xff, 0xff,
    0xa8, 0x67, 0x9e, 0xff, 0xff, 0xf3, 0x0, 0x0,
    0x1, 0xbf, 0xff, 0xff, 0xff, 0xff, 0xff, 0xff,
    0xe3, 0x0, 0x0, 0x0, 0x0, 0x6e, 0xff, 0xff,
    0xff, 0xff, 0xff, 0x81, 0x0, 0x0, 0x0, 0x0,
    0x0, 0x5, 0x9d, 0xef, 0xed, 0xa6, 0x10, 0x0,
    0x0, 0x0,

    /* U+0050 "P" */
    0x3f, 0xff, 0xff, 0xff, 0xff, 0xed, 0xa5, 0x0,
    0x0, 0x3, 0xff, 0xff, 0xff, 0xff, 0xff, 0xff,
    0xfe, 0x40, 0x0, 0x3f, 0xff, 0xff, 0xff, 0xff,
    0xff, 0xff, 0xff, 0x60, 0x3, 0xff, 0xfc, 0x44,
    0x44, 0x45, 0x8e, 0xff, 0xff, 0x40, 0x3f, 0xff,
    0xb0, 0x0, 0x0, 0x0, 0xb, 0xff, 0xfd, 0x3,
    0xff, 0xfb, 0x0, 0x0, 0x0, 0x0, 0xe, 0xff,
    0xf2, 0x3f, 0xff, 0xb0, 0x0, 0x0, 0x0, 0x0,
    0xaf, 0xff, 0x53, 0xff, 0xfb, 0x0, 0x0, 0x0,
    0x0, 0x8, 0xff, 0xf6, 0x3f, 0xff, 0xb0, 0x0,
    0x0, 0x0, 0x0, 0xaf, 0xff, 0x53, 0xff, 0xfb,
    0x0, 0x0, 0x0, 0x0, 0xe, 0xff, 0xf2, 0x3f,
    0xff, 0xb0, 0x0, 0x0, 0x0, 0xb, 0xff, 0xfd,
    0x3, 0xff, 0xfc, 0x44, 0x44, 0x45, 0x8e, 0xff,
    0xff, 0x40, 0x3f, 0xff, 0xff, 0xff, 0xff, 0xff,
    0xff, 0xff, 0x60, 0x3, 0xff, 0xff, 0xff, 0xff,
    0xff, 0xff, 0xfe, 0x40, 0x0, 0x3f, 0xff, 0xff,
    0xff, 0xff, 0xed, 0xa5, 0x0, 0x0, 0x3, 0xff,
    0xfb, 0x0, 0x0, 0x0, 0x0, 0x0, 0x0, 0x0,
    0x3f, 0xff, 0xb0, 0x0, 0x0, 0x0, 0x0, 0x0,
    0x0, 0x3, 0xff, 0xfb, 0x0, 0x0, 0x0, 0x0,
    0x0, 0x0, 0x0, 0x3f, 0xff, 0xb0, 0x0, 0x0,
    0x0, 0x0, 0x0, 0x0, 0x3, 0xff, 0xfb, 0x0,
    0x0, 0x0, 0x0, 0x0, 0x0, 0x0, 0x3f, 0xff,
    0xb0, 0x0, 0x0, 0x0, 0x0, 0x0, 0x0, 0x0,

    /* U+0051 "Q" */
    0x0, 0x0, 0x0, 0x4, 0x9c, 0xef, 0xed, 0xa5,
    0x10, 0x0, 0x0, 0x0, 0x0, 0x0, 0x5, 0xdf,
    0xff, 0xff, 0xff, 0xff, 0xf8, 0x0, 0x0, 0x0,
    0x0, 0x0, 0xaf, 0xff, 0xff, 0xff, 0xff, 0xff,
    0xff, 0xd2, 0x0, 0x0, 0x0, 0xc, 0xff, 0xff,
    0xfa, 0x86, 0x79, 0xef, 0xff, 0xfe, 0x20, 0x0,
    0x0, 0xaf, 0xff, 0xf9, 0x10, 0x0, 0x0, 0x6,
    0xff, 0xff, 0xd1, 0x0, 0x4, 0xff, 0xff, 0x50,
    0x0, 0x0, 0x0, 0x0, 0x2e, 0xff, 0xf8, 0x0,
    0xc, 0xff, 0xf8, 0x0, 0x0, 0x0, 0x0, 0x0,
    0x4, 0xff, 0xff, 0x10, 0x2f, 0xff, 0xf0, 0x0,
    0x0, 0x0, 0x0, 0x0, 0x0, 0xbf, 0xff, 0x60,
    0x6f, 0xff, 0x90, 0x0, 0x0, 0x0, 0x0, 0x0,
    0x0, 0x5f, 0xff, 0xa0, 0x9f, 0xff, 0x60, 0x0,
    0x0, 0x0, 0x0, 0x0, 0x0, 0x2f, 0xff, 0xd0,
    0xaf, 0xff, 0x40, 0x0, 0x0, 0x0, 0x0, 0x0,
    0x0, 0xf, 0xff, 0xe0, 0xaf, 0xff, 0x50, 0x0,
    0x0, 0x0, 0x0, 0x0, 0x0, 0x1f, 0xff, 0xd0,
    0x8f, 0xff, 0x70, 0x0, 0x0, 0x0, 0x0, 0x0,
    0x0, 0x3f, 0xff, 0xc0, 0x5f, 0xff, 0xc0, 0x0,
    0x0, 0x0, 0x0, 0x0, 0x0, 0x7f, 0xff, 0x90,
    0x1f, 0xff, 0xf2, 0x0, 0x0, 0x0, 0x0, 0x0,
    0x0, 0xef, 0xff, 0x40, 0xa, 0xff, 0xfd, 0x0,
    0x0, 0x0, 0x0, 0x0, 0x9, 0xff, 0xfe, 0x0,
    0x2, 0xff, 0xff, 0xb1, 0x0, 0x0, 0x0, 0x0,
    0x8f, 0xff, 0xf5, 0x0, 0x0, 0x5f, 0xff, 0xfe,
    0x71, 0x0, 0x0, 0x5c, 0xff, 0xff, 0xa0, 0x0,
    0x0, 0x7, 0xff, 0xff, 0xff, 0xec, 0xdf, 0xff,
    0xff, 0xfb, 0x0, 0x0, 0x0, 0x0, 0x4f, 0xff,
    0xff, 0xff, 0xff, 0xff, 0xff, 0x80, 0x0, 0x0,
    0x0, 0x0, 0x1, 0x8e, 0xff, 0xff, 0xff, 0xff,
    0xa3, 0x0, 0x0, 0x0, 0x0, 0x0, 0x0, 0x0,
    0x37, 0xbf, 0xff, 0xf7, 0x0, 0x0, 0x2, 0x40,
    0x0, 0x0, 0x0, 0x0, 0x0, 0xa, 0xff, 0xff,
    0x92, 0x1, 0x7e, 0xf3, 0x0, 0x0, 0x0, 0x0,
    0x0, 0x0, 0x8f, 0xff, 0xff, 0xff, 0xff, 0xfb,
    0x0, 0x0, 0x0, 0x0, 0x0, 0x0, 0x5, 0xef,
    0xff, 0xff, 0xff, 0xc1, 0x0, 0x0, 0x0, 0x0,
    0x0, 0x0, 0x0, 0x6, 0xbd, 0xed, 0xa5, 0x0,

    /* U+0052 "R" */
    0x3f, 0xff, 0xff, 0xff, 0xff, 0xed, 0xa5, 0x0,
    0x0, 0x3, 0xff, 0xff, 0xff, 0xff, 0xff, 0xff,
    0xfe, 0x50, 0x0, 0x3f, 0xff, 0xff, 0xff, 0xff,
    0xff, 0xff, 0xff, 0x70, 0x3, 0xff, 0xfc, 0x44,
    0x44, 0x45, 0x8e, 0xff, 0xff, 0x40, 0x3f, 0xff,
    0xb0, 0x0, 0x0, 0x0, 0xb, 0xff, 0xfc, 0x3,
    0xff, 0xfb, 0x0, 0x0, 0x0, 0x0, 0x1e, 0xff,
    0xf2, 0x3f, 0xff, 0xb0, 0x0, 0x0, 0x0, 0x0,
    0xaf, 0xff, 0x43, 0xff, 0xfb, 0x0, 0x0, 0x0,
    0x0, 0x8, 0xff, 0xf6, 0x3f, 0xff, 0xb0, 0x0,
    0x0, 0x0, 0x0, 0xaf, 0xff, 0x53, 0xff, 0xfb,
    0x0, 0x0, 0x0, 0x0, 0xe, 0xff, 0xf2, 0x3f,
    0xff, 0xb0, 0x0, 0x0, 0x0, 0xa, 0xff, 0xfd,
    0x3, 0xff, 0xfc, 0x22, 0x22, 0x24, 0x7d, 0xff,
    0xff, 0x50, 0x3f, 0xff, 0xff, 0xff, 0xff, 0xff,
    0xff, 0xff, 0x70, 0x3, 0xff, 0xff, 0xff, 0xff,
    0xff, 0xff, 0xfe, 0x50, 0x0, 0x3f, 0xff, 0xff,
    0xff, 0xff, 0xff, 0xff, 0x30, 0x0, 0x3, 0xff,
    0xfb, 0x0, 0x0, 0x5, 0xff, 0xfc, 0x0, 0x0,
    0x3f, 0xff, 0xb0, 0x0, 0x0, 0xa, 0xff, 0xf8,
    0x0, 0x3, 0xff, 0xfb, 0x0, 0x0, 0x0, 0xe,
    0xff, 0xf4, 0x0, 0x3f, 0xff, 0xb0, 0x0, 0x0,
    0x0, 0x3f, 0xff, 0xe1, 0x3, 0xff, 0xfb, 0x0,
    0x0, 0x0, 0x0, 0x8f, 0xff, 0xa0, 0x3f, 0xff,
    0xb0, 0x0, 0x0, 0x0, 0x0, 0xcf, 0xff, 0x60,

    /* U+0053 "S" */
    0x0, 0x0, 0x48, 0xce, 0xff, 0xeb, 0x83, 0x0,
    0x0, 0x2, 0xcf, 0xff, 0xff, 0xff, 0xff, 0xfe,
    0x60, 0x2, 0xef, 0xff, 0xff, 0xff, 0xff, 0xff,
    0xfa, 0x0, 0xcf, 0xff, 0xe8, 0x43, 0x35, 0x8d,
    0xff, 0x40, 0x3f, 0xff, 0xe1, 0x0, 0x0, 0x0,
    0x3, 0x90, 0x6, 0xff, 0xf7, 0x0, 0x0, 0x0,
    0x0, 0x0, 0x0, 0x7f, 0xff, 0x70, 0x0, 0x0,
    0x0, 0x0, 0x0, 0x4, 0xff, 0xff, 0x40, 0x0,
    0x0, 0x0, 0x0, 0x0, 0xe, 0xff, 0xff, 0xc7,
    0x30, 0x0, 0x0, 0x0, 0x0, 0x3f, 0xff, 0xff,
    0xff, 0xfb, 0x72, 0x0, 0x0, 0x0, 0x2a, 0xff,
    0xff, 0xff, 0xff, 0xfc, 0x30, 0x0, 0x0, 0x1,
    0x7b, 0xff, 0xff, 0xff, 0xff, 0x60, 0x0, 0x0,
    0x0, 0x0, 0x37, 0xcf, 0xff, 0xff, 0x30, 0x0,
    0x0, 0x0, 0x0, 0x0, 0x2d, 0xff, 0xf9, 0x0,
    0x0, 0x0, 0x0, 0x0, 0x0, 0x2f, 0xff, 0xc0,
    0x30, 0x0, 0x0, 0x0, 0x0, 0x1, 0xff, 0xfb,
    0x1f, 0xb3, 0x0, 0x0, 0x0, 0x0, 0x8f, 0xff,
    0x87, 0xff, 0xfd, 0x95, 0x43, 0x46, 0xcf, 0xff,
    0xf2, 0xbf, 0xff, 0xff, 0xff, 0xff, 0xff, 0xff,
    0xf6, 0x0, 0x6d, 0xff, 0xff, 0xff, 0xff, 0xff,
    0xe5, 0x0, 0x0, 0x4, 0x8b, 0xdf, 0xfe, 0xda,
    0x50, 0x0, 0x0,

    /* U+0054 "T" */
    0xef, 0xff, 0xff, 0xff, 0xff, 0xff, 0xff, 0xff,
    0xff, 0xef, 0xff, 0xff, 0xff, 0xff, 0xff, 0xff,
    0xff, 0xff, 0xef, 0xff, 0xff, 0xff, 0xff, 0xff,
    0xff, 0xff, 0xff, 0x34, 0x44, 0x44, 0x4f, 0xff,
    0xf4, 0x44, 0x44, 0x43, 0x0, 0x0, 0x0, 0xe,
    0xff, 0xf0, 0x0, 0x0, 0x0, 0x0, 0x0, 0x0,
    0xe, 0xff, 0xf0, 0x0, 0x0, 0x0, 0x0, 0x0,
    0x0, 0xe, 0xff, 0xf0, 0x0, 0x0, 0x0, 0x0,
    0x0, 0x0, 0xe, 0xff, 0xf0, 0x0, 0x0, 0x0,
    0x0, 0x0, 0x0, 0xe, 0xff, 0xf0, 0x0, 0x0,
    0x0, 0x0, 0x0, 0x0, 0xe, 0xff, 0xf0, 0x0,
    0x0, 0x0, 0x0, 0x0, 0x0, 0xe, 0xff, 0xf0,
    0x0, 0x0, 0x0, 0x0, 0x0, 0x0, 0xe, 0xff,
    0xf0, 0x0, 0x0, 0x0, 0x0, 0x0, 0x0, 0xe,
    0xff, 0xf0, 0x0, 0x0, 0x0, 0x0, 0x0, 0x0,
    0xe, 0xff, 0xf0, 0x0, 0x0, 0x0, 0x0, 0x0,
    0x0, 0xe, 0xff, 0xf0, 0x0, 0x0, 0x0, 0x0,
    0x0, 0x0, 0xe, 0xff, 0xf0, 0x0, 0x0, 0x0,
    0x0, 0x0, 0x0, 0xe, 0xff, 0xf0, 0x0, 0x0,
    0x0, 0x0, 0x0, 0x0, 0xe, 0xff, 0xf0, 0x0,
    0x0, 0x0, 0x0, 0x0, 0x0, 0xe, 0xff, 0xf0,
    0x0, 0x0, 0x0, 0x0, 0x0, 0x0, 0xe, 0xff,
    0xf0, 0x0, 0x0, 0x0, 0x0, 0x0, 0x0, 0xe,
    0xff, 0xf0, 0x0, 0x0, 0x0,

    /* U+0055 "U" */
    0x5f, 0xff, 0x80, 0x0, 0x0, 0x0, 0x0, 0xd,
    0xff, 0xf0, 0x5f, 0xff, 0x80, 0x0, 0x0, 0x0,
    0x0, 0xd, 0xff, 0xf0, 0x5f, 0xff, 0x80, 0x0,
    0x0, 0x0, 0x0, 0xd, 0xff, 0xf0, 0x5f, 0xff,
    0x80, 0x0, 0x0, 0x0, 0x0, 0xd, 0xff, 0xf0,
    0x5f, 0xff, 0x80, 0x0, 0x0, 0x0, 0x0, 0xd,
    0xff, 0xf0, 0x5f, 0xff, 0x80, 0x0, 0x0, 0x0,
    0x0, 0xd, 0xff, 0xf0, 0x5f, 0xff, 0x80, 0x0,
    0x0, 0x0, 0x0, 0xd, 0xff, 0xf0, 0x5f, 0xff,
    0x80, 0x0, 0x0, 0x0, 0x0, 0xd, 0xff, 0xf0,
    0x5f, 0xff, 0x80, 0x0, 0x0, 0x0, 0x0, 0xd,
    0xff, 0xf0, 0x5f, 0xff, 0x80, 0x0, 0x0, 0x0,
    0x0, 0xd, 0xff, 0xf0, 0x5f, 0xff, 0x80, 0x0,
    0x0, 0x0, 0x0, 0xd, 0xff, 0xf0, 0x5f, 0xff,
    0x80, 0x0, 0x0, 0x0, 0x0, 0xd, 0xff, 0xf0,
    0x4f, 0xff, 0x90, 0x0, 0x0, 0x0, 0x0, 0xd,
    0xff, 0xf0, 0x3f, 0xff, 0xb0, 0x0, 0x0, 0x0,
    0x0, 0xf, 0xff, 0xe0, 0xf, 0xff, 0xf0, 0x0,
    0x0, 0x0, 0x0, 0x4f, 0xff, 0xb0, 0xc, 0xff,
    0xf7, 0x0, 0x0, 0x0, 0x0, 0xbf, 0xff, 0x70,
    0x5, 0xff, 0xff, 0x50, 0x0, 0x0, 0x9, 0xff,
    0xff, 0x10, 0x0, 0xcf, 0xff, 0xfc, 0x86, 0x69,
    0xef, 0xff, 0xf7, 0x0, 0x0, 0x1d, 0xff, 0xff,
    0xff, 0xff, 0xff, 0xff, 0xa0, 0x0, 0x0, 0x1,
    0xaf, 0xff, 0xff, 0xff, 0xff, 0xf7, 0x0, 0x0,
    0x0, 0x0, 0x2, 0x8c, 0xef, 0xfe, 0xb6, 0x10,
    0x0, 0x0,

    /* U+0056 "V" */
    0xe, 0xff, 0xf4, 0x0, 0x0, 0x0, 0x0, 0x0,
    0x0, 0x1f, 0xff, 0xc0, 0x8, 0xff, 0xfb, 0x0,
    0x0, 0x0, 0x0, 0x0, 0x0, 0x8f, 0xff, 0x50,
    0x1, 0xff, 0xff, 0x20, 0x0, 0x0, 0x0, 0x0,
    0x0, 0xef, 0xfe, 0x0, 0x0, 0xaf, 0xff, 0x90,
    0x0, 0x0, 0x0, 0x0, 0x6, 0xff, 0xf7, 0x0,
    0x0, 0x3f, 0xff, 0xf1, 0x0, 0x0, 0x0, 0x0,
    0xd, 0xff, 0xf1, 0x0, 0x0, 0xc, 0xff, 0xf7,
    0x0, 0x0, 0x0, 0x0, 0x4f, 0xff, 0x90, 0x0,
    0x0, 0x5, 0xff, 0xfd, 0x0, 0x0, 0x0, 0x0,
    0xbf, 0xff, 0x20, 0x0, 0x0, 0x0, 0xdf, 0xff,
    0x50, 0x0, 0x0, 0x2, 0xff, 0xfc, 0x0, 0x0,
    0x0, 0x0, 0x7f, 0xff, 0xb0, 0x0, 0x0, 0x9,
    0xff, 0xf5, 0x0, 0x0, 0x0, 0x0, 0xf, 0xff,
    0xf2, 0x0, 0x0, 0x1f, 0xff, 0xd0, 0x0, 0x0,
    0x0, 0x0, 0x9, 0xff, 0xf9, 0x0, 0x0, 0x7f,
    0xff, 0x70, 0x0, 0x0, 0x0, 0x0, 0x2, 0xff,
    0xff, 0x10, 0x0, 0xef, 0xff, 0x0, 0x0, 0x0,
    0x0, 0x0, 0x0, 0xbf, 0xff, 0x70, 0x5, 0xff,
    0xf9, 0x0, 0x0, 0x0, 0x0, 0x0, 0x0, 0x4f,
    0xff, 0xe0, 0xc, 0xff, 0xf2, 0x0, 0x0, 0x0,
    0x0, 0x0, 0x0, 0xc, 0xff, 0xf5, 0x3f, 0xff,
    0xb0, 0x0, 0x0, 0x0, 0x0, 0x0, 0x0, 0x6,
    0xff, 0xfc, 0xaf, 0xff, 0x40, 0x0, 0x0, 0x0,
    0x0, 0x0, 0x0, 0x0, 0xef, 0xff, 0xff, 0xfd,
    0x0, 0x0, 0x0, 0x0, 0x0, 0x0, 0x0, 0x0,
    0x8f, 0xff, 0xff, 0xf6, 0x0, 0x0, 0x0, 0x0,
    0x0, 0x0, 0x0, 0x0, 0x1f, 0xff, 0xff, 0xe0,
    0x0, 0x0, 0x0, 0x0, 0x0, 0x0, 0x0, 0x0,
    0xa, 0xff, 0xff, 0x80, 0x0, 0x0, 0x0, 0x0,
    0x0, 0x0, 0x0, 0x0, 0x3, 0xff, 0xff, 0x10,
    0x0, 0x0, 0x0, 0x0,

    /* U+0057 "W" */
    0xf, 0xff, 0xf0, 0x0, 0x0, 0x0, 0x0, 0xa,
    0xff, 0xf4, 0x0, 0x0, 0x0, 0x0, 0x5, 0xff,
    0xf5, 0xb, 0xff, 0xf5, 0x0, 0x0, 0x0, 0x0,
    0xf, 0xff, 0xf9, 0x0, 0x0, 0x0, 0x0, 0xb,
    0xff, 0xf0, 0x5, 0xff, 0xfa, 0x0, 0x0, 0x0,
    0x0, 0x5f, 0xff, 0xfe, 0x0, 0x0, 0x0, 0x0,
    0x1f, 0xff, 0xa0, 0x0, 0xff, 0xff, 0x0, 0x0,
    0x0, 0x0, 0xaf, 0xff, 0xff, 0x40, 0x0, 0x0,
    0x0, 0x6f, 0xff, 0x50, 0x0, 0xbf, 0xff, 0x50,
    0x0, 0x0, 0x0, 0xff, 0xff, 0xff, 0x90, 0x0,
    0x0, 0x0, 0xbf, 0xff, 0x0, 0x0, 0x5f, 0xff,
    0xa0, 0x0, 0x0, 0x5, 0xff, 0xfe, 0xff, 0xe0,
    0x0, 0x0, 0x1, 0xff, 0xfb, 0x0, 0x0, 0xf,
    0xff, 0xf0, 0x0, 0x0, 0xb, 0xff, 0xd7, 0xff,
    0xf4, 0x0, 0x0, 0x6, 0xff, 0xf5, 0x0, 0x0,
    0xb, 0xff, 0xf4, 0x0, 0x0, 0x1f, 0xff, 0x81,
    0xff, 0xf9, 0x0, 0x0, 0xb, 0xff, 0xf0, 0x0,
    0x0, 0x6, 0xff, 0xfa, 0x0, 0x0, 0x6f, 0xff,
    0x30, 0xcf, 0xfe, 0x0, 0x0, 0x1f, 0xff, 0xb0,
    0x0, 0x0, 0x1, 0xff, 0xff, 0x0, 0x0, 0xbf,
    0xfd, 0x0, 0x7f, 0xff, 0x40, 0x0, 0x6f, 0xff,
    0x50, 0x0, 0x0, 0x0, 0xbf, 0xff, 0x40, 0x1,
    0xff, 0xf8, 0x0, 0x1f, 0xff, 0x90, 0x0, 0xbf,
    0xff, 0x0, 0x0, 0x0, 0x0, 0x6f, 0xff, 0x90,
    0x6, 0xff, 0xf2, 0x0, 0xc, 0xff, 0xe0, 0x1,
    0xff, 0xfb, 0x0, 0x0, 0x0, 0x0, 0x1f, 0xff,
    0xe0, 0xb, 0xff, 0xd0, 0x0, 0x7, 0xff, 0xf3,
    0x6, 0xff, 0xf5, 0x0, 0x0, 0x0, 0x0, 0xb,
    0xff, 0xf4, 0x1f, 0xff, 0x70, 0x0, 0x1, 0xff,
    0xf9, 0xb, 0xff, 0xf0, 0x0, 0x0, 0x0, 0x0,
    0x6, 0xff, 0xf9, 0x6f, 0xff, 0x20, 0x0, 0x0,
    0xcf, 0xfe, 0x1f, 0xff, 0xb0, 0x0, 0x0, 0x0,
    0x0, 0x1, 0xff, 0xfe, 0xcf, 0xfc, 0x0, 0x0,
    0x0, 0x6f, 0xff, 0xaf, 0xff, 0x50, 0x0, 0x0,
    0x0, 0x0, 0x0, 0xbf, 0xff, 0xff, 0xf7, 0x0,
    0x0, 0x0, 0x1f, 0xff, 0xff, 0xff, 0x0, 0x0,
    0x0, 0x0, 0x0, 0x0, 0x6f, 0xff, 0xff, 0xf2,
    0x0, 0x0, 0x0, 0xc, 0xff, 0xff, 0xfb, 0x0,
    0x0, 0x0, 0x0, 0x0, 0x0, 0x1f, 0xff, 0xff,
    0xc0, 0x0, 0x0, 0x0, 0x6, 0xff, 0xff, 0xf5,
    0x0, 0x0, 0x0, 0x0, 0x0, 0x0, 0xb, 0xff,
    0xff, 0x70, 0x0, 0x0, 0x0, 0x1, 0xff, 0xff,
    0xf1, 0x0, 0x0, 0x0, 0x0, 0x0, 0x0, 0x6,
    0xff, 0xff, 0x10, 0x0, 0x0, 0x0, 0x0, 0xcf,
    0xff, 0xb0, 0x0, 0x0, 0x0,

    /* U+0058 "X" */
    0x1e, 0xff, 0xf7, 0x0, 0x0, 0x0, 0x0, 0x9,
    0xff, 0xfa, 0x0, 0x3f, 0xff, 0xf3, 0x0, 0x0,
    0x0, 0x4, 0xff, 0xfd, 0x0, 0x0, 0x8f, 0xff,
    0xd0, 0x0, 0x0, 0x1, 0xef, 0xff, 0x30, 0x0,
    0x0, 0xcf, 0xff, 0x90, 0x0, 0x0, 0xbf, 0xff,
    0x70, 0x0, 0x0, 0x2, 0xff, 0xff, 0x50, 0x0,
    0x6f, 0xff, 0xb0, 0x0, 0x0, 0x0, 0x5, 0xff,
    0xff, 0x20, 0x2f, 0xff, 0xe1, 0x0, 0x0, 0x0,
    0x0, 0xa, 0xff, 0xfc, 0xd, 0xff, 0xf4, 0x0,
    0x0, 0x0, 0x0, 0x0, 0xd, 0xff, 0xfd, 0xff,
    0xf9, 0x0, 0x0, 0x0, 0x0, 0x0, 0x0, 0x3f,
    0xff, 0xff, 0xfd, 0x0, 0x0, 0x0, 0x0, 0x0,
    0x0, 0x0, 0x7f, 0xff, 0xff, 0x20, 0x0, 0x0,
    0x0, 0x0, 0x0, 0x0, 0x2, 0xff, 0xff, 0xe0,
    0x0, 0x0, 0x0, 0x0, 0x0, 0x0, 0x0, 0xcf,
    0xff, 0xff, 0xa0, 0x0, 0x0, 0x0, 0x0, 0x0,
    0x0, 0x9f, 0xff, 0xff, 0xff, 0x50, 0x0, 0x0,
    0x0, 0x0, 0x0, 0x4f, 0xff, 0xe6, 0xff, 0xff,
    0x20, 0x0, 0x0, 0x0, 0x0, 0x1e, 0xff, 0xf4,
    0x9, 0xff, 0xfc, 0x0, 0x0, 0x0, 0x0, 0xb,
    0xff, 0xf9, 0x0, 0xd, 0xff, 0xf8, 0x0, 0x0,
    0x0, 0x7, 0xff, 0xfd, 0x0, 0x0, 0x3f, 0xff,
    0xf4, 0x0, 0x0, 0x3, 0xff, 0xff, 0x30, 0x0,
    0x0, 0x7f, 0xff, 0xe1, 0x0, 0x0, 0xdf, 0xff,
    0x70, 0x0, 0x0, 0x0, 0xbf, 0xff, 0xb0, 0x0,
    0xaf, 0xff, 0xc0, 0x0, 0x0, 0x0, 0x1, 0xef,
    0xff, 0x70, 0x5f, 0xff, 0xe1, 0x0, 0x0, 0x0,
    0x0, 0x5, 0xff, 0xff, 0x30,

    /* U+0059 "Y" */
    0xe, 0xff, 0xf3, 0x0, 0x0, 0x0, 0x0, 0x0,
    0x1f, 0xff, 0xc0, 0x5, 0xff, 0xfc, 0x0, 0x0,
    0x0, 0x0, 0x0, 0xaf, 0xff, 0x30, 0x0, 0xcf,
    0xff, 0x60, 0x0, 0x0, 0x0, 0x4, 0xff, 0xf9,
    0x0, 0x0, 0x2f, 0xff, 0xe1, 0x0, 0x0, 0x0,
    0xd, 0xff, 0xe1, 0x0, 0x0, 0x8, 0xff, 0xf9,
    0x0, 0x0, 0x0, 0x7f, 0xff, 0x60, 0x0, 0x0,
    0x0, 0xef, 0xff, 0x30, 0x0, 0x1, 0xff, 0xfc,
    0x0, 0x0, 0x0, 0x0, 0x5f, 0xff, 0xc0, 0x0,
    0xa, 0xff, 0xf2, 0x0, 0x0, 0x0, 0x0, 0xb,
    0xff, 0xf6, 0x0, 0x4f, 0xff, 0x90, 0x0, 0x0,
    0x0, 0x0, 0x2, 0xff, 0xfe, 0x10, 0xdf, 0xfe,
    0x0, 0x0, 0x0, 0x0, 0x0, 0x0, 0x8f, 0xff,
    0x98, 0xff, 0xf5, 0x0, 0x0, 0x0, 0x0, 0x0,
    0x0, 0xd, 0xff, 0xff, 0xff, 0xc0, 0x0, 0x0,
    0x0, 0x0, 0x0, 0x0, 0x4, 0xff, 0xff, 0xff,
    0x20, 0x0, 0x0, 0x0, 0x0, 0x0, 0x0, 0x0,
    0xbf, 0xff, 0xf8, 0x0, 0x0, 0x0, 0x0, 0x0,
    0x0, 0x0, 0x0, 0x2f, 0xff, 0xf0, 0x0, 0x0,
    0x0, 0x0, 0x0, 0x0, 0x0, 0x0, 0xf, 0xff,
    0xe0, 0x0, 0x0, 0x0, 0x0, 0x0, 0x0, 0x0,
    0x0, 0xf, 0xff, 0xe0, 0x0, 0x0, 0x0, 0x0,
    0x0, 0x0, 0x0, 0x0, 0xf, 0xff, 0xe0, 0x0,
    0x0, 0x0, 0x0, 0x0, 0x0, 0x0, 0x0, 0xf,
    0xff, 0xe0, 0x0, 0x0, 0x0, 0x0, 0x0, 0x0,
    0x0, 0x0, 0xf, 0xff, 0xe0, 0x0, 0x0, 0x0,
    0x0, 0x0, 0x0, 0x0, 0x0, 0xf, 0xff, 0xe0,
    0x0, 0x0, 0x0, 0x0, 0x0, 0x0, 0x0, 0x0,
    0xf, 0xff, 0xe0, 0x0, 0x0, 0x0, 0x0,

    /* U+005A "Z" */
    0x9f, 0xff, 0xff, 0xff, 0xff, 0xff, 0xff, 0xff,
    0xfc, 0x9, 0xff, 0xff, 0xff, 0xff, 0xff, 0xff,
    0xff, 0xff, 0xc0, 0x9f, 0xff, 0xff, 0xff, 0xff,
    0xff, 0xff, 0xff, 0xfa, 0x2, 0x44, 0x44, 0x44,
    0x44, 0x44, 0x4c, 0xff, 0xfe, 0x10, 0x0, 0x0,
    0x0, 0x0, 0x0, 0x6, 0xff, 0xff, 0x30, 0x0,
    0x0, 0x0, 0x0, 0x0, 0x4, 0xff, 0xff, 0x50,
    0x0, 0x0, 0x0, 0x0, 0x0, 0x2, 0xef, 0xff,
    0x80, 0x0, 0x0, 0x0, 0x0, 0x0, 0x0, 0xdf,
    0xff, 0xb0, 0x0, 0x0, 0x0, 0x0, 0x0, 0x0,
    0xaf, 0xff, 0xd1, 0x0, 0x0, 0x0, 0x0, 0x0,
    0x0, 0x8f, 0xff, 0xf2, 0x0, 0x0, 0x0, 0x0,
    0x0, 0x0, 0x5f, 0xff, 0xf4, 0x0, 0x0, 0x0,
    0x0, 0x0, 0x0, 0x2f, 0xff, 0xf7, 0x0, 0x0,
    0x0, 0x0, 0x0, 0x0, 0x1d, 0xff, 0xfa, 0x0,
    0x0, 0x0, 0x0, 0x0, 0x0, 0xb, 0xff, 0xfc,
    0x0, 0x0, 0x0, 0x0, 0x0, 0x0, 0x9, 0xff,
    0xfe, 0x10, 0x0, 0x0, 0x0, 0x0, 0x0, 0x6,
    0xff, 0xff, 0x30, 0x0, 0x0, 0x0, 0x0, 0x0,
    0x3, 0xff, 0xff, 0x60, 0x0, 0x0, 0x0, 0x0,
    0x0, 0x1, 0xef, 0xff, 0xc4, 0x44, 0x44, 0x44,
    0x44, 0x44, 0x40, 0xbf, 0xff, 0xff, 0xff, 0xff,
    0xff, 0xff, 0xff, 0xff, 0x2c, 0xff, 0xff, 0xff,
    0xff, 0xff, 0xff, 0xff, 0xff, 0xf2, 0xcf, 0xff,
    0xff, 0xff, 0xff, 0xff, 0xff, 0xff, 0xff, 0x20,

    /* U+005B "[" */
    0x2f, 0xff, 0xff, 0xff, 0x3f, 0xff, 0xff, 0xff,
    0x3f, 0xff, 0xff, 0xff, 0x3f, 0xff, 0x90, 0x0,
    0x3f, 0xff, 0x90, 0x0, 0x3f, 0xff, 0x90, 0x0,
    0x3f, 0xff, 0x90, 0x0, 0x3f, 0xff, 0x90, 0x0,
    0x3f, 0xff, 0x90, 0x0, 0x3f, 0xff, 0x90, 0x0,
    0x3f, 0xff, 0x90, 0x0, 0x3f, 0xff, 0x90, 0x0,
    0x3f, 0xff, 0x90, 0x0, 0x3f, 0xff, 0x90, 0x0,
    0x3f, 0xff, 0x90, 0x0, 0x3f, 0xff, 0x90, 0x0,
    0x3f, 0xff, 0x90, 0x0, 0x3f, 0xff, 0x90, 0x0,
    0x3f, 0xff, 0x90, 0x0, 0x3f, 0xff, 0x90, 0x0,
    0x3f, 0xff, 0x90, 0x0, 0x3f, 0xff, 0x90, 0x0,
    0x3f, 0xff, 0x90, 0x0, 0x3f, 0xff, 0x90, 0x0,
    0x3f, 0xff, 0x90, 0x0, 0x3f, 0xff, 0xff, 0xff,
    0x3f, 0xff, 0xff, 0xff, 0x3f, 0xff, 0xff, 0xff,

    /* U+005C "\\" */
    0xf, 0xff, 0x50, 0x0, 0x0, 0x0, 0x0, 0x0,
    0xaf, 0xfa, 0x0, 0x0, 0x0, 0x0, 0x0, 0x5,
    0xff, 0xf1, 0x0, 0x0, 0x0, 0x0, 0x0, 0xf,
    0xff, 0x60, 0x0, 0x0, 0x0, 0x0, 0x0, 0x9f,
    0xfb, 0x0, 0x0, 0x0, 0x0, 0x0, 0x4, 0xff,
    0xf1, 0x0, 0x0, 0x0, 0x0, 0x0, 0xe, 0xff,
    0x70, 0x0, 0x0, 0x0, 0x0, 0x0, 0x8f, 0xfc,
    0x0, 0x0, 0x0, 0x0, 0x0, 0x3, 0xff, 0xf2,
    0x0, 0x0, 0x0, 0x0, 0x0, 0xd, 0xff, 0x80,
    0x0, 0x0, 0x0, 0x0, 0x0, 0x7f, 0xfd, 0x0,
    0x0, 0x0, 0x0, 0x0, 0x2, 0xff, 0xf3, 0x0,
    0x0, 0x0, 0x0, 0x0, 0xc, 0xff, 0x90, 0x0,
    0x0, 0x0, 0x0, 0x0, 0x6f, 0xfe, 0x0, 0x0,
    0x0, 0x0, 0x0, 0x1, 0xff, 0xf4, 0x0, 0x0,
    0x0, 0x0, 0x0, 0xb, 0xff, 0xa0, 0x0, 0x0,
    0x0, 0x0, 0x0, 0x5f, 0xff, 0x0, 0x0, 0x0,
    0x0, 0x0, 0x0, 0xff, 0xf5, 0x0, 0x0, 0x0,
    0x0, 0x0, 0xa, 0xff, 0xb0, 0x0, 0x0, 0x0,
    0x0, 0x0, 0x4f, 0xff, 0x10, 0x0, 0x0, 0x0,
    0x0, 0x0, 0xef, 0xf6, 0x0, 0x0, 0x0, 0x0,
    0x0, 0x9, 0xff, 0xc0, 0x0, 0x0, 0x0, 0x0,
    0x0, 0x3f, 0xff, 0x10, 0x0, 0x0, 0x0, 0x0,
    0x0, 0xef, 0xf7, 0x0, 0x0, 0x0, 0x0, 0x0,
    0x8, 0xff, 0xd0, 0x0, 0x0, 0x0, 0x0, 0x0,
    0x2f, 0xff, 0x20, 0x0, 0x0, 0x0, 0x0, 0x0,
    0xdf, 0xf8, 0x0, 0x0, 0x0, 0x0, 0x0, 0x7,
    0xff, 0xe0,

    /* U+005D "]" */
    0x7f, 0xff, 0xff, 0xfa, 0x7f, 0xff, 0xff, 0xfa,
    0x7f, 0xff, 0xff, 0xfa, 0x0, 0x1, 0xff, 0xfa,
    0x0, 0x1, 0xff, 0xfa, 0x0, 0x1, 0xff, 0xfa,
    0x0, 0x1, 0xff, 0xfa, 0x0, 0x1, 0xff, 0xfa,
    0x0, 0x1, 0xff, 0xfa, 0x0, 0x1, 0xff, 0xfa,
    0x0, 0x1, 0xff, 0xfa, 0x0, 0x1, 0xff, 0xfa,
    0x0, 0x1, 0xff, 0xfa, 0x0, 0x1, 0xff, 0xfa,
    0x0, 0x1, 0xff, 0xfa, 0x0, 0x1, 0xff, 0xfa,
    0x0, 0x1, 0xff, 0xfa, 0x0, 0x1, 0xff, 0xfa,
    0x0, 0x1, 0xff, 0xfa, 0x0, 0x1, 0xff, 0xfa,
    0x0, 0x1, 0xff, 0xfa, 0x0, 0x1, 0xff, 0xfa,
    0x0, 0x1, 0xff, 0xfa, 0x0, 0x1, 0xff, 0xfa,
    0x0, 0x1, 0xff, 0xfa, 0x7f, 0xff, 0xff, 0xfa,
    0x7f, 0xff, 0xff, 0xfa, 0x7f, 0xff, 0xff, 0xfa,

    /* U+005E "^" */
    0x0, 0x0, 0x0, 0x68, 0x84, 0x0, 0x0, 0x0,
    0x0, 0x0, 0x1f, 0xff, 0xd0, 0x0, 0x0, 0x0,
    0x0, 0x8, 0xff, 0xff, 0x40, 0x0, 0x0, 0x0,
    0x0, 0xef, 0xef, 0xfb, 0x0, 0x0, 0x0, 0x0,
    0x5f, 0xf7, 0xbf, 0xf2, 0x0, 0x0, 0x0, 0xc,
    0xff, 0x14, 0xff, 0x80, 0x0, 0x0, 0x3, 0xff,
    0xa0, 0xd, 0xfe, 0x0, 0x0, 0x0, 0xaf, 0xf3,
    0x0, 0x7f, 0xf6, 0x0, 0x0, 0x1f, 0xfc, 0x0,
    0x1, 0xff, 0xd0, 0x0, 0x8, 0xff, 0x60, 0x0,
    0xa, 0xff, 0x40, 0x0, 0xef, 0xe0, 0x0, 0x0,
    0x3f, 0xfa, 0x0, 0x6f, 0xf8, 0x0, 0x0, 0x0,
    0xdf, 0xf1, 0xc, 0xff, 0x20, 0x0, 0x0, 0x6,
    0xff, 0x80,

    /* U+005F "_" */
    0x44, 0x44, 0x44, 0x44, 0x44, 0x44, 0x44, 0x4f,
    0xff, 0xff, 0xff, 0xff, 0xff, 0xff, 0xff, 0xff,
    0xff, 0xff, 0xff, 0xff, 0xff, 0xff, 0xf0,

    /* U+0060 "`" */
    0x5f, 0xff, 0xd1, 0x0, 0x0, 0x2d, 0xff, 0xd1,
    0x0, 0x0, 0xa, 0xff, 0xd1, 0x0, 0x0, 0x6,
    0xff, 0xe2,

    /* U+0061 "a" */
    0x0, 0x5, 0xad, 0xef, 0xfd, 0x93, 0x0, 0x0,
    0x7f, 0xff, 0xff, 0xff, 0xff, 0xfa, 0x0, 0xd,
    0xff, 0xff, 0xff, 0xff, 0xff, 0xfb, 0x0, 0x5f,
    0xd7, 0x32, 0x13, 0x9f, 0xff, 0xf4, 0x0, 0x50,
    0x0, 0x0, 0x0, 0x7f, 0xff, 0x90, 0x0, 0x0,
    0x0, 0x0, 0x0, 0xff, 0xfc, 0x0, 0x0, 0x35,
    0x67, 0x77, 0x7f, 0xff, 0xd0, 0x8, 0xff, 0xff,
    0xff, 0xff, 0xff, 0xfe, 0xb, 0xff, 0xff, 0xff,
    0xff, 0xff, 0xff, 0xe5, 0xff, 0xfc, 0x30, 0x0,
    0x0, 0xef, 0xfe, 0x9f, 0xff, 0x20, 0x0, 0x0,
    0xe, 0xff, 0xea, 0xff, 0xf1, 0x0, 0x0, 0x4,
    0xff, 0xfe, 0x8f, 0xff, 0xa0, 0x0, 0x5, 0xff,
    0xff, 0xe1, 0xff, 0xff, 0xec, 0xbe, 0xff, 0xff,
    0xfe, 0x4, 0xff, 0xff, 0xff, 0xff, 0xbb, 0xff,
    0xe0, 0x1, 0x8d, 0xff, 0xeb, 0x50, 0xaf, 0xfe,

    /* U+0062 "b" */
    0x13, 0x33, 0x0, 0x0, 0x0, 0x0, 0x0, 0x0,
    0x0, 0x8f, 0xff, 0x30, 0x0, 0x0, 0x0, 0x0,
    0x0, 0x0, 0x8f, 0xff, 0x30, 0x0, 0x0, 0x0,
    0x0, 0x0, 0x0, 0x8f, 0xff, 0x30, 0x0, 0x0,
    0x0, 0x0, 0x0, 0x0, 0x8f, 0xff, 0x30, 0x0,
    0x0, 0x0, 0x0, 0x0, 0x0, 0x8f, 0xff, 0x30,
    0x0, 0x0, 0x0, 0x0, 0x0, 0x0, 0x8f, 0xff,
    0x30, 0x0, 0x0, 0x0, 0x0, 0x0, 0x0, 0x8f,
    0xff, 0x30, 0x7c, 0xef, 0xdb, 0x60, 0x0, 0x0,
    0x8f, 0xff, 0x6e, 0xff, 0xff, 0xff, 0xfe, 0x40,
    0x0, 0x8f, 0xff, 0xff, 0xff, 0xff, 0xff, 0xff,
    0xf6, 0x0, 0x8f, 0xff, 0xff, 0xc5, 0x33, 0x6d,
    0xff, 0xff, 0x30, 0x8f, 0xff, 0xf8, 0x0, 0x0,
    0x0, 0xbf, 0xff, 0xc0, 0x8f, 0xff, 0xc0, 0x0,
    0x0, 0x0, 0xe, 0xff, 0xf2, 0x8f, 0xff, 0x50,
    0x0, 0x0, 0x0, 0x9, 0xff, 0xf5, 0x8f, 0xff,
    0x30, 0x0, 0x0, 0x0, 0x6, 0xff, 0xf7, 0x8f,
    0xff, 0x30, 0x0, 0x0, 0x0, 0x6, 0xff, 0xf7,
    0x8f, 0xff, 0x60, 0x0, 0x0, 0x0, 0x9, 0xff,
    0xf5, 0x8f, 0xff, 0xc0, 0x0, 0x0, 0x0, 0xe,
    0xff, 0xf1, 0x8f, 0xff, 0xf8, 0x0, 0x0, 0x0,
    0xbf, 0xff, 0xc0, 0x8f, 0xff, 0xff, 0xc6, 0x33,
    0x6d, 0xff, 0xff, 0x30, 0x8f, 0xff, 0xff, 0xff,
    0xff, 0xff, 0xff, 0xf6, 0x0, 0x8f, 0xff, 0x4e,
    0xff, 0xff, 0xff, 0xfe, 0x40, 0x0, 0x8f, 0xff,
    0x0, 0x7c, 0xef, 0xdb, 0x60, 0x0, 0x0,

    /* U+0063 "c" */
    0x0, 0x0, 0x17, 0xbe, 0xfe, 0xd9, 0x30, 0x0,
    0x0, 0x6, 0xff, 0xff, 0xff, 0xff, 0xfa, 0x0,
    0x0, 0x9f, 0xff, 0xff, 0xff, 0xff, 0xff, 0xc0,
    0x7, 0xff, 0xff, 0xa4, 0x23, 0x7e, 0xff, 0xf6,
    0x1f, 0xff, 0xf5, 0x0, 0x0, 0x1, 0xdd, 0x40,
    0x7f, 0xff, 0x80, 0x0, 0x0, 0x0, 0x10, 0x0,
    0xbf, 0xff, 0x20, 0x0, 0x0, 0x0, 0x0, 0x0,
    0xdf, 0xff, 0x0, 0x0, 0x0, 0x0, 0x0, 0x0,
    0xdf, 0xff, 0x0, 0x0, 0x0, 0x0, 0x0, 0x0,
    0xbf, 0xff, 0x20, 0x0, 0x0, 0x0, 0x0, 0x0,
    0x7f, 0xff, 0x80, 0x0, 0x0, 0x0, 0x10, 0x0,
    0x1f, 0xff, 0xf5, 0x0, 0x0, 0x1, 0xdd, 0x50,
    0x7, 0xff, 0xff, 0xa5, 0x34, 0x8e, 0xff, 0xf6,
    0x0, 0x9f, 0xff, 0xff, 0xff, 0xff, 0xff, 0xc0,
    0x0, 0x6, 0xff, 0xff, 0xff, 0xff, 0xfa, 0x0,
    0x0, 0x0, 0x17, 0xbe, 0xfe, 0xd9, 0x30, 0x0,

    /* U+0064 "d" */
    0x0, 0x0, 0x0, 0x0, 0x0, 0x0, 0x1, 0x33,
    0x30, 0x0, 0x0, 0x0, 0x0, 0x0, 0x0, 0x9,
    0xff, 0xf2, 0x0, 0x0, 0x0, 0x0, 0x0, 0x0,
    0x9, 0xff, 0xf2, 0x0, 0x0, 0x0, 0x0, 0x0,
    0x0, 0x9, 0xff, 0xf2, 0x0, 0x0, 0x0, 0x0,
    0x0, 0x0, 0x9, 0xff, 0xf2, 0x0, 0x0, 0x0,
    0x0, 0x0, 0x0, 0x9, 0xff, 0xf2, 0x0, 0x0,
    0x0, 0x0, 0x0, 0x0, 0x9, 0xff, 0xf2, 0x0,
    0x0, 0x28, 0xce, 0xfe, 0xa4, 0x9, 0xff, 0xf2,
    0x0, 0x9, 0xff, 0xff, 0xff, 0xff, 0xaa, 0xff,
    0xf2, 0x0, 0xcf, 0xff, 0xff, 0xff, 0xff, 0xff,
    0xff, 0xf2, 0x9, 0xff, 0xff, 0xa4, 0x23, 0x7e,
    0xff, 0xff, 0xf2, 0x2f, 0xff, 0xf5, 0x0, 0x0,
    0x1, 0xdf, 0xff, 0xf2, 0x8f, 0xff, 0x80, 0x0,
    0x0, 0x0, 0x2f, 0xff, 0xf2, 0xbf, 0xff, 0x20,
    0x0, 0x0, 0x0, 0xc, 0xff, 0xf2, 0xdf, 0xff,
    0x0, 0x0, 0x0, 0x0, 0x9, 0xff, 0xf2, 0xdf,
    0xff, 0x0, 0x0, 0x0, 0x0, 0x9, 0xff, 0xf2,
    0xbf, 0xff, 0x20, 0x0, 0x0, 0x0, 0xc, 0xff,
    0xf2, 0x8f, 0xff, 0x80, 0x0, 0x0, 0x0, 0x2f,
    0xff, 0xf2, 0x2f, 0xff, 0xf5, 0x0, 0x0, 0x1,
    0xdf, 0xff, 0xf2, 0x9, 0xff, 0xff, 0xa5, 0x34,
    0x8e, 0xff, 0xff, 0xf2, 0x0, 0xcf, 0xff, 0xff,
    0xff, 0xff, 0xff, 0xff, 0xf2, 0x0, 0x9, 0xff,
    0xff, 0xff, 0xff, 0xa7, 0xff, 0xf2, 0x0, 0x0,
    0x28, 0xce, 0xfe, 0xa4, 0x7, 0xff, 0xf2,

    /* U+0065 "e" */
    0x0, 0x0, 0x28, 0xcf, 0xfe, 0xc6, 0x10, 0x0,
    0x0, 0x0, 0x8f, 0xff, 0xff, 0xff, 0xff, 0x50,
    0x0, 0x0, 0xbf, 0xff, 0xff, 0xff, 0xff, 0xff,
    0x70, 0x0, 0x8f, 0xff, 0xd5, 0x10, 0x26, 0xef,
    0xff, 0x40, 0x2f, 0xff, 0xc0, 0x0, 0x0, 0x2,
    0xef, 0xfd, 0x7, 0xff, 0xf3, 0x0, 0x0, 0x0,
    0x6, 0xff, 0xf2, 0xbf, 0xff, 0x77, 0x77, 0x77,
    0x77, 0x8f, 0xff, 0x6d, 0xff, 0xff, 0xff, 0xff,
    0xff, 0xff, 0xff, 0xf7, 0xdf, 0xff, 0xff, 0xff,
    0xff, 0xff, 0xff, 0xff, 0x7b, 0xff, 0xf0, 0x0,
    0x0, 0x0, 0x0, 0x0, 0x0, 0x7f, 0xff, 0x70,
    0x0, 0x0, 0x0, 0x0, 0x0, 0x1, 0xff, 0xff,
    0x40, 0x0, 0x0, 0x2, 0xa0, 0x0, 0x7, 0xff,
    0xff, 0xa5, 0x22, 0x49, 0xff, 0xa0, 0x0, 0xa,
    0xff, 0xff, 0xff, 0xff, 0xff, 0xff, 0x30, 0x0,
    0x6, 0xff, 0xff, 0xff, 0xff, 0xfe, 0x40, 0x0,
    0x0, 0x1, 0x7b, 0xef, 0xfe, 0xb6, 0x0, 0x0,

    /* U+0066 "f" */
    0x0, 0x0, 0x5, 0xbe, 0xfe, 0xc7, 0x0, 0x0,
    0x9, 0xff, 0xff, 0xff, 0xd0, 0x0, 0x6, 0xff,
    0xff, 0xff, 0xf7, 0x0, 0x0, 0xcf, 0xff, 0x60,
    0x5, 0x10, 0x0, 0xf, 0xff, 0xb0, 0x0, 0x0,
    0x0, 0x0, 0xff, 0xf9, 0x0, 0x0, 0x0, 0xaf,
    0xff, 0xff, 0xff, 0xff, 0xf0, 0xa, 0xff, 0xff,
    0xff, 0xff, 0xff, 0x0, 0xaf, 0xff, 0xff, 0xff,
    0xff, 0xf0, 0x0, 0x0, 0xff, 0xfb, 0x0, 0x0,
    0x0, 0x0, 0xf, 0xff, 0xb0, 0x0, 0x0, 0x0,
    0x0, 0xff, 0xfb, 0x0, 0x0, 0x0, 0x0, 0xf,
    0xff, 0xb0, 0x0, 0x0, 0x0, 0x0, 0xff, 0xfb,
    0x0, 0x0, 0x0, 0x0, 0xf, 0xff, 0xb0, 0x0,
    0x0, 0x0, 0x0, 0xff, 0xfb, 0x0, 0x0, 0x0,
    0x0, 0xf, 0xff, 0xb0, 0x0, 0x0, 0x0, 0x0,
    0xff, 0xfb, 0x0, 0x0, 0x0, 0x0, 0xf, 0xff,
    0xb0, 0x0, 0x0, 0x0, 0x0, 0xff, 0xfb, 0x0,
    0x0, 0x0, 0x0, 0xf, 0xff, 0xb0, 0x0, 0x0,
    0x0, 0x0, 0xff, 0xfb, 0x0, 0x0, 0x0,

    /* U+0067 "g" */
    0x0, 0x0, 0x38, 0xce, 0xfe, 0xb5, 0x3, 0xff,
    0xf5, 0x0, 0xa, 0xff, 0xff, 0xff, 0xff, 0xd5,
    0xff, 0xf5, 0x0, 0xdf, 0xff, 0xff, 0xff, 0xff,
    0xff, 0xff, 0xf5, 0xb, 0xff, 0xff, 0x94, 0x23,
    0x6c, 0xff, 0xff, 0xf5, 0x4f, 0xff, 0xf3, 0x0,
    0x0, 0x0, 0x9f, 0xff, 0xf5, 0x9f, 0xff, 0x60,
    0x0, 0x0, 0x0, 0xd, 0xff, 0xf5, 0xcf, 0xff,
    0x0, 0x0, 0x0, 0x0, 0x7, 0xff, 0xf5, 0xdf,
    0xff, 0x0, 0x0, 0x0, 0x0, 0x5, 0xff, 0xf5,
    0xcf, 0xff, 0x0, 0x0, 0x0, 0x0, 0x7, 0xff,
    0xf5, 0x9f, 0xff, 0x50, 0x0, 0x0, 0x0, 0xc,
    0xff, 0xf5, 0x4f, 0xff, 0xe2, 0x0, 0x0, 0x0,
    0x7f, 0xff, 0xf5, 0xc, 0xff, 0xff, 0x72, 0x0,
    0x4a, 0xff, 0xff, 0xf5, 0x1, 0xef, 0xff, 0xff,
    0xff, 0xff, 0xff, 0xff, 0xf5, 0x0, 0x1b, 0xff,
    0xff, 0xff, 0xff, 0xe9, 0xff, 0xf5, 0x0, 0x0,
    0x5a, 0xef, 0xff, 0xc7, 0x6, 0xff, 0xf4, 0x0,
    0x0, 0x0, 0x0, 0x10, 0x0, 0x9, 0xff, 0xf3,
    0x0, 0x0, 0x0, 0x0, 0x0, 0x0, 0xe, 0xff,
    0xf0, 0x0, 0xc8, 0x10, 0x0, 0x0, 0x0, 0x8f,
    0xff, 0xb0, 0x5, 0xff, 0xfa, 0x53, 0x23, 0x6c,
    0xff, 0xff, 0x30, 0xd, 0xff, 0xff, 0xff, 0xff,
    0xff, 0xff, 0xf8, 0x0, 0x2, 0xbf, 0xff, 0xff,
    0xff, 0xff, 0xff, 0x60, 0x0, 0x0, 0x1, 0x7a,
    0xde, 0xff, 0xeb, 0x71, 0x0, 0x0,

    /* U+0068 "h" */
    0x8f, 0xff, 0x30, 0x0, 0x0, 0x0, 0x0, 0x0,
    0x8, 0xff, 0xf3, 0x0, 0x0, 0x0, 0x0, 0x0,
    0x0, 0x8f, 0xff, 0x30, 0x0, 0x0, 0x0, 0x0,
    0x0, 0x8, 0xff, 0xf3, 0x0, 0x0, 0x0, 0x0,
    0x0, 0x0, 0x8f, 0xff, 0x30, 0x0, 0x0, 0x0,
    0x0, 0x0, 0x8, 0xff, 0xf3, 0x0, 0x0, 0x0,
    0x0, 0x0, 0x0, 0x8f, 0xff, 0x30, 0x7b, 0xef,
    0xeb, 0x60, 0x0, 0x8, 0xff, 0xf7, 0xef, 0xff,
    0xff, 0xff, 0xd2, 0x0, 0x8f, 0xff, 0xff, 0xff,
    0xff, 0xff, 0xff, 0xe1, 0x8, 0xff, 0xff, 0xfb,
    0x64, 0x59, 0xff, 0xff, 0x80, 0x8f, 0xff, 0xf6,
    0x0, 0x0, 0x5, 0xff, 0xfe, 0x8, 0xff, 0xfb,
    0x0, 0x0, 0x0, 0xd, 0xff, 0xf1, 0x8f, 0xff,
    0x50, 0x0, 0x0, 0x0, 0x9f, 0xff, 0x38, 0xff,
    0xf3, 0x0, 0x0, 0x0, 0x8, 0xff, 0xf3, 0x8f,
    0xff, 0x30, 0x0, 0x0, 0x0, 0x8f, 0xff, 0x38,
    0xff, 0xf3, 0x0, 0x0, 0x0, 0x8, 0xff, 0xf3,
    0x8f, 0xff, 0x30, 0x0, 0x0, 0x0, 0x8f, 0xff,
    0x38, 0xff, 0xf3, 0x0, 0x0, 0x0, 0x8, 0xff,
    0xf3, 0x8f, 0xff, 0x30, 0x0, 0x0, 0x0, 0x8f,
    0xff, 0x38, 0xff, 0xf3, 0x0, 0x0, 0x0, 0x8,
    0xff, 0xf3, 0x8f, 0xff, 0x30, 0x0, 0x0, 0x0,
    0x8f, 0xff, 0x38, 0xff, 0xf3, 0x0, 0x0, 0x0,
    0x8, 0xff, 0xf3,

    /* U+0069 "i" */
    0x3, 0xdf, 0xb1, 0xd, 0xff, 0xf9, 0xf, 0xff,
    0xfa, 0x9, 0xff, 0xf4, 0x0, 0x46, 0x20, 0x0,
    0x0, 0x0, 0x0, 0x0, 0x0, 0x8, 0xff, 0xf3,
    0x8, 0xff, 0xf3, 0x8, 0xff, 0xf3, 0x8, 0xff,
    0xf3, 0x8, 0xff, 0xf3, 0x8, 0xff, 0xf3, 0x8,
    0xff, 0xf3, 0x8, 0xff, 0xf3, 0x8, 0xff, 0xf3,
    0x8, 0xff, 0xf3, 0x8, 0xff, 0xf3, 0x8, 0xff,
    0xf3, 0x8, 0xff, 0xf3, 0x8, 0xff, 0xf3, 0x8,
    0xff, 0xf3, 0x8, 0xff, 0xf3,

    /* U+006A "j" */
    0x0, 0x0, 0x2, 0xcf, 0xc2, 0x0, 0x0, 0xb,
    0xff, 0xfc, 0x0, 0x0, 0xd, 0xff, 0xfd, 0x0,
    0x0, 0x6, 0xff, 0xf6, 0x0, 0x0, 0x0, 0x36,
    0x30, 0x0, 0x0, 0x0, 0x0, 0x0, 0x0, 0x0,
    0x0, 0x0, 0x0, 0x0, 0x0, 0x5, 0xff, 0xf6,
    0x0, 0x0, 0x5, 0xff, 0xf6, 0x0, 0x0, 0x5,
    0xff, 0xf6, 0x0, 0x0, 0x5, 0xff, 0xf6, 0x0,
    0x0, 0x5, 0xff, 0xf6, 0x0, 0x0, 0x5, 0xff,
    0xf6, 0x0, 0x0, 0x5, 0xff, 0xf6, 0x0, 0x0,
    0x5, 0xff, 0xf6, 0x0, 0x0, 0x5, 0xff, 0xf6,
    0x0, 0x0, 0x5, 0xff, 0xf6, 0x0, 0x0, 0x5,
    0xff, 0xf6, 0x0, 0x0, 0x5, 0xff, 0xf6, 0x0,
    0x0, 0x5, 0xff, 0xf6, 0x0, 0x0, 0x5, 0xff,
    0xf6, 0x0, 0x0, 0x5, 0xff, 0xf6, 0x0, 0x0,
    0x5, 0xff, 0xf6, 0x0, 0x0, 0x6, 0xff, 0xf5,
    0x0, 0x0, 0x8, 0xff, 0xf4, 0x7, 0x21, 0x5f,
    0xff, 0xf1, 0x2f, 0xff, 0xff, 0xff, 0x90, 0x9f,
    0xff, 0xff, 0xfc, 0x0, 0x3a, 0xdf, 0xfc, 0x70,
    0x0,

    /* U+006B "k" */
    0x8f, 0xff, 0x30, 0x0, 0x0, 0x0, 0x0, 0x0,
    0x0, 0x8f, 0xff, 0x30, 0x0, 0x0, 0x0, 0x0,
    0x0, 0x0, 0x8f, 0xff, 0x30, 0x0, 0x0, 0x0,
    0x0, 0x0, 0x0, 0x8f, 0xff, 0x30, 0x0, 0x0,
    0x0, 0x0, 0x0, 0x0, 0x8f, 0xff, 0x30, 0x0,
    0x0, 0x0, 0x0, 0x0, 0x0, 0x8f, 0xff, 0x30,
    0x0, 0x0, 0x0, 0x0, 0x0, 0x0, 0x8f, 0xff,
    0x30, 0x0, 0x0, 0x8, 0xff, 0xfd, 0x10, 0x8f,
    0xff, 0x30, 0x0, 0x0, 0xaf, 0xff, 0xd1, 0x0,
    0x8f, 0xff, 0x30, 0x0, 0xb, 0xff, 0xfd, 0x10,
    0x0, 0x8f, 0xff, 0x30, 0x0, 0xcf, 0xff, 0xe1,
    0x0, 0x0, 0x8f, 0xff, 0x30, 0x1c, 0xff, 0xfe,
    0x20, 0x0, 0x0, 0x8f, 0xff, 0x31, 0xdf, 0xff,
    0xe2, 0x0, 0x0, 0x0, 0x8f, 0xff, 0x5e, 0xff,
    0xff, 0x20, 0x0, 0x0, 0x0, 0x8f, 0xff, 0xff,
    0xff, 0xff, 0x60, 0x0, 0x0, 0x0, 0x8f, 0xff,
    0xff, 0xff, 0xff, 0xf3, 0x0, 0x0, 0x0, 0x8f,
    0xff, 0xff, 0x9b, 0xff, 0xfe, 0x10, 0x0, 0x0,
    0x8f, 0xff, 0xf8, 0x0, 0xdf, 0xff, 0xc0, 0x0,
    0x0, 0x8f, 0xff, 0x80, 0x0, 0x2f, 0xff, 0xf9,
    0x0, 0x0, 0x8f, 0xff, 0x30, 0x0, 0x4, 0xff,
    0xff, 0x50, 0x0, 0x8f, 0xff, 0x30, 0x0, 0x0,
    0x7f, 0xff, 0xf2, 0x0, 0x8f, 0xff, 0x30, 0x0,
    0x0, 0xa, 0xff, 0xfd, 0x10, 0x8f, 0xff, 0x30,
    0x0, 0x0, 0x0, 0xdf, 0xff, 0xb0,

    /* U+006C "l" */
    0x8f, 0xff, 0x38, 0xff, 0xf3, 0x8f, 0xff, 0x38,
    0xff, 0xf3, 0x8f, 0xff, 0x38, 0xff, 0xf3, 0x8f,
    0xff, 0x38, 0xff, 0xf3, 0x8f, 0xff, 0x38, 0xff,
    0xf3, 0x8f, 0xff, 0x38, 0xff, 0xf3, 0x8f, 0xff,
    0x38, 0xff, 0xf3, 0x8f, 0xff, 0x38, 0xff, 0xf3,
    0x8f, 0xff, 0x38, 0xff, 0xf3, 0x8f, 0xff, 0x38,
    0xff, 0xf3, 0x8f, 0xff, 0x38, 0xff, 0xf3,

    /* U+006D "m" */
    0x8f, 0xff, 0x2, 0x8d, 0xff, 0xea, 0x50, 0x0,
    0x6, 0xbe, 0xfe, 0xc7, 0x10, 0x0, 0x8f, 0xff,
    0x7f, 0xff, 0xff, 0xff, 0xfb, 0x4, 0xef, 0xff,
    0xff, 0xff, 0xe3, 0x0, 0x8f, 0xff, 0xff, 0xff,
    0xff, 0xff, 0xff, 0xcf, 0xff, 0xff, 0xff, 0xff,
    0xff, 0x20, 0x8f, 0xff, 0xff, 0x72, 0x13, 0xaf,
    0xff, 0xff, 0xfc, 0x41, 0x16, 0xef, 0xff, 0x90,
    0x8f, 0xff, 0xf3, 0x0, 0x0, 0xb, 0xff, 0xff,
    0xb0, 0x0, 0x0, 0x3f, 0xff, 0xf0, 0x8f, 0xff,
    0x90, 0x0, 0x0, 0x4, 0xff, 0xff, 0x20, 0x0,
    0x0, 0xb, 0xff, 0xf2, 0x8f, 0xff, 0x50, 0x0,
    0x0, 0x1, 0xff, 0xfd, 0x0, 0x0, 0x0, 0x8,
    0xff, 0xf3, 0x8f, 0xff, 0x30, 0x0, 0x0, 0x0,
    0xff, 0xfc, 0x0, 0x0, 0x0, 0x8, 0xff, 0xf4,
    0x8f, 0xff, 0x30, 0x0, 0x0, 0x0, 0xff, 0xfb,
    0x0, 0x0, 0x0, 0x8, 0xff, 0xf4, 0x8f, 0xff,
    0x30, 0x0, 0x0, 0x0, 0xff, 0xfb, 0x0, 0x0,
    0x0, 0x8, 0xff, 0xf4, 0x8f, 0xff, 0x30, 0x0,
    0x0, 0x0, 0xff, 0xfb, 0x0, 0x0, 0x0, 0x8,
    0xff, 0xf4, 0x8f, 0xff, 0x30, 0x0, 0x0, 0x0,
    0xff, 0xfb, 0x0, 0x0, 0x0, 0x8, 0xff, 0xf4,
    0x8f, 0xff, 0x30, 0x0, 0x0, 0x0, 0xff, 0xfb,
    0x0, 0x0, 0x0, 0x8, 0xff, 0xf4, 0x8f, 0xff,
    0x30, 0x0, 0x0, 0x0, 0xff, 0xfb, 0x0, 0x0,
    0x0, 0x8, 0xff, 0xf4, 0x8f, 0xff, 0x30, 0x0,
    0x0, 0x0, 0xff, 0xfb, 0x0, 0x0, 0x0, 0x8,
    0xff, 0xf4, 0x8f, 0xff, 0x30, 0x0, 0x0, 0x0,
    0xff, 0xfb, 0x0, 0x0, 0x0, 0x8, 0xff, 0xf4,

    /* U+006E "n" */
    0x8f, 0xff, 0x1, 0x7c, 0xef, 0xeb, 0x60, 0x0,
    0x8, 0xff, 0xf6, 0xff, 0xff, 0xff, 0xff, 0xd2,
    0x0, 0x8f, 0xff, 0xff, 0xff, 0xff, 0xff, 0xff,
    0xe1, 0x8, 0xff, 0xff, 0xf8, 0x31, 0x26, 0xff,
    0xff, 0x80, 0x8f, 0xff, 0xf4, 0x0, 0x0, 0x3,
    0xff, 0xfe, 0x8, 0xff, 0xfa, 0x0, 0x0, 0x0,
    0xc, 0xff, 0xf1, 0x8f, 0xff, 0x50, 0x0, 0x0,
    0x0, 0x9f, 0xff, 0x38, 0xff, 0xf3, 0x0, 0x0,
    0x0, 0x8, 0xff, 0xf3, 0x8f, 0xff, 0x30, 0x0,
    0x0, 0x0, 0x8f, 0xff, 0x38, 0xff, 0xf3, 0x0,
    0x0, 0x0, 0x8, 0xff, 0xf3, 0x8f, 0xff, 0x30,
    0x0, 0x0, 0x0, 0x8f, 0xff, 0x38, 0xff, 0xf3,
    0x0, 0x0, 0x0, 0x8, 0xff, 0xf3, 0x8f, 0xff,
    0x30, 0x0, 0x0, 0x0, 0x8f, 0xff, 0x38, 0xff,
    0xf3, 0x0, 0x0, 0x0, 0x8, 0xff, 0xf3, 0x8f,
    0xff, 0x30, 0x0, 0x0, 0x0, 0x8f, 0xff, 0x38,
    0xff, 0xf3, 0x0, 0x0, 0x0, 0x8, 0xff, 0xf3,

    /* U+006F "o" */
    0x0, 0x0, 0x17, 0xce, 0xff, 0xd9, 0x30, 0x0,
    0x0, 0x0, 0x6, 0xff, 0xff, 0xff, 0xff, 0xfa,
    0x10, 0x0, 0x0, 0xaf, 0xff, 0xff, 0xff, 0xff,
    0xff, 0xe1, 0x0, 0x7, 0xff, 0xff, 0xa4, 0x23,
    0x7e, 0xff, 0xfc, 0x0, 0x1f, 0xff, 0xf5, 0x0,
    0x0, 0x1, 0xdf, 0xff, 0x70, 0x7f, 0xff, 0x80,
    0x0, 0x0, 0x0, 0x2f, 0xff, 0xd0, 0xbf, 0xff,
    0x20, 0x0, 0x0, 0x0, 0xc, 0xff, 0xf1, 0xdf,
    0xff, 0x0, 0x0, 0x0, 0x0, 0x9, 0xff, 0xf2,
    0xdf, 0xff, 0x0, 0x0, 0x0, 0x0, 0x9, 0xff,
    0xf2, 0xbf, 0xff, 0x20, 0x0, 0x0, 0x0, 0xc,
    0xff, 0xf1, 0x7f, 0xff, 0x80, 0x0, 0x0, 0x0,
    0x2f, 0xff, 0xd0, 0x1f, 0xff, 0xf5, 0x0, 0x0,
    0x1, 0xdf, 0xff, 0x60, 0x7, 0xff, 0xff, 0xa5,
    0x33, 0x8e, 0xff, 0xfc, 0x0, 0x0, 0x9f, 0xff,
    0xff, 0xff, 0xff, 0xff, 0xe1, 0x0, 0x0, 0x6,
    0xff, 0xff, 0xff, 0xff, 0xfa, 0x10, 0x0, 0x0,
    0x0, 0x17, 0xce, 0xff, 0xd9, 0x30, 0x0, 0x0,

    /* U+0070 "p" */
    0x8f, 0xff, 0x1, 0x8c, 0xef, 0xdb, 0x60, 0x0,
    0x0, 0x8f, 0xff, 0x6f, 0xff, 0xff, 0xff, 0xfe,
    0x40, 0x0, 0x8f, 0xff, 0xff, 0xff, 0xff, 0xff,
    0xff, 0xf6, 0x0, 0x8f, 0xff, 0xff, 0x92, 0x0,
    0x3b, 0xff, 0xff, 0x30, 0x8f, 0xff, 0xf6, 0x0,
    0x0, 0x0, 0x9f, 0xff, 0xc0, 0x8f, 0xff, 0xb0,
    0x0, 0x0, 0x0, 0xe, 0xff, 0xf2, 0x8f, 0xff,
    0x50, 0x0, 0x0, 0x0, 0x8, 0xff, 0xf5, 0x8f,
    0xff, 0x30, 0x0, 0x0, 0x0, 0x6, 0xff, 0xf7,
    0x8f, 0xff, 0x30, 0x0, 0x0, 0x0, 0x6, 0xff,
    0xf7, 0x8f, 0xff, 0x60, 0x0, 0x0, 0x0, 0x9,
    0xff, 0xf5, 0x8f, 0xff, 0xc0, 0x0, 0x0, 0x0,
    0x1e, 0xff, 0xf1, 0x8f, 0xff, 0xf9, 0x0, 0x0,
    0x0, 0xbf, 0xff, 0xc0, 0x8f, 0xff, 0xff, 0xc6,
    0x33, 0x7d, 0xff, 0xff, 0x30, 0x8f, 0xff, 0xff,
    0xff, 0xff, 0xff, 0xff, 0xf6, 0x0, 0x8f, 0xff,
    0x6e, 0xff, 0xff, 0xff, 0xfe, 0x40, 0x0, 0x8f,
    0xff, 0x30, 0x7c, 0xef, 0xdb, 0x60, 0x0, 0x0,
    0x8f, 0xff, 0x30, 0x0, 0x0, 0x0, 0x0, 0x0,
    0x0, 0x8f, 0xff, 0x30, 0x0, 0x0, 0x0, 0x0,
    0x0, 0x0, 0x8f, 0xff, 0x30, 0x0, 0x0, 0x0,
    0x0, 0x0, 0x0, 0x8f, 0xff, 0x30, 0x0, 0x0,
    0x0, 0x0, 0x0, 0x0, 0x8f, 0xff, 0x30, 0x0,
    0x0, 0x0, 0x0, 0x0, 0x0, 0x8f, 0xff, 0x30,
    0x0, 0x0, 0x0, 0x0, 0x0, 0x0,

    /* U+0071 "q" */
    0x0, 0x0, 0x28, 0xce, 0xfe, 0xa4, 0x7, 0xff,
    0xf2, 0x0, 0x9, 0xff, 0xff, 0xff, 0xff, 0xb7,
    0xff, 0xf2, 0x0, 0xcf, 0xff, 0xff, 0xff, 0xff,
    0xff, 0xff, 0xf2, 0x9, 0xff, 0xff, 0xa4, 0x23,
    0x8e, 0xff, 0xff, 0xf2, 0x2f, 0xff, 0xf5, 0x0,
    0x0, 0x1, 0xdf, 0xff, 0xf2, 0x8f, 0xff, 0x80,
    0x0, 0x0, 0x0, 0x3f, 0xff, 0xf2, 0xbf, 0xff,
    0x20, 0x0, 0x0, 0x0, 0xc, 0xff, 0xf2, 0xdf,
    0xff, 0x0, 0x0, 0x0, 0x0, 0x9, 0xff, 0xf2,
    0xdf, 0xff, 0x0, 0x0, 0x0, 0x0, 0xa, 0xff,
    0xf2, 0xbf, 0xff, 0x20, 0x0, 0x0, 0x0, 0xc,
    0xff, 0xf2, 0x8f, 0xff, 0x80, 0x0, 0x0, 0x0,
    0x3f, 0xff, 0xf2, 0x2f, 0xff, 0xf5, 0x0, 0x0,
    0x1, 0xdf, 0xff, 0xf2, 0x9, 0xff, 0xff, 0xa5,
    0x34, 0x8e, 0xff, 0xff, 0xf2, 0x0, 0xcf, 0xff,
    0xff, 0xff, 0xff, 0xff, 0xff, 0xf2, 0x0, 0x9,
    0xff, 0xff, 0xff, 0xff, 0x9a, 0xff, 0xf2, 0x0,
    0x0, 0x28, 0xce, 0xfe, 0xa3, 0xa, 0xff, 0xf2,
    0x0, 0x0, 0x0, 0x0, 0x0, 0x0, 0xa, 0xff,
    0xf2, 0x0, 0x0, 0x0, 0x0, 0x0, 0x0, 0xa,
    0xff, 0xf2, 0x0, 0x0, 0x0, 0x0, 0x0, 0x0,
    0xa, 0xff, 0xf2, 0x0, 0x0, 0x0, 0x0, 0x0,
    0x0, 0xa, 0xff, 0xf2, 0x0, 0x0, 0x0, 0x0,
    0x0, 0x0, 0xa, 0xff, 0xf2, 0x0, 0x0, 0x0,
    0x0, 0x0, 0x0, 0xa, 0xff, 0xf2,

    /* U+0072 "r" */
    0x8f, 0xff, 0x0, 0x7c, 0xeb, 0x8f, 0xff, 0x4e,
    0xff, 0xfb, 0x8f, 0xff, 0xff, 0xff, 0xfb, 0x8f,
    0xff, 0xff, 0xc6, 0x43, 0x8f, 0xff, 0xf8, 0x0,
    0x0, 0x8f, 0xff, 0xc0, 0x0, 0x0, 0x8f, 0xff,
    0x60, 0x0, 0x0, 0x8f, 0xff, 0x40, 0x0, 0x0,
    0x8f, 0xff, 0x30, 0x0, 0x0, 0x8f, 0xff, 0x30,
    0x0, 0x0, 0x8f, 0xff, 0x30, 0x0, 0x0, 0x8f,
    0xff, 0x30, 0x0, 0x0, 0x8f, 0xff, 0x30, 0x0,
    0x0, 0x8f, 0xff, 0x30, 0x0, 0x0, 0x8f, 0xff,
    0x30, 0x0, 0x0, 0x8f, 0xff, 0x30, 0x0, 0x0,

    /* U+0073 "s" */
    0x0, 0x0, 0x6b, 0xef, 0xfe, 0xc9, 0x50, 0x0,
    0x3, 0xef, 0xff, 0xff, 0xff, 0xff, 0xe0, 0x2,
    0xff, 0xff, 0xff, 0xff, 0xff, 0xf9, 0x0, 0xaf,
    0xff, 0xa3, 0x0, 0x14, 0x9e, 0x10, 0xd, 0xff,
    0xd0, 0x0, 0x0, 0x0, 0x0, 0x0, 0xcf, 0xff,
    0x20, 0x0, 0x0, 0x0, 0x0, 0x9, 0xff, 0xff,
    0xb8, 0x52, 0x0, 0x0, 0x0, 0x1d, 0xff, 0xff,
    0xff, 0xfe, 0xa4, 0x0, 0x0, 0x18, 0xdf, 0xff,
    0xff, 0xff, 0xf9, 0x0, 0x0, 0x0, 0x25, 0x8a,
    0xef, 0xff, 0xf4, 0x0, 0x0, 0x0, 0x0, 0x0,
    0x6f, 0xff, 0x90, 0x4, 0x0, 0x0, 0x0, 0x1,
    0xff, 0xfa, 0x7, 0xfd, 0x73, 0x10, 0x3, 0xbf,
    0xff, 0x61, 0xef, 0xff, 0xff, 0xff, 0xff, 0xff,
    0xd0, 0x1b, 0xff, 0xff, 0xff, 0xff, 0xff, 0xc2,
    0x0, 0x2, 0x7b, 0xdf, 0xff, 0xda, 0x40, 0x0,

    /* U+0074 "t" */
    0x0, 0x8, 0x88, 0x50, 0x0, 0x0, 0x0, 0x0,
    0xff, 0xfb, 0x0, 0x0, 0x0, 0x0, 0xf, 0xff,
    0xb0, 0x0, 0x0, 0x0, 0x0, 0xff, 0xfb, 0x0,
    0x0, 0x0, 0xaf, 0xff, 0xff, 0xff, 0xff, 0xf0,
    0xa, 0xff, 0xff, 0xff, 0xff, 0xff, 0x0, 0xaf,
    0xff, 0xff, 0xff, 0xff, 0xf0, 0x0, 0x0, 0xff,
    0xfb, 0x0, 0x0, 0x0, 0x0, 0xf, 0xff, 0xb0,
    0x0, 0x0, 0x0, 0x0, 0xff, 0xfb, 0x0, 0x0,
    0x0, 0x0, 0xf, 0xff, 0xb0, 0x0, 0x0, 0x0,
    0x0, 0xff, 0xfb, 0x0, 0x0, 0x0, 0x0, 0xf,
    0xff, 0xb0, 0x0, 0x0, 0x0, 0x0, 0xff, 0xfb,
    0x0, 0x0, 0x0, 0x0, 0xf, 0xff, 0xb0, 0x0,
    0x0, 0x0, 0x0, 0xff, 0xfd, 0x0, 0x0, 0x0,
    0x0, 0xc, 0xff, 0xf8, 0x12, 0x62, 0x0, 0x0,
    0x6f, 0xff, 0xff, 0xff, 0x80, 0x0, 0x0, 0xaf,
    0xff, 0xff, 0xfe, 0x0, 0x0, 0x0, 0x5b, 0xef,
    0xeb, 0x40,

    /* U+0075 "u" */
    0xaf, 0xff, 0x10, 0x0, 0x0, 0x0, 0xcf, 0xff,
    0xaf, 0xff, 0x10, 0x0, 0x0, 0x0, 0xcf, 0xff,
    0xaf, 0xff, 0x10, 0x0, 0x0, 0x0, 0xcf, 0xff,
    0xaf, 0xff, 0x10, 0x0, 0x0, 0x0, 0xcf, 0xff,
    0xaf, 0xff, 0x10, 0x0, 0x0, 0x0, 0xcf, 0xff,
    0xaf, 0xff, 0x10, 0x0, 0x0, 0x0, 0xcf, 0xff,
    0xaf, 0xff, 0x10, 0x0, 0x0, 0x0, 0xcf, 0xff,
    0xaf, 0xff, 0x10, 0x0, 0x0, 0x0, 0xcf, 0xff,
    0xaf, 0xff, 0x10, 0x0, 0x0, 0x0, 0xdf, 0xff,
    0x9f, 0xff, 0x20, 0x0, 0x0, 0x0, 0xff, 0xff,
    0x8f, 0xff, 0x60, 0x0, 0x0, 0x4, 0xff, 0xff,
    0x5f, 0xff, 0xd1, 0x0, 0x0, 0x1d, 0xff, 0xff,
    0xe, 0xff, 0xfe, 0x74, 0x48, 0xef, 0xff, 0xff,
    0x6, 0xff, 0xff, 0xff, 0xff, 0xff, 0xff, 0xff,
    0x0, 0x7f, 0xff, 0xff, 0xff, 0xf9, 0x9f, 0xff,
    0x0, 0x2, 0x8d, 0xff, 0xd9, 0x30, 0x9f, 0xff,

    /* U+0076 "v" */
    0xe, 0xff, 0xe0, 0x0, 0x0, 0x0, 0x0, 0x5f,
    0xff, 0x30, 0x8f, 0xff, 0x60, 0x0, 0x0, 0x0,
    0xc, 0xff, 0xc0, 0x1, 0xff, 0xfc, 0x0, 0x0,
    0x0, 0x3, 0xff, 0xf6, 0x0, 0xa, 0xff, 0xf3,
    0x0, 0x0, 0x0, 0xaf, 0xfe, 0x0, 0x0, 0x3f,
    0xff, 0xa0, 0x0, 0x0, 0x1f, 0xff, 0x80, 0x0,
    0x0, 0xcf, 0xff, 0x10, 0x0, 0x8, 0xff, 0xf1,
    0x0, 0x0, 0x5, 0xff, 0xf7, 0x0, 0x0, 0xef,
    0xfa, 0x0, 0x0, 0x0, 0xe, 0xff, 0xe0, 0x0,
    0x6f, 0xff, 0x30, 0x0, 0x0, 0x0, 0x8f, 0xff,
    0x50, 0xd, 0xff, 0xc0, 0x0, 0x0, 0x0, 0x1,
    0xff, 0xfb, 0x3, 0xff, 0xf6, 0x0, 0x0, 0x0,
    0x0, 0xa, 0xff, 0xf2, 0xaf, 0xfe, 0x0, 0x0,
    0x0, 0x0, 0x0, 0x3f, 0xff, 0xbf, 0xff, 0x80,
    0x0, 0x0, 0x0, 0x0, 0x0, 0xcf, 0xff, 0xff,
    0xf1, 0x0, 0x0, 0x0, 0x0, 0x0, 0x5, 0xff,
    0xff, 0xfa, 0x0, 0x0, 0x0, 0x0, 0x0, 0x0,
    0xe, 0xff, 0xff, 0x30, 0x0, 0x0, 0x0, 0x0,
    0x0, 0x0, 0x7f, 0xff, 0xc0, 0x0, 0x0, 0x0,

    /* U+0077 "w" */
    0xbf, 0xfd, 0x0, 0x0, 0x0, 0x0, 0xef, 0xfa,
    0x0, 0x0, 0x0, 0x1, 0xff, 0xf4, 0x5f, 0xff,
    0x30, 0x0, 0x0, 0x4, 0xff, 0xff, 0x0, 0x0,
    0x0, 0x6, 0xff, 0xe0, 0xe, 0xff, 0x80, 0x0,
    0x0, 0xa, 0xff, 0xff, 0x50, 0x0, 0x0, 0xc,
    0xff, 0x80, 0x9, 0xff, 0xe0, 0x0, 0x0, 0xf,
    0xff, 0xff, 0xb0, 0x0, 0x0, 0x2f, 0xff, 0x20,
    0x3, 0xff, 0xf4, 0x0, 0x0, 0x6f, 0xff, 0xff,
    0xf1, 0x0, 0x0, 0x8f, 0xfc, 0x0, 0x0, 0xdf,
    0xfa, 0x0, 0x0, 0xcf, 0xfa, 0xff, 0xf7, 0x0,
    0x0, 0xef, 0xf6, 0x0, 0x0, 0x7f, 0xff, 0x0,
    0x2, 0xff, 0xf3, 0x9f, 0xfd, 0x0, 0x4, 0xff,
    0xf1, 0x0, 0x0, 0x2f, 0xff, 0x50, 0x8, 0xff,
    0xd0, 0x3f, 0xff, 0x20, 0xa, 0xff, 0xa0, 0x0,
    0x0, 0xc, 0xff, 0xb0, 0xd, 0xff, 0x70, 0xd,
    0xff, 0x80, 0xf, 0xff, 0x50, 0x0, 0x0, 0x6,
    0xff, 0xf1, 0x3f, 0xff, 0x10, 0x7, 0xff, 0xe0,
    0x6f, 0xfe, 0x0, 0x0, 0x0, 0x0, 0xff, 0xf6,
    0x9f, 0xfa, 0x0, 0x2, 0xff, 0xf4, 0xbf, 0xf9,
    0x0, 0x0, 0x0, 0x0, 0xaf, 0xfc, 0xff, 0xf4,
    0x0, 0x0, 0xcf, 0xfc, 0xff, 0xf3, 0x0, 0x0,
    0x0, 0x0, 0x4f, 0xff, 0xff, 0xe0, 0x0, 0x0,
    0x6f, 0xff, 0xff, 0xd0, 0x0, 0x0, 0x0, 0x0,
    0xe, 0xff, 0xff, 0x80, 0x0, 0x0, 0xf, 0xff,
    0xff, 0x70, 0x0, 0x0, 0x0, 0x0, 0x8, 0xff,
    0xff, 0x20, 0x0, 0x0, 0xa, 0xff, 0xff, 0x10,
    0x0, 0x0, 0x0, 0x0, 0x2, 0xff, 0xfc, 0x0,
    0x0, 0x0, 0x4, 0xff, 0xfb, 0x0, 0x0, 0x0,

    /* U+0078 "x" */
    0x2f, 0xff, 0xf2, 0x0, 0x0, 0x0, 0xcf, 0xff,
    0x40, 0x5f, 0xff, 0xc0, 0x0, 0x0, 0x9f, 0xff,
    0x70, 0x0, 0x8f, 0xff, 0x90, 0x0, 0x5f, 0xff,
    0xb0, 0x0, 0x0, 0xcf, 0xff, 0x50, 0x2f, 0xff,
    0xd1, 0x0, 0x0, 0x1, 0xef, 0xff, 0x2d, 0xff,
    0xf3, 0x0, 0x0, 0x0, 0x4, 0xff, 0xff, 0xff,
    0xf6, 0x0, 0x0, 0x0, 0x0, 0x7, 0xff, 0xff,
    0xfa, 0x0, 0x0, 0x0, 0x0, 0x0, 0xb, 0xff,
    0xfd, 0x0, 0x0, 0x0, 0x0, 0x0, 0x1, 0xef,
    0xff, 0xf2, 0x0, 0x0, 0x0, 0x0, 0x0, 0xbf,
    0xff, 0xff, 0xd0, 0x0, 0x0, 0x0, 0x0, 0x8f,
    0xff, 0xcf, 0xff, 0xa0, 0x0, 0x0, 0x0, 0x4f,
    0xff, 0xc0, 0xaf, 0xff, 0x70, 0x0, 0x0, 0x1e,
    0xff, 0xe1, 0x1, 0xdf, 0xff, 0x30, 0x0, 0xc,
    0xff, 0xf4, 0x0, 0x3, 0xff, 0xfe, 0x10, 0x9,
    0xff, 0xf8, 0x0, 0x0, 0x7, 0xff, 0xfb, 0x5,
    0xff, 0xfc, 0x0, 0x0, 0x0, 0xb, 0xff, 0xf8,

    /* U+0079 "y" */
    0xe, 0xff, 0xe0, 0x0, 0x0, 0x0, 0x0, 0x5f,
    0xff, 0x30, 0x8f, 0xff, 0x60, 0x0, 0x0, 0x0,
    0xc, 0xff, 0xc0, 0x1, 0xff, 0xfc, 0x0, 0x0,
    0x0, 0x3, 0xff, 0xf5, 0x0, 0xa, 0xff, 0xf3,
    0x0, 0x0, 0x0, 0xaf, 0xfe, 0x0, 0x0, 0x3f,
    0xff, 0xa0, 0x0, 0x0, 0x1f, 0xff, 0x70, 0x0,
    0x0, 0xcf, 0xff, 0x10, 0x0, 0x7, 0xff, 0xf1,
    0x0, 0x0, 0x5, 0xff, 0xf8, 0x0, 0x0, 0xef,
    0xfa, 0x0, 0x0, 0x0, 0xd, 0xff, 0xe0, 0x0,
    0x5f, 0xff, 0x30, 0x0, 0x0, 0x0, 0x7f, 0xff,
    0x50, 0xc, 0xff, 0xc0, 0x0, 0x0, 0x0, 0x0,
    0xff, 0xfc, 0x3, 0xff, 0xf5, 0x0, 0x0, 0x0,
    0x0, 0x9, 0xff, 0xf3, 0x9f, 0xfe, 0x0, 0x0,
    0x0, 0x0, 0x0, 0x2f, 0xff, 0xbf, 0xff, 0x70,
    0x0, 0x0, 0x0, 0x0, 0x0, 0xbf, 0xff, 0xff,
    0xf1, 0x0, 0x0, 0x0, 0x0, 0x0, 0x4, 0xff,
    0xff, 0xf9, 0x0, 0x0, 0x0, 0x0, 0x0, 0x0,
    0xd, 0xff, 0xff, 0x20, 0x0, 0x0, 0x0, 0x0,
    0x0, 0x0, 0x6f, 0xff, 0xb0, 0x0, 0x0, 0x0,
    0x0, 0x0, 0x0, 0x5, 0xff, 0xf4, 0x0, 0x0,
    0x0, 0x0, 0x0, 0x0, 0x0, 0xdf, 0xfd, 0x0,
    0x0, 0x0, 0x0, 0x6, 0xc4, 0x13, 0xbf, 0xff,
    0x50, 0x0, 0x0, 0x0, 0x0, 0xef, 0xff, 0xff,
    0xff, 0xc0, 0x0, 0x0, 0x0, 0x0, 0x4f, 0xff,
    0xff, 0xff, 0xc1, 0x0, 0x0, 0x0, 0x0, 0x0,
    0x39, 0xdf, 0xec, 0x50, 0x0, 0x0, 0x0, 0x0,
    0x0,

    /* U+007A "z" */
    0xbf, 0xff, 0xff, 0xff, 0xff, 0xff, 0xfb, 0xbf,
    0xff, 0xff, 0xff, 0xff, 0xff, 0xfb, 0xaf, 0xff,
    0xff, 0xff, 0xff, 0xff, 0xf8, 0x0, 0x0, 0x0,
    0x0, 0x7f, 0xff, 0xb0, 0x0, 0x0, 0x0, 0x5,
    0xff, 0xfd, 0x10, 0x0, 0x0, 0x0, 0x3f, 0xff,
    0xf2, 0x0, 0x0, 0x0, 0x1, 0xef, 0xff, 0x40,
    0x0, 0x0, 0x0, 0xc, 0xff, 0xf7, 0x0, 0x0,
    0x0, 0x0, 0x9f, 0xff, 0xa0, 0x0, 0x0, 0x0,
    0x7, 0xff, 0xfc, 0x0, 0x0, 0x0, 0x0, 0x4f,
    0xff, 0xe1, 0x0, 0x0, 0x0, 0x2, 0xef, 0xff,
    0x20, 0x0, 0x0, 0x0, 0xd, 0xff, 0xf5, 0x0,
    0x0, 0x0, 0x0, 0xaf, 0xff, 0xff, 0xff, 0xff,
    0xff, 0xff, 0xdf, 0xff, 0xff, 0xff, 0xff, 0xff,
    0xff, 0xdf, 0xff, 0xff, 0xff, 0xff, 0xff, 0xff,

    /* U+007B "{" */
    0x0, 0x0, 0x7, 0xce, 0xf9, 0x0, 0x0, 0xcf,
    0xff, 0xf9, 0x0, 0x7, 0xff, 0xff, 0xf9, 0x0,
    0xd, 0xff, 0xf8, 0x10, 0x0, 0xf, 0xff, 0xe0,
    0x0, 0x0, 0xf, 0xff, 0xb0, 0x0, 0x0, 0xf,
    0xff, 0xb0, 0x0, 0x0, 0xf, 0xff, 0xb0, 0x0,
    0x0, 0xf, 0xff, 0xb0, 0x0, 0x0, 0xf, 0xff,
    0xb0, 0x0, 0x0, 0xf, 0xff, 0xb0, 0x0, 0x0,
    0xf, 0xff, 0xb0, 0x0, 0x0, 0x6f, 0xff, 0x90,
    0x0, 0x5f, 0xff, 0xff, 0x30, 0x0, 0x5f, 0xff,
    0xf7, 0x0, 0x0, 0x5f, 0xff, 0xff, 0x40, 0x0,
    0x0, 0x5f, 0xff, 0xa0, 0x0, 0x0, 0xf, 0xff,
    0xb0, 0x0, 0x0, 0xf, 0xff, 0xb0, 0x0, 0x0,
    0xf, 0xff, 0xb0, 0x0, 0x0, 0xf, 0xff, 0xb0,
    0x0, 0x0, 0xf, 0xff, 0xb0, 0x0, 0x0, 0xf,
    0xff, 0xb0, 0x0, 0x0, 0xf, 0xff, 0xd0, 0x0,
    0x0, 0xe, 0xff, 0xf7, 0x0, 0x0, 0x9, 0xff,
    0xff, 0xf9, 0x0, 0x1, 0xef, 0xff, 0xf9, 0x0,
    0x0, 0x18, 0xdf, 0xf9,

    /* U+007C "|" */
    0x2b, 0xbb, 0x33, 0xff, 0xf4, 0x3f, 0xff, 0x43,
    0xff, 0xf4, 0x3f, 0xff, 0x43, 0xff, 0xf4, 0x3f,
    0xff, 0x43, 0xff, 0xf4, 0x3f, 0xff, 0x43, 0xff,
    0xf4, 0x3f, 0xff, 0x43, 0xff, 0xf4, 0x3f, 0xff,
    0x43, 0xff, 0xf4, 0x3f, 0xff, 0x43, 0xff, 0xf4,
    0x3f, 0xff, 0x43, 0xff, 0xf4, 0x3f, 0xff, 0x43,
    0xff, 0xf4, 0x3f, 0xff, 0x43, 0xff, 0xf4, 0x3f,
    0xff, 0x43, 0xff, 0xf4, 0x3f, 0xff, 0x43, 0xff,
    0xf4, 0x3f, 0xff, 0x43, 0xff, 0xf4,

    /* U+007D "}" */
    0x7f, 0xec, 0x81, 0x0, 0x0, 0x7f, 0xff, 0xfd,
    0x10, 0x0, 0x7f, 0xff, 0xff, 0x90, 0x0, 0x0,
    0x6f, 0xff, 0xf0, 0x0, 0x0, 0xc, 0xff, 0xf1,
    0x0, 0x0, 0x9, 0xff, 0xf2, 0x0, 0x0, 0x9,
    0xff, 0xf2, 0x0, 0x0, 0x9, 0xff, 0xf2, 0x0,
    0x0, 0x9, 0xff, 0xf2, 0x0, 0x0, 0x9, 0xff,
    0xf2, 0x0, 0x0, 0x9, 0xff, 0xf2, 0x0, 0x0,
    0x9, 0xff, 0xf2, 0x0, 0x0, 0x7, 0xff, 0xf8,
    0x0, 0x0, 0x2, 0xff, 0xff, 0xf7, 0x0, 0x0,
    0x5f, 0xff, 0xf7, 0x0, 0x2, 0xff, 0xff, 0xf7,
    0x0, 0x8, 0xff, 0xf7, 0x0, 0x0, 0x9, 0xff,
    0xf2, 0x0, 0x0, 0x9, 0xff, 0xf2, 0x0, 0x0,
    0x9, 0xff, 0xf2, 0x0, 0x0, 0x9, 0xff, 0xf2,
    0x0, 0x0, 0x9, 0xff, 0xf2, 0x0, 0x0, 0x9,
    0xff, 0xf2, 0x0, 0x0, 0xb, 0xff, 0xf1, 0x0,
    0x0, 0x5f, 0xff, 0xf0, 0x0, 0x7f, 0xff, 0xff,
    0xb0, 0x0, 0x7f, 0xff, 0xfe, 0x20, 0x0, 0x7f,
    0xfd, 0x91, 0x0, 0x0,

    /* U+007E "~" */
    0x0, 0x18, 0xbb, 0x60, 0x0, 0x0, 0x28, 0x80,
    0x2, 0xef, 0xff, 0xfd, 0x30, 0x0, 0x8f, 0xf0,
    0xb, 0xff, 0xff, 0xff, 0xf6, 0x3, 0xef, 0xd0,
    0x1f, 0xfc, 0x21, 0xbf, 0xff, 0xff, 0xff, 0x80,
    0x4f, 0xf4, 0x0, 0x8, 0xff, 0xff, 0xfd, 0x0,
    0x4c, 0xc0, 0x0, 0x0, 0x3b, 0xfe, 0xa1, 0x0,

    /* U+00A0 " " */

    /* U+00A1 "¡" */
    0x4, 0xdf, 0x90, 0x1f, 0xff, 0xf5, 0x2f, 0xff,
    0xf8, 0xd, 0xff, 0xf3, 0x0, 0x68, 0x30, 0x0,
    0x0, 0x0, 0x0, 0x0, 0x0, 0x5, 0xff, 0xb0,
    0x6, 0xff, 0xc0, 0x6, 0xff, 0xc0, 0x7, 0xff,
    0xd0, 0x8, 0xff, 0xe0, 0x9, 0xff, 0xf0, 0xa,
    0xff, 0xf0, 0xb, 0xff, 0xf1, 0xc, 0xff, 0xf2,
    0xc, 0xff, 0xf3, 0xd, 0xff, 0xf4, 0xe, 0xff,
    0xf4, 0xf, 0xff, 0xf5, 0x8, 0x88, 0x83,

    /* U+00A2 "¢" */
    0x0, 0x0, 0x0, 0x9, 0xfb, 0x0, 0x0, 0x0,
    0x0, 0x0, 0x0, 0xa, 0xfc, 0x0, 0x0, 0x0,
    0x0, 0x0, 0x0, 0xa, 0xfc, 0x0, 0x0, 0x0,
    0x0, 0x0, 0x0, 0x4c, 0xfe, 0x62, 0x0, 0x0,
    0x0, 0x1, 0x9f, 0xff, 0xff, 0xff, 0xc4, 0x0,
    0x0, 0x3e, 0xff, 0xff, 0xff, 0xff, 0xff, 0x60,
    0x2, 0xff, 0xff, 0xff, 0xfe, 0xef, 0xff, 0xf3,
    0xc, 0xff, 0xfc, 0x2a, 0xfc, 0x7, 0xff, 0xc3,
    0x4f, 0xff, 0xd0, 0xa, 0xfc, 0x0, 0x65, 0x0,
    0x9f, 0xff, 0x50, 0xa, 0xfc, 0x0, 0x0, 0x0,
    0xcf, 0xff, 0x0, 0xa, 0xfc, 0x0, 0x0, 0x0,
    0xdf, 0xff, 0x0, 0xa, 0xfc, 0x0, 0x0, 0x0,
    0xcf, 0xff, 0x0, 0xa, 0xfc, 0x0, 0x0, 0x0,
    0x9f, 0xff, 0x40, 0xa, 0xfc, 0x0, 0x0, 0x0,
    0x4f, 0xff, 0xc0, 0xa, 0xfc, 0x0, 0x54, 0x0,
    0xd, 0xff, 0xfb, 0x1a, 0xfc, 0x6, 0xff, 0xb2,
    0x3, 0xff, 0xff, 0xfe, 0xfe, 0xdf, 0xff, 0xf4,
    0x0, 0x4f, 0xff, 0xff, 0xff, 0xff, 0xff, 0x70,
    0x0, 0x2, 0xaf, 0xff, 0xff, 0xff, 0xd5, 0x0,
    0x0, 0x0, 0x1, 0x5d, 0xfe, 0x74, 0x0, 0x0,
    0x0, 0x0, 0x0, 0xa, 0xfc, 0x0, 0x0, 0x0,
    0x0, 0x0, 0x0, 0xa, 0xfc, 0x0, 0x0, 0x0,
    0x0, 0x0, 0x0, 0xa, 0xfc, 0x0, 0x0, 0x0,

    /* U+00A3 "£" */
    0x0, 0x0, 0x0, 0x0, 0x16, 0xbd, 0xff, 0xfd,
    0xa6, 0x0, 0x0, 0x0, 0x0, 0x7, 0xff, 0xff,
    0xff, 0xff, 0xff, 0xe2, 0x0, 0x0, 0x0, 0xbf,
    0xff, 0xff, 0xff, 0xff, 0xff, 0xd0, 0x0, 0x0,
    0x8, 0xff, 0xff, 0xd8, 0x66, 0x79, 0xdf, 0x70,
    0x0, 0x0, 0x2f, 0xff, 0xf7, 0x0, 0x0, 0x0,
    0x4, 0x10, 0x0, 0x0, 0x8f, 0xff, 0x90, 0x0,
    0x0, 0x0, 0x0, 0x0, 0x0, 0x0, 0xcf, 0xff,
    0x20, 0x0, 0x0, 0x0, 0x0, 0x0, 0x0, 0x0,
    0xef, 0xff, 0x0, 0x0, 0x0, 0x0, 0x0, 0x0,
    0x0, 0x0, 0xff, 0xff, 0x0, 0x0, 0x0, 0x0,
    0x0, 0x0, 0x6, 0x66, 0xff, 0xff, 0x66, 0x66,
    0x66, 0x63, 0x0, 0x0, 0x1f, 0xff, 0xff, 0xff,
    0xff, 0xff, 0xff, 0xf8, 0x0, 0x0, 0x1f, 0xff,
    0xff, 0xff, 0xff, 0xff, 0xff, 0xf8, 0x0, 0x0,
    0x0, 0x0, 0xff, 0xff, 0x0, 0x0, 0x0, 0x0,
    0x0, 0x0, 0x0, 0x0, 0xff, 0xff, 0x0, 0x0,
    0x0, 0x0, 0x0, 0x0, 0x0, 0x0, 0xff, 0xff,
    0x0, 0x0, 0x0, 0x0, 0x0, 0x0, 0x0, 0x0,
    0xff, 0xff, 0x0, 0x0, 0x0, 0x0, 0x0, 0x0,
    0x0, 0x0, 0xff, 0xff, 0x0, 0x0, 0x0, 0x0,
    0x0, 0x0, 0x3, 0x33, 0xff, 0xff, 0x33, 0x33,
    0x33, 0x33, 0x33, 0x20, 0x1f, 0xff, 0xff, 0xff,
    0xff, 0xff, 0xff, 0xff, 0xff, 0xc0, 0x1f, 0xff,
    0xff, 0xff, 0xff, 0xff, 0xff, 0xff, 0xff, 0xc0,
    0x1f, 0xff, 0xff, 0xff, 0xff, 0xff, 0xff, 0xff,
    0xff, 0xc0,

    /* U+00A4 "¤" */
    0x0, 0x43, 0x0, 0x0, 0x0, 0x0, 0x0, 0x0,
    0x4, 0x30, 0x0, 0x3f, 0xf4, 0x0, 0x0, 0x0,
    0x0, 0x0, 0x4, 0xff, 0x30, 0xe, 0xff, 0xf4,
    0x6, 0xbe, 0xfe, 0xb6, 0x4, 0xff, 0xfd, 0x0,
    0x3e, 0xff, 0xfe, 0xff, 0xff, 0xff, 0xfe, 0xff,
    0xfe, 0x20, 0x0, 0x3e, 0xff, 0xff, 0xff, 0xff,
    0xff, 0xff, 0xfe, 0x20, 0x0, 0x0, 0x5f, 0xff,
    0xe6, 0x10, 0x16, 0xdf, 0xff, 0x50, 0x0, 0x0,
    0xc, 0xff, 0xc0, 0x0, 0x0, 0x0, 0xbf, 0xfc,
    0x0, 0x0, 0x2, 0xff, 0xf1, 0x0, 0x0, 0x0,
    0x1, 0xff, 0xf3, 0x0, 0x0, 0x6f, 0xfa, 0x0,
    0x0, 0x0, 0x0, 0x9, 0xff, 0x70, 0x0, 0x7,
    0xff, 0x80, 0x0, 0x0, 0x0, 0x0, 0x7f, 0xf8,
    0x0, 0x0, 0x6f, 0xfa, 0x0, 0x0, 0x0, 0x0,
    0x9, 0xff, 0x70, 0x0, 0x3, 0xff, 0xf1, 0x0,
    0x0, 0x0, 0x1, 0xff, 0xf3, 0x0, 0x0, 0xc,
    0xff, 0xc0, 0x0, 0x0, 0x0, 0xbf, 0xfd, 0x0,
    0x0, 0x0, 0x4f, 0xff, 0xd6, 0x10, 0x16, 0xdf,
    0xff, 0x40, 0x0, 0x0, 0x1d, 0xff, 0xff, 0xff,
    0xff, 0xff, 0xff, 0xfd, 0x10, 0x0, 0x1d, 0xff,
    0xfe, 0xff, 0xff, 0xff, 0xfe, 0xff, 0xfd, 0x10,
    0xd, 0xff, 0xf6, 0x5, 0xbe, 0xfe, 0xb6, 0x7,
    0xff, 0xfd, 0x0, 0x5f, 0xf6, 0x0, 0x0, 0x0,
    0x0, 0x0, 0x6, 0xff, 0x50, 0x0, 0x66, 0x0,
    0x0, 0x0, 0x0, 0x0, 0x0, 0x6, 0x60, 0x0,

    /* U+00A5 "¥" */
    0xd, 0xff, 0xf3, 0x0, 0x0, 0x0, 0x0, 0x0,
    0x0, 0x5f, 0xff, 0x90, 0x4f, 0xff, 0xd0, 0x0,
    0x0, 0x0, 0x0, 0x0, 0x1f, 0xff, 0xd0, 0x0,
    0x9f, 0xff, 0x90, 0x0, 0x0, 0x0, 0x0, 0xb,
    0xff, 0xf3, 0x0, 0x0, 0xdf, 0xff, 0x40, 0x0,
    0x0, 0x0, 0x6, 0xff, 0xf8, 0x0, 0x0, 0x3,
    0xff, 0xfe, 0x0, 0x0, 0x0, 0x2, 0xff, 0xfc,
    0x0, 0x0, 0x0, 0x8, 0xff, 0xfa, 0x0, 0x0,
    0x0, 0xcf, 0xff, 0x20, 0x0, 0x0, 0x0, 0xd,
    0xff, 0xf4, 0x0, 0x0, 0x7f, 0xff, 0x70, 0x0,
    0x0, 0x0, 0x0, 0x2f, 0xff, 0xe1, 0x0, 0x2f,
    0xff, 0xc0, 0x0, 0x0, 0x0, 0x0, 0x0, 0x7f,
    0xff, 0xa0, 0xc, 0xff, 0xf2, 0x0, 0x0, 0x0,
    0x0, 0x0, 0x0, 0xcf, 0xff, 0x58, 0xff, 0xf6,
    0x0, 0x0, 0x0, 0x0, 0x0, 0x0, 0x2, 0xff,
    0xff, 0xff, 0xfb, 0x0, 0x0, 0x0, 0x0, 0x0,
    0x1, 0x11, 0x17, 0xff, 0xff, 0xff, 0x31, 0x11,
    0x0, 0x0, 0x0, 0x1, 0xff, 0xff, 0xff, 0xff,
    0xff, 0xff, 0xff, 0xfc, 0x0, 0x0, 0x0, 0x1f,
    0xff, 0xff, 0xff, 0xff, 0xff, 0xff, 0xff, 0xc0,
    0x0, 0x0, 0x0, 0x0, 0x0, 0x2, 0xff, 0xfc,
    0x0, 0x0, 0x0, 0x0, 0x0, 0x0, 0x1, 0x11,
    0x11, 0x3f, 0xff, 0xc1, 0x11, 0x11, 0x0, 0x0,
    0x0, 0x1, 0xff, 0xff, 0xff, 0xff, 0xff, 0xff,
    0xff, 0xfc, 0x0, 0x0, 0x0, 0x1f, 0xff, 0xff,
    0xff, 0xff, 0xff, 0xff, 0xff, 0xc0, 0x0, 0x0,
    0x0, 0x0, 0x0, 0x2, 0xff, 0xfc, 0x0, 0x0,
    0x0, 0x0, 0x0, 0x0, 0x0, 0x0, 0x0, 0x2f,
    0xff, 0xc0, 0x0, 0x0, 0x0, 0x0, 0x0, 0x0,
    0x0, 0x0, 0x2, 0xff, 0xfc, 0x0, 0x0, 0x0,
    0x0, 0x0,

    /* U+00A6 "¦" */
    0x3f, 0xff, 0x43, 0xff, 0xf4, 0x3f, 0xff, 0x43,
    0xff, 0xf4, 0x3f, 0xff, 0x43, 0xff, 0xf4, 0x3f,
    0xff, 0x43, 0xff, 0xf4, 0x3f, 0xff, 0x43, 0xff,
    0xf4, 0x16, 0x66, 0x10, 0x0, 0x0, 0x0, 0x0,
    0x0, 0x0, 0x0, 0x0, 0x0, 0x0, 0x0, 0x0,
    0x0, 0x0, 0x1, 0x66, 0x61, 0x3f, 0xff, 0x43,
    0xff, 0xf4, 0x3f, 0xff, 0x43, 0xff, 0xf4, 0x3f,
    0xff, 0x43, 0xff, 0xf4, 0x3f, 0xff, 0x43, 0xff,
    0xf4, 0x3f, 0xff, 0x43, 0xff, 0xf4,

    /* U+00A7 "§" */
    0x0, 0x0, 0x28, 0xce, 0xff, 0xda, 0x71, 0x0,
    0x0, 0x8f, 0xff, 0xff, 0xff, 0xff, 0xf5, 0x0,
    0x8f, 0xff, 0xff, 0xde, 0xff, 0xff, 0x20, 0x1f,
    0xff, 0xb2, 0x0, 0x0, 0x4a, 0xb0, 0x5, 0xff,
    0xf1, 0x0, 0x0, 0x0, 0x0, 0x0, 0x5f, 0xff,
    0x20, 0x0, 0x0, 0x0, 0x0, 0x2, 0xff, 0xfe,
    0x61, 0x0, 0x0, 0x0, 0x0, 0x8, 0xff, 0xff,
    0xfd, 0x94, 0x0, 0x0, 0x0, 0x6f, 0xff, 0xff,
    0xff, 0xfe, 0x60, 0x0, 0x4f, 0xff, 0xc9, 0xdf,
    0xff, 0xff, 0x70, 0xc, 0xff, 0xa0, 0x0, 0x17,
    0xef, 0xff, 0x10, 0xff, 0xf4, 0x0, 0x0, 0x2,
    0xff, 0xf4, 0xf, 0xff, 0x70, 0x0, 0x0, 0xf,
    0xff, 0x50, 0xcf, 0xff, 0x82, 0x0, 0x5, 0xff,
    0xf2, 0x3, 0xff, 0xff, 0xfe, 0xa9, 0xff, 0xf9,
    0x0, 0x3, 0xcf, 0xff, 0xff, 0xff, 0xfb, 0x0,
    0x0, 0x0, 0x16, 0xbe, 0xff, 0xff, 0xd0, 0x0,
    0x0, 0x0, 0x0, 0x3, 0xaf, 0xff, 0x70, 0x0,
    0x0, 0x0, 0x0, 0x0, 0xcf, 0xfa, 0x0, 0x22,
    0x0, 0x0, 0x0, 0xb, 0xff, 0xa0, 0x9, 0xfa,
    0x40, 0x0, 0x6, 0xff, 0xf7, 0x0, 0xff, 0xff,
    0xfe, 0xef, 0xff, 0xfd, 0x0, 0x1a, 0xff, 0xff,
    0xff, 0xff, 0xfd, 0x20, 0x0, 0x2, 0x6b, 0xdf,
    0xfe, 0xa5, 0x0, 0x0,

    /* U+00A8 "¨" */
    0x6, 0x71, 0x0, 0x17, 0x60, 0x8f, 0xfb, 0x0,
    0xbf, 0xf8, 0xaf, 0xfd, 0x0, 0xdf, 0xfa, 0x3d,
    0xe4, 0x0, 0x5e, 0xd2,

    /* U+00A9 "©" */
    0x0, 0x0, 0x0, 0x16, 0xbd, 0xff, 0xda, 0x61,
    0x0, 0x0, 0x0, 0x0, 0x0, 0x8, 0xff, 0xeb,
    0xaa, 0xcf, 0xfe, 0x70, 0x0, 0x0, 0x0, 0x2,
    0xdf, 0xb4, 0x0, 0x0, 0x0, 0x5d, 0xfc, 0x10,
    0x0, 0x0, 0x1e, 0xf7, 0x0, 0x0, 0x0, 0x0,
    0x0, 0x9f, 0xd0, 0x0, 0x0, 0xcf, 0x50, 0x0,
    0x4, 0x67, 0x51, 0x0, 0x7, 0xfa, 0x0, 0x6,
    0xf9, 0x0, 0x7, 0xef, 0xff, 0xff, 0x90, 0x0,
    0xbf, 0x40, 0xe, 0xe0, 0x0, 0x9f, 0xff, 0xff,
    0xff, 0xfc, 0x0, 0x2f, 0xb0, 0x3f, 0x80, 0x5,
    0xff, 0xf7, 0x10, 0x4d, 0xf8, 0x0, 0xb, 0xf1,
    0x7f, 0x30, 0xc, 0xff, 0x50, 0x0, 0x1, 0x20,
    0x0, 0x7, 0xf4, 0x9f, 0x10, 0xf, 0xfe, 0x0,
    0x0, 0x0, 0x0, 0x0, 0x4, 0xf6, 0xaf, 0x0,
    0x1f, 0xfc, 0x0, 0x0, 0x0, 0x0, 0x0, 0x4,
    0xf7, 0x9f, 0x10, 0xf, 0xfe, 0x0, 0x0, 0x0,
    0x0, 0x0, 0x5, 0xf6, 0x7f, 0x30, 0xc, 0xff,
    0x50, 0x0, 0x1, 0x30, 0x0, 0x7, 0xf4, 0x3f,
    0x80, 0x5, 0xff, 0xf7, 0x10, 0x4d, 0xf9, 0x0,
    0xc, 0xf0, 0xe, 0xe0, 0x0, 0x9f, 0xff, 0xff,
    0xff, 0xfb, 0x0, 0x3f, 0xb0, 0x6, 0xf8, 0x0,
    0x7, 0xef, 0xff, 0xff, 0x90, 0x0, 0xcf, 0x30,
    0x0, 0xcf, 0x50, 0x0, 0x4, 0x77, 0x51, 0x0,
    0x9, 0xf9, 0x0, 0x0, 0x1e, 0xf7, 0x0, 0x0,
    0x0, 0x0, 0x0, 0xaf, 0xc0, 0x0, 0x0, 0x2,
    0xdf, 0xb4, 0x0, 0x0, 0x1, 0x6e, 0xfb, 0x0,
    0x0, 0x0, 0x0, 0x8, 0xff, 0xeb, 0xab, 0xcf,
    0xfe, 0x60, 0x0, 0x0, 0x0, 0x0, 0x0, 0x17,
    0xbe, 0xff, 0xda, 0x50, 0x0, 0x0, 0x0,

    /* U+00AA "ª" */
    0x0, 0x5b, 0xef, 0xfc, 0x60, 0x0, 0x7f, 0xff,
    0xff, 0xff, 0xa0, 0x1, 0xb5, 0x0, 0x2b, 0xff,
    0x30, 0x0, 0x0, 0x0, 0x3f, 0xf6, 0x0, 0x7d,
    0xff, 0xff, 0xff, 0x70, 0x9f, 0xfa, 0x88, 0x9f,
    0xf7, 0xe, 0xf9, 0x0, 0x2, 0xff, 0x70, 0xdf,
    0xc2, 0x2, 0xcf, 0xf7, 0x5, 0xff, 0xff, 0xfe,
    0xff, 0x70, 0x3, 0x9b, 0xa7, 0x1b, 0xb5,

    /* U+00AB "«" */
    0x0, 0x0, 0x47, 0x75, 0x0, 0x37, 0x77, 0x0,
    0x0, 0x3f, 0xff, 0x30, 0x1e, 0xff, 0x70, 0x0,
    0x1d, 0xff, 0x70, 0xb, 0xff, 0xb0, 0x0, 0xa,
    0xff, 0xb0, 0x7, 0xff, 0xe1, 0x0, 0x6, 0xff,
    0xe1, 0x3, 0xff, 0xf4, 0x0, 0x2, 0xff, 0xf4,
    0x0, 0xdf, 0xf8, 0x0, 0x0, 0x8f, 0xfe, 0x0,
    0x4f, 0xff, 0x30, 0x0, 0x0, 0xcf, 0xf9, 0x0,
    0x9f, 0xfd, 0x0, 0x0, 0x2, 0xff, 0xf5, 0x0,
    0xdf, 0xf9, 0x0, 0x0, 0x5, 0xff, 0xf2, 0x2,
    0xff, 0xf5, 0x0, 0x0, 0x9, 0xff, 0xc0, 0x5,
    0xff, 0xe1, 0x0, 0x0, 0xd, 0xff, 0x80, 0x9,
    0xff, 0xc0,

    /* U+00AC "¬" */
    0xf, 0xff, 0xff, 0xff, 0xff, 0xff, 0xff, 0xb0,
    0xff, 0xff, 0xff, 0xff, 0xff, 0xff, 0xfc, 0xf,
    0xff, 0xff, 0xff, 0xff, 0xff, 0xff, 0xc0, 0x0,
    0x0, 0x0, 0x0, 0x0, 0x7f, 0xfc, 0x0, 0x0,
    0x0, 0x0, 0x0, 0x7, 0xff, 0xc0, 0x0, 0x0,
    0x0, 0x0, 0x0, 0x7f, 0xfc, 0x0, 0x0, 0x0,
    0x0, 0x0, 0x7, 0xff, 0xc0, 0x0, 0x0, 0x0,
    0x0, 0x0, 0x7f, 0xfc,

    /* U+00AE "®" */
    0x0, 0x0, 0x0, 0x16, 0xbd, 0xff, 0xda, 0x61,
    0x0, 0x0, 0x0, 0x0, 0x0, 0x8, 0xff, 0xeb,
    0xaa, 0xcf, 0xfe, 0x70, 0x0, 0x0, 0x0, 0x2,
    0xdf, 0xb4, 0x0, 0x0, 0x0, 0x5d, 0xfc, 0x10,
    0x0, 0x0, 0x1e, 0xf7, 0x0, 0x0, 0x0, 0x0,
    0x0, 0x9f, 0xd0, 0x0, 0x0, 0xcf, 0x50, 0x0,
    0x0, 0x0, 0x0, 0x0, 0x7, 0xfa, 0x0, 0x6,
    0xf9, 0x0, 0x8f, 0xff, 0xff, 0xeb, 0x40, 0x0,
    0xbf, 0x40, 0xe, 0xe0, 0x0, 0x8f, 0xff, 0xff,
    0xff, 0xf7, 0x0, 0x2f, 0xb0, 0x3f, 0x80, 0x0,
    0x8f, 0xf0, 0x0, 0x3c, 0xff, 0x10, 0xb, 0xf1,
    0x7f, 0x30, 0x0, 0x8f, 0xf0, 0x0, 0x3, 0xff,
    0x50, 0x7, 0xf4, 0x9f, 0x10, 0x0, 0x8f, 0xf0,
    0x0, 0x3, 0xff, 0x40, 0x4, 0xf6, 0xaf, 0x0,
    0x0, 0x8f, 0xf0, 0x0, 0x3d, 0xff, 0x10, 0x4,
    0xf7, 0x9f, 0x10, 0x0, 0x8f, 0xff, 0xff, 0xff,
    0xf7, 0x0, 0x5, 0xf6, 0x7f, 0x30, 0x0, 0x8f,
    0xff, 0xff, 0xff, 0x50, 0x0, 0x7, 0xf4, 0x3f,
    0x80, 0x0, 0x8f, 0xf0, 0x0, 0xdf, 0xa0, 0x0,
    0xc, 0xf0, 0xe, 0xe0, 0x0, 0x8f, 0xf0, 0x0,
    0x3f, 0xf5, 0x0, 0x3f, 0xb0, 0x6, 0xf8, 0x0,
    0x8f, 0xf0, 0x0, 0x9, 0xfe, 0x10, 0xcf, 0x30,
    0x0, 0xcf, 0x50, 0x37, 0x70, 0x0, 0x0, 0x77,
    0x39, 0xf9, 0x0, 0x0, 0x1e, 0xf7, 0x0, 0x0,
    0x0, 0x0, 0x0, 0xaf, 0xc0, 0x0, 0x0, 0x2,
    0xdf, 0xb4, 0x0, 0x0, 0x1, 0x6e, 0xfb, 0x0,
    0x0, 0x0, 0x0, 0x8, 0xff, 0xeb, 0xab, 0xcf,
    0xfe, 0x60, 0x0, 0x0, 0x0, 0x0, 0x0, 0x17,
    0xbe, 0xff, 0xda, 0x50, 0x0, 0x0, 0x0,

    /* U+00AF "¯" */
    0x3, 0x33, 0x33, 0x33, 0x33, 0x30, 0x3f, 0xff,
    0xff, 0xff, 0xff, 0xf3, 0x3f, 0xff, 0xff, 0xff,
    0xff, 0xf3,

    /* U+00B0 "°" */
    0x0, 0x29, 0xde, 0xc6, 0x0, 0x0, 0x5f, 0xff,
    0xff, 0xfc, 0x0, 0x2f, 0xf9, 0x20, 0x4e, 0xf9,
    0x8, 0xfb, 0x0, 0x0, 0x3f, 0xf1, 0xcf, 0x50,
    0x0, 0x0, 0xdf, 0x4c, 0xf5, 0x0, 0x0, 0xd,
    0xf4, 0x9f, 0xa0, 0x0, 0x2, 0xff, 0x12, 0xff,
    0x81, 0x4, 0xdf, 0xa0, 0x5, 0xff, 0xff, 0xff,
    0xc0, 0x0, 0x3, 0xae, 0xfd, 0x70, 0x0,

    /* U+00B1 "±" */
    0x0, 0x0, 0x0, 0xae, 0xe6, 0x0, 0x0, 0x0,
    0x0, 0x0, 0xb, 0xff, 0x70, 0x0, 0x0, 0x0,
    0x0, 0x0, 0xbf, 0xf7, 0x0, 0x0, 0x0, 0x0,
    0x0, 0xb, 0xff, 0x70, 0x0, 0x0, 0x0, 0x0,
    0x0, 0xbf, 0xf7, 0x0, 0x0, 0x0, 0xff, 0xff,
    0xff, 0xff, 0xff, 0xff, 0xfb, 0xf, 0xff, 0xff,
    0xff, 0xff, 0xff, 0xff, 0xc0, 0xff, 0xff, 0xff,
    0xff, 0xff, 0xff, 0xfc, 0x0, 0x0, 0x0, 0xbf,
    0xf7, 0x0, 0x0, 0x0, 0x0, 0x0, 0xb, 0xff,
    0x70, 0x0, 0x0, 0x0, 0x0, 0x0, 0xbf, 0xf7,
    0x0, 0x0, 0x0, 0x0, 0x0, 0xb, 0xff, 0x70,
    0x0, 0x0, 0x0, 0x0, 0x0, 0xbf, 0xf7, 0x0,
    0x0, 0x0, 0x0, 0x0, 0x0, 0x0, 0x0, 0x0,
    0x0, 0x0, 0x0, 0x0, 0x0, 0x0, 0x0, 0x0,
    0x0, 0x0, 0x0, 0x0, 0x0, 0x0, 0x0, 0x0,
    0xf, 0xff, 0xff, 0xff, 0xff, 0xff, 0xff, 0xc0,
    0xff, 0xff, 0xff, 0xff, 0xff, 0xff, 0xfc, 0xf,
    0xff, 0xff, 0xff, 0xff, 0xff, 0xff, 0xc0,

    /* U+00B2 "²" */
    0x0, 0x3a, 0xdf, 0xfd, 0x92, 0x0, 0x9, 0xff,
    0xff, 0xff, 0xff, 0x30, 0x1b, 0xfc, 0x64, 0x4a,
    0xff, 0xd0, 0x0, 0x40, 0x0, 0x0, 0xcf, 0xf0,
    0x0, 0x0, 0x0, 0x0, 0xef, 0xc0, 0x0, 0x0,
    0x0, 0xb, 0xff, 0x40, 0x0, 0x0, 0x2, 0xdf,
    0xf5, 0x0, 0x0, 0x0, 0x4e, 0xfe, 0x40, 0x0,
    0x0, 0x6, 0xff, 0xd2, 0x0, 0x0, 0x0, 0x9f,
    0xfc, 0x21, 0x11, 0x10, 0x9, 0xff, 0xff, 0xff,
    0xff, 0xf8, 0xb, 0xff, 0xff, 0xff, 0xff, 0xf8,

    /* U+00B3 "³" */
    0xd, 0xff, 0xff, 0xff, 0xff, 0xf0, 0xd, 0xff,
    0xff, 0xff, 0xff, 0xf0, 0x1, 0x11, 0x11, 0x2c,
    0xfe, 0x30, 0x0, 0x0, 0x0, 0xcf, 0xe3, 0x0,
    0x0, 0x0, 0x1c, 0xff, 0x30, 0x0, 0x0, 0x0,
    0x6f, 0xff, 0xfb, 0x20, 0x0, 0x0, 0x39, 0xac,
    0xff, 0xf2, 0x0, 0x0, 0x0, 0x0, 0x5f, 0xf8,
    0x1, 0x0, 0x0, 0x0, 0x2f, 0xfa, 0xc, 0xe9,
    0x53, 0x46, 0xdf, 0xf5, 0x2f, 0xff, 0xff, 0xff,
    0xff, 0x90, 0x1, 0x7b, 0xef, 0xfe, 0xb5, 0x0,

    /* U+00B4 "´" */
    0x0, 0x1, 0xdf, 0xff, 0x50, 0x1, 0xdf, 0xfd,
    0x20, 0x1, 0xdf, 0xfa, 0x0, 0x2, 0xef, 0xf6,
    0x0, 0x0,

    /* U+00B5 "µ" */
    0x8f, 0xff, 0x30, 0x0, 0x0, 0x0, 0xaf, 0xff,
    0x28, 0xff, 0xf3, 0x0, 0x0, 0x0, 0xa, 0xff,
    0xf2, 0x8f, 0xff, 0x30, 0x0, 0x0, 0x0, 0xaf,
    0xff, 0x28, 0xff, 0xf3, 0x0, 0x0, 0x0, 0xa,
    0xff, 0xf2, 0x8f, 0xff, 0x30, 0x0, 0x0, 0x0,
    0xaf, 0xff, 0x28, 0xff, 0xf3, 0x0, 0x0, 0x0,
    0xa, 0xff, 0xf2, 0x8f, 0xff, 0x30, 0x0, 0x0,
    0x0, 0xaf, 0xff, 0x28, 0xff, 0xf3, 0x0, 0x0,
    0x0, 0xa, 0xff, 0xf2, 0x8f, 0xff, 0x30, 0x0,
    0x0, 0x0, 0xaf, 0xff, 0x28, 0xff, 0xf4, 0x0,
    0x0, 0x0, 0xc, 0xff, 0xf2, 0x8f, 0xff, 0x70,
    0x0, 0x0, 0x1, 0xff, 0xff, 0x28, 0xff, 0xfd,
    0x0, 0x0, 0x0, 0xaf, 0xff, 0xf2, 0x8f, 0xff,
    0xfc, 0x41, 0x14, 0xcf, 0xff, 0xff, 0x28, 0xff,
    0xff, 0xff, 0xff, 0xff, 0xff, 0xff, 0xf2, 0x8f,
    0xff, 0xff, 0xff, 0xff, 0xfe, 0x8f, 0xff, 0x28,
    0xff, 0xf4, 0x8d, 0xff, 0xc7, 0x6, 0xff, 0xf2,
    0x8f, 0xff, 0x30, 0x0, 0x0, 0x0, 0x0, 0x0,
    0x8, 0xff, 0xf3, 0x0, 0x0, 0x0, 0x0, 0x0,
    0x0, 0x8f, 0xff, 0x30, 0x0, 0x0, 0x0, 0x0,
    0x0, 0x8, 0xff, 0xf3, 0x0, 0x0, 0x0, 0x0,
    0x0, 0x0, 0x8f, 0xff, 0x30, 0x0, 0x0, 0x0,
    0x0, 0x0, 0x8, 0xff, 0xf3, 0x0, 0x0, 0x0,
    0x0, 0x0, 0x0,

    /* U+00B6 "¶" */
    0x0, 0x0, 0x59, 0xbc, 0xcc, 0xcc, 0xcc, 0xcc,
    0xc1, 0x0, 0x5e, 0xff, 0xff, 0xff, 0xff, 0xff,
    0xff, 0xf2, 0x6, 0xff, 0xff, 0xff, 0xff, 0xff,
    0xff, 0xff, 0xf2, 0xf, 0xff, 0xff, 0xff, 0xfe,
    0x0, 0x0, 0xff, 0xf2, 0x5f, 0xff, 0xff, 0xff,
    0xfe, 0x0, 0x0, 0xff, 0xf2, 0x7f, 0xff, 0xff,
    0xff, 0xfe, 0x0, 0x0, 0xff, 0xf2, 0x6f, 0xff,
    0xff, 0xff, 0xfe, 0x0, 0x0, 0xff, 0xf2, 0x2f,
    0xff, 0xff, 0xff, 0xfe, 0x0, 0x0, 0xff, 0xf2,
    0xa, 0xff, 0xff, 0xff, 0xfe, 0x0, 0x0, 0xff,
    0xf2, 0x0, 0xcf, 0xff, 0xff, 0xfe, 0x0, 0x0,
    0xff, 0xf2, 0x0, 0x6, 0xcf, 0xff, 0xfe, 0x0,
    0x0, 0xff, 0xf2, 0x0, 0x0, 0x0, 0x4f, 0xfe,
    0x0, 0x0, 0xff, 0xf2, 0x0, 0x0, 0x0, 0x3f,
    0xfe, 0x0, 0x0, 0xff, 0xf2, 0x0, 0x0, 0x0,
    0x3f, 0xfe, 0x0, 0x0, 0xff, 0xf2, 0x0, 0x0,
    0x0, 0x3f, 0xfe, 0x0, 0x0, 0xff, 0xf2, 0x0,
    0x0, 0x0, 0x3f, 0xfe, 0x0, 0x0, 0xff, 0xf2,
    0x0, 0x0, 0x0, 0x3f, 0xfe, 0x0, 0x0, 0xff,
    0xf2, 0x0, 0x0, 0x0, 0x3f, 0xfe, 0x0, 0x0,
    0xff, 0xf2, 0x0, 0x0, 0x0, 0x3f, 0xfe, 0x0,
    0x0, 0xff, 0xf2, 0x0, 0x0, 0x0, 0x3f, 0xfe,
    0x0, 0x0, 0xff, 0xf2, 0x0, 0x0, 0x0, 0x3f,
    0xfe, 0x0, 0x0, 0xff, 0xf2, 0x0, 0x0, 0x0,
    0x3f, 0xfe, 0x0, 0x0, 0xff, 0xf2, 0x0, 0x0,
    0x0, 0x3f, 0xfe, 0x0, 0x0, 0xff, 0xf2, 0x0,
    0x0, 0x0, 0x3f, 0xfe, 0x0, 0x0, 0xff, 0xf2,
    0x0, 0x0, 0x0, 0x3f, 0xfe, 0x0, 0x0, 0xff,
    0xf2,

    /* U+00B7 "·" */
    0x3, 0xce, 0x90, 0xe, 0xff, 0xf7, 0x2f, 0xff,
    0xfa, 0xf, 0xff, 0xf7, 0x4, 0xdf, 0xa0,

    /* U+00B8 "¸" */
    0x0, 0x2f, 0xe0, 0x0, 0x0, 0x6f, 0xc1, 0x0,
    0x0, 0xbf, 0xff, 0x70, 0x0, 0x0, 0x9f, 0xf1,
    0x3, 0x0, 0x8f, 0xf2, 0x4f, 0xfe, 0xff, 0xc0,
    0x4c, 0xef, 0xd8, 0x0,

    /* U+00B9 "¹" */
    0x7f, 0xff, 0xff, 0x50, 0x0, 0x7f, 0xff, 0xff,
    0x50, 0x0, 0x1, 0x17, 0xff, 0x50, 0x0, 0x0,
    0x6, 0xff, 0x50, 0x0, 0x0, 0x6, 0xff, 0x50,
    0x0, 0x0, 0x6, 0xff, 0x50, 0x0, 0x0, 0x6,
    0xff, 0x50, 0x0, 0x0, 0x6, 0xff, 0x50, 0x0,
    0x0, 0x6, 0xff, 0x50, 0x0, 0x11, 0x17, 0xff,
    0x61, 0x10, 0xbf, 0xff, 0xff, 0xff, 0xf3, 0xbf,
    0xff, 0xff, 0xff, 0xf3,

    /* U+00BA "º" */
    0x0, 0x5, 0xbe, 0xfd, 0x92, 0x0, 0x0, 0x9f,
    0xff, 0xff, 0xff, 0x50, 0x7, 0xff, 0xb4, 0x25,
    0xef, 0xf2, 0xe, 0xfd, 0x0, 0x0, 0x3f, 0xf8,
    0x1f, 0xf8, 0x0, 0x0, 0xd, 0xfb, 0x1f, 0xf8,
    0x0, 0x0, 0xd, 0xfb, 0xe, 0xfd, 0x0, 0x0,
    0x3f, 0xf8, 0x7, 0xff, 0xb4, 0x25, 0xef, 0xf2,
    0x0, 0x9f, 0xff, 0xff, 0xff, 0x50, 0x0, 0x5,
    0xbe, 0xfd, 0x92, 0x0,

    /* U+00BB "»" */
    0x6, 0x77, 0x30, 0x5, 0x77, 0x50, 0x0, 0x0,
    0x6f, 0xfe, 0x10, 0x3f, 0xff, 0x40, 0x0, 0x0,
    0xaf, 0xfb, 0x0, 0x6f, 0xfe, 0x10, 0x0, 0x1,
    0xef, 0xf7, 0x0, 0xbf, 0xfb, 0x0, 0x0, 0x3,
    0xff, 0xf3, 0x1, 0xef, 0xf7, 0x0, 0x0, 0x8,
    0xff, 0xe1, 0x4, 0xff, 0xf3, 0x0, 0x0, 0x2f,
    0xff, 0x50, 0xd, 0xff, 0x90, 0x0, 0xc, 0xff,
    0xa0, 0x9, 0xff, 0xd0, 0x0, 0x8, 0xff, 0xd0,
    0x4, 0xff, 0xf2, 0x0, 0x4, 0xff, 0xf2, 0x1,
    0xef, 0xf6, 0x0, 0x1, 0xef, 0xf6, 0x0, 0xcf,
    0xfa, 0x0, 0x0, 0xbf, 0xfa, 0x0, 0x7f, 0xfd,
    0x0, 0x0,

    /* U+00BC "¼" */
    0x7f, 0xff, 0xff, 0x50, 0x0, 0x0, 0x0, 0x0,
    0x0, 0x1e, 0xfd, 0x0, 0x0, 0x0, 0x7, 0xff,
    0xff, 0xf5, 0x0, 0x0, 0x0, 0x0, 0x0, 0xb,
    0xff, 0x20, 0x0, 0x0, 0x0, 0x1, 0x17, 0xff,
    0x50, 0x0, 0x0, 0x0, 0x0, 0x7, 0xff, 0x70,
    0x0, 0x0, 0x0, 0x0, 0x0, 0x6f, 0xf5, 0x0,
    0x0, 0x0, 0x0, 0x2, 0xff, 0xb0, 0x0, 0x0,
    0x0, 0x0, 0x0, 0x6, 0xff, 0x50, 0x0, 0x0,
    0x0, 0x0, 0xdf, 0xf1, 0x0, 0x0, 0x0, 0x0,
    0x0, 0x0, 0x6f, 0xf5, 0x0, 0x0, 0x0, 0x0,
    0x8f, 0xf5, 0x0, 0x0, 0x0, 0x0, 0x0, 0x0,
    0x6, 0xff, 0x50, 0x0, 0x0, 0x0, 0x4f, 0xfa,
    0x0, 0x0, 0x0, 0x0, 0x0, 0x0, 0x0, 0x6f,
    0xf5, 0x0, 0x0, 0x0, 0x1e, 0xfe, 0x10, 0x0,
    0x0, 0x0, 0x0, 0x0, 0x0, 0x6, 0xff, 0x50,
    0x0, 0x0, 0xa, 0xff, 0x40, 0x0, 0x0, 0x7b,
    0xb3, 0x0, 0x0, 0x0, 0x6f, 0xf5, 0x0, 0x0,
    0x5, 0xff, 0x80, 0x0, 0x0, 0x4f, 0xfb, 0x0,
    0x0, 0xbf, 0xff, 0xff, 0xff, 0xf3, 0x1, 0xef,
    0xd0, 0x0, 0x0, 0x1e, 0xfe, 0x10, 0x0, 0xb,
    0xff, 0xff, 0xff, 0xff, 0x30, 0xbf, 0xf3, 0x0,
    0x0, 0xb, 0xff, 0x30, 0x0, 0x0, 0x11, 0x11,
    0x11, 0x11, 0x10, 0x7f, 0xf7, 0x0, 0x0, 0x7,
    0xff, 0x70, 0x0, 0x0, 0x0, 0x0, 0x0, 0x0,
    0x0, 0x2f, 0xfc, 0x0, 0x0, 0x3, 0xff, 0xb0,
    0x18, 0x82, 0x0, 0x0, 0x0, 0x0, 0x0, 0xd,
    0xff, 0x20, 0x0, 0x0, 0xdf, 0xe1, 0x2, 0xff,
    0x40, 0x0, 0x0, 0x0, 0x0, 0x8, 0xff, 0x50,
    0x0, 0x0, 0xaf, 0xf6, 0x11, 0x3f, 0xf5, 0x10,
    0x0, 0x0, 0x0, 0x4, 0xff, 0xa0, 0x0, 0x0,
    0x3f, 0xff, 0xff, 0xff, 0xff, 0xff, 0x70, 0x0,
    0x0, 0x1, 0xef, 0xe1, 0x0, 0x0, 0x3, 0xff,
    0xff, 0xff, 0xff, 0xff, 0xf7, 0x0, 0x0, 0x0,
    0xaf, 0xf4, 0x0, 0x0, 0x0, 0x0, 0x0, 0x0,
    0x6, 0xff, 0x40, 0x0, 0x0, 0x0, 0x5f, 0xf9,
    0x0, 0x0, 0x0, 0x0, 0x0, 0x0, 0x0, 0x6f,
    0xf4, 0x0, 0x0, 0x0, 0x6, 0x87, 0x0, 0x0,
    0x0, 0x0, 0x0, 0x0, 0x0, 0x3, 0x88, 0x20,
    0x0,

    /* U+00BD "½" */
    0x7f, 0xff, 0xff, 0x50, 0x0, 0x0, 0x0, 0x0,
    0x0, 0x1e, 0xfd, 0x0, 0x0, 0x0, 0x7f, 0xff,
    0xff, 0x50, 0x0, 0x0, 0x0, 0x0, 0x0, 0xbf,
    0xf3, 0x0, 0x0, 0x0, 0x1, 0x17, 0xff, 0x50,
    0x0, 0x0, 0x0, 0x0, 0x6, 0xff, 0x70, 0x0,
    0x0, 0x0, 0x0, 0x6, 0xff, 0x50, 0x0, 0x0,
    0x0, 0x0, 0x2f, 0xfc, 0x0, 0x0, 0x0, 0x0,
    0x0, 0x6, 0xff, 0x50, 0x0, 0x0, 0x0, 0x0,
    0xcf, 0xf2, 0x0, 0x0, 0x0, 0x0, 0x0, 0x6,
    0xff, 0x50, 0x0, 0x0, 0x0, 0x7, 0xff, 0x70,
    0x0, 0x0, 0x0, 0x0, 0x0, 0x6, 0xff, 0x50,
    0x0, 0x0, 0x0, 0x2f, 0xfc, 0x0, 0x0, 0x0,
    0x0, 0x0, 0x0, 0x6, 0xff, 0x50, 0x0, 0x0,
    0x0, 0xcf, 0xf2, 0x0, 0x0, 0x0, 0x0, 0x0,
    0x0, 0x6, 0xff, 0x50, 0x0, 0x0, 0x8, 0xff,
    0x60, 0x0, 0x2, 0x31, 0x0, 0x0, 0x0, 0x6,
    0xff, 0x50, 0x0, 0x0, 0x3f, 0xfb, 0x0, 0x4c,
    0xff, 0xff, 0xe7, 0x0, 0x11, 0x17, 0xff, 0x61,
    0x10, 0x0, 0xdf, 0xe1, 0x8, 0xff, 0xff, 0xff,
    0xff, 0xa0, 0xbf, 0xff, 0xff, 0xff, 0xf3, 0x8,
    0xff, 0x50, 0x6, 0xfc, 0x40, 0x4, 0xef, 0xf2,
    0xbf, 0xff, 0xff, 0xff, 0xf3, 0x4f, 0xfa, 0x0,
    0x0, 0x20, 0x0, 0x0, 0x7f, 0xf3, 0x0, 0x0,
    0x0, 0x0, 0x0, 0xdf, 0xe1, 0x0, 0x0, 0x0,
    0x0, 0x0, 0xcf, 0xf1, 0x0, 0x0, 0x0, 0x0,
    0x9, 0xff, 0x40, 0x0, 0x0, 0x0, 0x0, 0x9,
    0xff, 0x70, 0x0, 0x0, 0x0, 0x0, 0x4f, 0xfa,
    0x0, 0x0, 0x0, 0x0, 0x1, 0xbf, 0xf8, 0x0,
    0x0, 0x0, 0x0, 0x1, 0xef, 0xe0, 0x0, 0x0,
    0x0, 0x0, 0x2d, 0xff, 0x60, 0x0, 0x0, 0x0,
    0x0, 0xa, 0xff, 0x40, 0x0, 0x0, 0x0, 0x4,
    0xef, 0xe4, 0x0, 0x0, 0x0, 0x0, 0x0, 0x5f,
    0xf9, 0x0, 0x0, 0x0, 0x0, 0x6f, 0xfe, 0x41,
    0x11, 0x11, 0x0, 0x0, 0x1, 0xef, 0xd0, 0x0,
    0x0, 0x0, 0x5, 0xff, 0xff, 0xff, 0xff, 0xfc,
    0x0, 0x0, 0xb, 0xff, 0x30, 0x0, 0x0, 0x0,
    0x6, 0xff, 0xff, 0xff, 0xff, 0xfc,

    /* U+00BE "¾" */
    0xd, 0xff, 0xff, 0xff, 0xff, 0xf0, 0x0, 0x0,
    0x0, 0x0, 0x1e, 0xfd, 0x0, 0x0, 0x0, 0x0,
    0xdf, 0xff, 0xff, 0xff, 0xff, 0x0, 0x0, 0x0,
    0x0, 0xb, 0xff, 0x20, 0x0, 0x0, 0x0, 0x1,
    0x11, 0x11, 0x2c, 0xff, 0x30, 0x0, 0x0, 0x0,
    0x7, 0xff, 0x70, 0x0, 0x0, 0x0, 0x0, 0x0,
    0x0, 0xb, 0xff, 0x30, 0x0, 0x0, 0x0, 0x2,
    0xff, 0xb0, 0x0, 0x0, 0x0, 0x0, 0x0, 0x0,
    0xc, 0xff, 0x30, 0x0, 0x0, 0x0, 0x0, 0xdf,
    0xf1, 0x0, 0x0, 0x0, 0x0, 0x0, 0x0, 0x5,
    0xff, 0xfe, 0x91, 0x0, 0x0, 0x0, 0x8f, 0xf5,
    0x0, 0x0, 0x0, 0x0, 0x0, 0x0, 0x0, 0x4b,
    0xce, 0xff, 0xe1, 0x0, 0x0, 0x4f, 0xfa, 0x0,
    0x0, 0x0, 0x0, 0x0, 0x0, 0x0, 0x0, 0x0,
    0x6, 0xff, 0x80, 0x0, 0x1e, 0xfe, 0x10, 0x0,
    0x0, 0x0, 0x0, 0x0, 0x0, 0x0, 0x0, 0x0,
    0x1f, 0xfa, 0x0, 0xa, 0xff, 0x40, 0x0, 0x0,
    0x8c, 0xc3, 0x0, 0x0, 0xab, 0x52, 0x0, 0x3b,
    0xff, 0x60, 0x5, 0xff, 0x80, 0x0, 0x0, 0x4f,
    0xfa, 0x0, 0x0, 0x2f, 0xff, 0xff, 0xff, 0xff,
    0xc0, 0x1, 0xef, 0xd0, 0x0, 0x0, 0x1e, 0xfd,
    0x0, 0x0, 0x0, 0x4a, 0xef, 0xff, 0xfe, 0x80,
    0x0, 0xbf, 0xf3, 0x0, 0x0, 0xb, 0xff, 0x30,
    0x0, 0x0, 0x0, 0x0, 0x13, 0x31, 0x0, 0x0,
    0x7f, 0xf7, 0x0, 0x0, 0x7, 0xff, 0x70, 0x0,
    0x0, 0x0, 0x0, 0x0, 0x0, 0x0, 0x0, 0x2f,
    0xfc, 0x0, 0x0, 0x3, 0xff, 0xb0, 0x19, 0x92,
    0x0, 0x0, 0x0, 0x0, 0x0, 0x0, 0xd, 0xff,
    0x20, 0x0, 0x0, 0xdf, 0xe1, 0x2, 0xff, 0x40,
    0x0, 0x0, 0x0, 0x0, 0x0, 0x8, 0xff, 0x50,
    0x0, 0x0, 0xaf, 0xf6, 0x11, 0x3f, 0xf5, 0x10,
    0x0, 0x0, 0x0, 0x0, 0x4, 0xff, 0xa0, 0x0,
    0x0, 0x3f, 0xff, 0xff, 0xff, 0xff, 0xff, 0x70,
    0x0, 0x0, 0x0, 0x1, 0xef, 0xe1, 0x0, 0x0,
    0x3, 0xff, 0xff, 0xff, 0xff, 0xff, 0xf7, 0x0,
    0x0, 0x0, 0x0, 0xaf, 0xf4, 0x0, 0x0, 0x0,
    0x0, 0x0, 0x0, 0x6, 0xff, 0x40, 0x0, 0x0,
    0x0, 0x0, 0x5f, 0xf9, 0x0, 0x0, 0x0, 0x0,
    0x0, 0x0, 0x0, 0x6f, 0xf4, 0x0, 0x0, 0x0,
    0x0, 0x6, 0x87, 0x0, 0x0, 0x0, 0x0, 0x0,
    0x0, 0x0, 0x3, 0x88, 0x20, 0x0,

    /* U+00BF "¿" */
    0x0, 0x0, 0x0, 0x9e, 0xe5, 0x0, 0x0, 0x0,
    0x0, 0x0, 0x0, 0x5f, 0xff, 0xf1, 0x0, 0x0,
    0x0, 0x0, 0x0, 0x7, 0xff, 0xff, 0x30, 0x0,
    0x0, 0x0, 0x0, 0x0, 0x2f, 0xff, 0xd0, 0x0,
    0x0, 0x0, 0x0, 0x0, 0x0, 0x28, 0x71, 0x0,
    0x0, 0x0, 0x0, 0x0, 0x0, 0x0, 0x0, 0x0,
    0x0, 0x0, 0x0, 0x0, 0x0, 0x0, 0x0, 0x0,
    0x0, 0x0, 0x0, 0x0, 0x0, 0x0, 0x1e, 0xee,
    0xa0, 0x0, 0x0, 0x0, 0x0, 0x0, 0x6, 0xff,
    0xf8, 0x0, 0x0, 0x0, 0x0, 0x0, 0x3, 0xff,
    0xff, 0x20, 0x0, 0x0, 0x0, 0x0, 0x3, 0xef,
    0xff, 0x50, 0x0, 0x0, 0x0, 0x0, 0x4, 0xff,
    0xff, 0x60, 0x0, 0x0, 0x0, 0x0, 0x2, 0xef,
    0xff, 0x50, 0x0, 0x0, 0x0, 0x0, 0x0, 0xbf,
    0xff, 0x60, 0x0, 0x0, 0x0, 0x0, 0x0, 0xf,
    0xff, 0xe0, 0x0, 0x0, 0x0, 0x0, 0x0, 0x2,
    0xff, 0xfd, 0x0, 0x0, 0x0, 0x0, 0x40, 0x0,
    0x1f, 0xff, 0xf4, 0x0, 0x0, 0x0, 0x9f, 0xc2,
    0x0, 0xcf, 0xff, 0xf9, 0x53, 0x48, 0xdf, 0xff,
    0xe1, 0x4, 0xff, 0xff, 0xff, 0xff, 0xff, 0xff,
    0xf3, 0x0, 0x4, 0xef, 0xff, 0xff, 0xff, 0xff,
    0xb2, 0x0, 0x0, 0x0, 0x6a, 0xdf, 0xfe, 0xc8,
    0x30, 0x0, 0x0,

    /* U+00C0 "À" */
    0x0, 0x0, 0x0, 0x38, 0x88, 0x70, 0x0, 0x0,
    0x0, 0x0, 0x0, 0x0, 0x0, 0x0, 0x0, 0x7,
    0xff, 0xfa, 0x0, 0x0, 0x0, 0x0, 0x0, 0x0,
    0x0, 0x0, 0x0, 0x0, 0x3e, 0xff, 0xa0, 0x0,
    0x0, 0x0, 0x0, 0x0, 0x0, 0x0, 0x0, 0x0,
    0x1, 0xbf, 0xfb, 0x0, 0x0, 0x0, 0x0, 0x0,
    0x0, 0x0, 0x0, 0x0, 0x0, 0x6, 0x88, 0x30,
    0x0, 0x0, 0x0, 0x0, 0x0, 0x0, 0x0, 0x0,
    0x0, 0x0, 0x0, 0x0, 0x0, 0x0, 0x0, 0x0,
    0x0, 0x0, 0x0, 0x0, 0x0, 0xef, 0xff, 0x50,
    0x0, 0x0, 0x0, 0x0, 0x0, 0x0, 0x0, 0x0,
    0x6, 0xff, 0xff, 0xd0, 0x0, 0x0, 0x0, 0x0,
    0x0, 0x0, 0x0, 0x0, 0xd, 0xff, 0xff, 0xf4,
    0x0, 0x0, 0x0, 0x0, 0x0, 0x0, 0x0, 0x0,
    0x4f, 0xff, 0xff, 0xfb, 0x0, 0x0, 0x0, 0x0,
    0x0, 0x0, 0x0, 0x0, 0xbf, 0xfe, 0x9f, 0xff,
    0x20, 0x0, 0x0, 0x0, 0x0, 0x0, 0x0, 0x2,
    0xff, 0xf7, 0x2f, 0xff, 0x90, 0x0, 0x0, 0x0,
    0x0, 0x0, 0x0, 0xa, 0xff, 0xf1, 0xa, 0xff,
    0xf1, 0x0, 0x0, 0x0, 0x0, 0x0, 0x0, 0x1f,
    0xff, 0xa0, 0x4, 0xff, 0xf8, 0x0, 0x0, 0x0,
    0x0, 0x0, 0x0, 0x8f, 0xff, 0x30, 0x0, 0xdf,
    0xfe, 0x0, 0x0, 0x0, 0x0, 0x0, 0x0, 0xef,
    0xfc, 0x0, 0x0, 0x6f, 0xff, 0x60, 0x0, 0x0,
    0x0, 0x0, 0x6, 0xff, 0xf5, 0x0, 0x0, 0xe,
    0xff, 0xd0, 0x0, 0x0, 0x0, 0x0, 0xd, 0xff,
    0xe0, 0x0, 0x0, 0x8, 0xff, 0xf5, 0x0, 0x0,
    0x0, 0x0, 0x5f, 0xff, 0x70, 0x0, 0x0, 0x1,
    0xff, 0xfc, 0x0, 0x0, 0x0, 0x0, 0xcf, 0xff,
    0xff, 0xff, 0xff, 0xff, 0xff, 0xff, 0x30, 0x0,
    0x0, 0x3, 0xff, 0xff, 0xff, 0xff, 0xff, 0xff,
    0xff, 0xff, 0xb0, 0x0, 0x0, 0xa, 0xff, 0xff,
    0xff, 0xff, 0xff, 0xff, 0xff, 0xff, 0xf2, 0x0,
    0x0, 0x2f, 0xff, 0xb0, 0x0, 0x0, 0x0, 0x0,
    0x6, 0xff, 0xf9, 0x0, 0x0, 0x9f, 0xff, 0x50,
    0x0, 0x0, 0x0, 0x0, 0x0, 0xef, 0xff, 0x10,
    0x1, 0xff, 0xfe, 0x0, 0x0, 0x0, 0x0, 0x0,
    0x0, 0x8f, 0xff, 0x70, 0x7, 0xff, 0xf7, 0x0,
    0x0, 0x0, 0x0, 0x0, 0x0, 0x1f, 0xff, 0xe0,
    0xe, 0xff, 0xf1, 0x0, 0x0, 0x0, 0x0, 0x0,
    0x0, 0xa, 0xff, 0xf6,

    /* U+00C1 "Á" */
    0x0, 0x0, 0x0, 0x0, 0x0, 0x0, 0x4, 0x88,
    0x86, 0x0, 0x0, 0x0, 0x0, 0x0, 0x0, 0x0,
    0x0, 0x0, 0x4f, 0xff, 0xc1, 0x0, 0x0, 0x0,
    0x0, 0x0, 0x0, 0x0, 0x0, 0x4, 0xff, 0xf8,
    0x0, 0x0, 0x0, 0x0, 0x0, 0x0, 0x0, 0x0,
    0x0, 0x4f, 0xfe, 0x40, 0x0, 0x0, 0x0, 0x0,
    0x0, 0x0, 0x0, 0x0, 0x0, 0x78, 0x72, 0x0,
    0x0, 0x0, 0x0, 0x0, 0x0, 0x0, 0x0, 0x0,
    0x0, 0x0, 0x0, 0x0, 0x0, 0x0, 0x0, 0x0,
    0x0, 0x0, 0x0, 0x0, 0x0, 0xef, 0xff, 0x50,
    0x0, 0x0, 0x0, 0x0, 0x0, 0x0, 0x0, 0x0,
    0x6, 0xff, 0xff, 0xd0, 0x0, 0x0, 0x0, 0x0,
    0x0, 0x0, 0x0, 0x0, 0xd, 0xff, 0xff, 0xf4,
    0x0, 0x0, 0x0, 0x0, 0x0, 0x0, 0x0, 0x0,
    0x4f, 0xff, 0xff, 0xfb, 0x0, 0x0, 0x0, 0x0,
    0x0, 0x0, 0x0, 0x0, 0xbf, 0xfe, 0x9f, 0xff,
    0x20, 0x0, 0x0, 0x0, 0x0, 0x0, 0x0, 0x2,
    0xff, 0xf7, 0x2f, 0xff, 0x90, 0x0, 0x0, 0x0,
    0x0, 0x0, 0x0, 0xa, 0xff, 0xf1, 0xa, 0xff,
    0xf1, 0x0, 0x0, 0x0, 0x0, 0x0, 0x0, 0x1f,
    0xff, 0xa0, 0x4, 0xff, 0xf8, 0x0, 0x0, 0x0,
    0x0, 0x0, 0x0, 0x8f, 0xff, 0x30, 0x0, 0xdf,
    0xfe, 0x0, 0x0, 0x0, 0x0, 0x0, 0x0, 0xef,
    0xfc, 0x0, 0x0, 0x6f, 0xff, 0x60, 0x0, 0x0,
    0x0, 0x0, 0x6, 0xff, 0xf5, 0x0, 0x0, 0xe,
    0xff, 0xd0, 0x0, 0x0, 0x0, 0x0, 0xd, 0xff,
    0xe0, 0x0, 0x0, 0x8, 0xff, 0xf5, 0x0, 0x0,
    0x0, 0x0, 0x5f, 0xff, 0x70, 0x0, 0x0, 0x1,
    0xff, 0xfc, 0x0, 0x0, 0x0, 0x0, 0xcf, 0xff,
    0xff, 0xff, 0xff, 0xff, 0xff, 0xff, 0x30, 0x0,
    0x0, 0x3, 0xff, 0xff, 0xff, 0xff, 0xff, 0xff,
    0xff, 0xff, 0xb0, 0x0, 0x0, 0xa, 0xff, 0xff,
    0xff, 0xff, 0xff, 0xff, 0xff, 0xff, 0xf2, 0x0,
    0x0, 0x2f, 0xff, 0xb0, 0x0, 0x0, 0x0, 0x0,
    0x6, 0xff, 0xf9, 0x0, 0x0, 0x9f, 0xff, 0x50,
    0x0, 0x0, 0x0, 0x0, 0x0, 0xef, 0xff, 0x10,
    0x1, 0xff, 0xfe, 0x0, 0x0, 0x0, 0x0, 0x0,
    0x0, 0x8f, 0xff, 0x70, 0x7, 0xff, 0xf7, 0x0,
    0x0, 0x0, 0x0, 0x0, 0x0, 0x1f, 0xff, 0xe0,
    0xe, 0xff, 0xf1, 0x0, 0x0, 0x0, 0x0, 0x0,
    0x0, 0xa, 0xff, 0xf6,

    /* U+00C2 "Â" */
    0x0, 0x0, 0x0, 0x0, 0x0, 0x58, 0x87, 0x10,
    0x0, 0x0, 0x0, 0x0, 0x0, 0x0, 0x0, 0x0,
    0x7, 0xff, 0xff, 0xd1, 0x0, 0x0, 0x0, 0x0,
    0x0, 0x0, 0x0, 0x0, 0x7f, 0xfd, 0x9f, 0xfd,
    0x10, 0x0, 0x0, 0x0, 0x0, 0x0, 0x0, 0x8,
    0xff, 0xb1, 0x6, 0xff, 0xd1, 0x0, 0x0, 0x0,
    0x0, 0x0, 0x0, 0x28, 0x86, 0x0, 0x0, 0x38,
    0x85, 0x0, 0x0, 0x0, 0x0, 0x0, 0x0, 0x0,
    0x0, 0x0, 0x0, 0x0, 0x0, 0x0, 0x0, 0x0,
    0x0, 0x0, 0x0, 0x0, 0x0, 0xef, 0xff, 0x50,
    0x0, 0x0, 0x0, 0x0, 0x0, 0x0, 0x0, 0x0,
    0x6, 0xff, 0xff, 0xd0, 0x0, 0x0, 0x0, 0x0,
    0x0, 0x0, 0x0, 0x0, 0xd, 0xff, 0xff, 0xf4,
    0x0, 0x0, 0x0, 0x0, 0x0, 0x0, 0x0, 0x0,
    0x4f, 0xff, 0xff, 0xfb, 0x0, 0x0, 0x0, 0x0,
    0x0, 0x0, 0x0, 0x0, 0xbf, 0xfe, 0x9f, 0xff,
    0x20, 0x0, 0x0, 0x0, 0x0, 0x0, 0x0, 0x2,
    0xff, 0xf7, 0x2f, 0xff, 0x90, 0x0, 0x0, 0x0,
    0x0, 0x0, 0x0, 0xa, 0xff, 0xf1, 0xa, 0xff,
    0xf1, 0x0, 0x0, 0x0, 0x0, 0x0, 0x0, 0x1f,
    0xff, 0xa0, 0x4, 0xff, 0xf8, 0x0, 0x0, 0x0,
    0x0, 0x0, 0x0, 0x8f, 0xff, 0x30, 0x0, 0xdf,
    0xfe, 0x0, 0x0, 0x0, 0x0, 0x0, 0x0, 0xef,
    0xfc, 0x0, 0x0, 0x6f, 0xff, 0x60, 0x0, 0x0,
    0x0, 0x0, 0x6, 0xff, 0xf5, 0x0, 0x0, 0xe,
    0xff, 0xd0, 0x0, 0x0, 0x0, 0x0, 0xd, 0xff,
    0xe0, 0x0, 0x0, 0x8, 0xff, 0xf5, 0x0, 0x0,
    0x0, 0x0, 0x5f, 0xff, 0x70, 0x0, 0x0, 0x1,
    0xff, 0xfc, 0x0, 0x0, 0x0, 0x0, 0xcf, 0xff,
    0xff, 0xff, 0xff, 0xff, 0xff, 0xff, 0x30, 0x0,
    0x0, 0x3, 0xff, 0xff, 0xff, 0xff, 0xff, 0xff,
    0xff, 0xff, 0xb0, 0x0, 0x0, 0xa, 0xff, 0xff,
    0xff, 0xff, 0xff, 0xff, 0xff, 0xff, 0xf2, 0x0,
    0x0, 0x2f, 0xff, 0xb0, 0x0, 0x0, 0x0, 0x0,
    0x6, 0xff, 0xf9, 0x0, 0x0, 0x9f, 0xff, 0x50,
    0x0, 0x0, 0x0, 0x0, 0x0, 0xef, 0xff, 0x10,
    0x1, 0xff, 0xfe, 0x0, 0x0, 0x0, 0x0, 0x0,
    0x0, 0x8f, 0xff, 0x70, 0x7, 0xff, 0xf7, 0x0,
    0x0, 0x0, 0x0, 0x0, 0x0, 0x1f, 0xff, 0xe0,
    0xe, 0xff, 0xf1, 0x0, 0x0, 0x0, 0x0, 0x0,
    0x0, 0xa, 0xff, 0xf6,

    /* U+00C3 "Ã" */
    0x0, 0x0, 0x0, 0x0, 0xaf, 0xe6, 0x0, 0x2,
    0xba, 0x0, 0x0, 0x0, 0x0, 0x0, 0x0, 0xa,
    0xff, 0xff, 0x90, 0x6, 0xfc, 0x0, 0x0, 0x0,
    0x0, 0x0, 0x0, 0x1f, 0xfa, 0x7f, 0xfb, 0x6e,
    0xf8, 0x0, 0x0, 0x0, 0x0, 0x0, 0x0, 0x6f,
    0xe0, 0x3, 0xef, 0xff, 0xf1, 0x0, 0x0, 0x0,
    0x0, 0x0, 0x0, 0x8f, 0xa0, 0x0, 0x2c, 0xfd,
    0x40, 0x0, 0x0, 0x0, 0x0, 0x0, 0x0, 0x0,
    0x0, 0x0, 0x0, 0x0, 0x0, 0x0, 0x0, 0x0,
    0x0, 0x0, 0x0, 0x0, 0x0, 0xef, 0xff, 0x50,
    0x0, 0x0, 0x0, 0x0, 0x0, 0x0, 0x0, 0x0,
    0x6, 0xff, 0xff, 0xd0, 0x0, 0x0, 0x0, 0x0,
    0x0, 0x0, 0x0, 0x0, 0xd, 0xff, 0xff, 0xf4,
    0x0, 0x0, 0x0, 0x0, 0x0, 0x0, 0x0, 0x0,
    0x4f, 0xff, 0xff, 0xfb, 0x0, 0x0, 0x0, 0x0,
    0x0, 0x0, 0x0, 0x0, 0xbf, 0xfe, 0x9f, 0xff,
    0x20, 0x0, 0x0, 0x0, 0x0, 0x0, 0x0, 0x2,
    0xff, 0xf7, 0x2f, 0xff, 0x90, 0x0, 0x0, 0x0,
    0x0, 0x0, 0x0, 0xa, 0xff, 0xf1, 0xa, 0xff,
    0xf1, 0x0, 0x0, 0x0, 0x0, 0x0, 0x0, 0x1f,
    0xff, 0xa0, 0x4, 0xff, 0xf8, 0x0, 0x0, 0x0,
    0x0, 0x0, 0x0, 0x8f, 0xff, 0x30, 0x0, 0xdf,
    0xfe, 0x0, 0x0, 0x0, 0x0, 0x0, 0x0, 0xef,
    0xfc, 0x0, 0x0, 0x6f, 0xff, 0x60, 0x0, 0x0,
    0x0, 0x0, 0x6, 0xff, 0xf5, 0x0, 0x0, 0xe,
    0xff, 0xd0, 0x0, 0x0, 0x0, 0x0, 0xd, 0xff,
    0xe0, 0x0, 0x0, 0x8, 0xff, 0xf5, 0x0, 0x0,
    0x0, 0x0, 0x5f, 0xff, 0x70, 0x0, 0x0, 0x1,
    0xff, 0xfc, 0x0, 0x0, 0x0, 0x0, 0xcf, 0xff,
    0xff, 0xff, 0xff, 0xff, 0xff, 0xff, 0x30, 0x0,
    0x0, 0x3, 0xff, 0xff, 0xff, 0xff, 0xff, 0xff,
    0xff, 0xff, 0xb0, 0x0, 0x0, 0xa, 0xff, 0xff,
    0xff, 0xff, 0xff, 0xff, 0xff, 0xff, 0xf2, 0x0,
    0x0, 0x2f, 0xff, 0xb0, 0x0, 0x0, 0x0, 0x0,
    0x6, 0xff, 0xf9, 0x0, 0x0, 0x9f, 0xff, 0x50,
    0x0, 0x0, 0x0, 0x0, 0x0, 0xef, 0xff, 0x10,
    0x1, 0xff, 0xfe, 0x0, 0x0, 0x0, 0x0, 0x0,
    0x0, 0x8f, 0xff, 0x70, 0x7, 0xff, 0xf7, 0x0,
    0x0, 0x0, 0x0, 0x0, 0x0, 0x1f, 0xff, 0xe0,
    0xe, 0xff, 0xf1, 0x0, 0x0, 0x0, 0x0, 0x0,
    0x0, 0xa, 0xff, 0xf6,

    /* U+00C4 "Ä" */
    0x0, 0x0, 0x0, 0x0, 0x58, 0x20, 0x0, 0x68,
    0x10, 0x0, 0x0, 0x0, 0x0, 0x0, 0x0, 0x4,
    0xff, 0xe0, 0x7, 0xff, 0xb0, 0x0, 0x0, 0x0,
    0x0, 0x0, 0x0, 0x6, 0xff, 0xf0, 0x9, 0xff,
    0xd0, 0x0, 0x0, 0x0, 0x0, 0x0, 0x0, 0x1,
    0xcf, 0x70, 0x2, 0xde, 0x50, 0x0, 0x0, 0x0,
    0x0, 0x0, 0x0, 0x0, 0x0, 0x0, 0x0, 0x0,
    0x0, 0x0, 0x0, 0x0, 0x0, 0x0, 0x0, 0x0,
    0x0, 0x0, 0x0, 0x0, 0x0, 0x0, 0x0, 0x0,
    0x0, 0x0, 0x0, 0x0, 0x0, 0xef, 0xff, 0x50,
    0x0, 0x0, 0x0, 0x0, 0x0, 0x0, 0x0, 0x0,
    0x6, 0xff, 0xff, 0xd0, 0x0, 0x0, 0x0, 0x0,
    0x0, 0x0, 0x0, 0x0, 0xd, 0xff, 0xff, 0xf4,
    0x0, 0x0, 0x0, 0x0, 0x0, 0x0, 0x0, 0x0,
    0x4f, 0xff, 0xff, 0xfb, 0x0, 0x0, 0x0, 0x0,
    0x0, 0x0, 0x0, 0x0, 0xbf, 0xfe, 0x9f, 0xff,
    0x20, 0x0, 0x0, 0x0, 0x0, 0x0, 0x0, 0x2,
    0xff, 0xf7, 0x2f, 0xff, 0x90, 0x0, 0x0, 0x0,
    0x0, 0x0, 0x0, 0xa, 0xff, 0xf1, 0xa, 0xff,
    0xf1, 0x0, 0x0, 0x0, 0x0, 0x0, 0x0, 0x1f,
    0xff, 0xa0, 0x4, 0xff, 0xf8, 0x0, 0x0, 0x0,
    0x0, 0x0, 0x0, 0x8f, 0xff, 0x30, 0x0, 0xdf,
    0xfe, 0x0, 0x0, 0x0, 0x0, 0x0, 0x0, 0xef,
    0xfc, 0x0, 0x0, 0x6f, 0xff, 0x60, 0x0, 0x0,
    0x0, 0x0, 0x6, 0xff, 0xf5, 0x0, 0x0, 0xe,
    0xff, 0xd0, 0x0, 0x0, 0x0, 0x0, 0xd, 0xff,
    0xe0, 0x0, 0x0, 0x8, 0xff, 0xf5, 0x0, 0x0,
    0x0, 0x0, 0x5f, 0xff, 0x70, 0x0, 0x0, 0x1,
    0xff, 0xfc, 0x0, 0x0, 0x0, 0x0, 0xcf, 0xff,
    0xff, 0xff, 0xff, 0xff, 0xff, 0xff, 0x30, 0x0,
    0x0, 0x3, 0xff, 0xff, 0xff, 0xff, 0xff, 0xff,
    0xff, 0xff, 0xb0, 0x0, 0x0, 0xa, 0xff, 0xff,
    0xff, 0xff, 0xff, 0xff, 0xff, 0xff, 0xf2, 0x0,
    0x0, 0x2f, 0xff, 0xb0, 0x0, 0x0, 0x0, 0x0,
    0x6, 0xff, 0xf9, 0x0, 0x0, 0x9f, 0xff, 0x50,
    0x0, 0x0, 0x0, 0x0, 0x0, 0xef, 0xff, 0x10,
    0x1, 0xff, 0xfe, 0x0, 0x0, 0x0, 0x0, 0x0,
    0x0, 0x8f, 0xff, 0x70, 0x7, 0xff, 0xf7, 0x0,
    0x0, 0x0, 0x0, 0x0, 0x0, 0x1f, 0xff, 0xe0,
    0xe, 0xff, 0xf1, 0x0, 0x0, 0x0, 0x0, 0x0,
    0x0, 0xa, 0xff, 0xf6,

    /* U+00C5 "Å" */
    0x0, 0x0, 0x0, 0x0, 0x0, 0x8e, 0xfb, 0x20,
    0x0, 0x0, 0x0, 0x0, 0x0, 0x0, 0x0, 0x0,
    0x9, 0xfb, 0x9f, 0xe1, 0x0, 0x0, 0x0, 0x0,
    0x0, 0x0, 0x0, 0x0, 0x1f, 0x90, 0x3, 0xf8,
    0x0, 0x0, 0x0, 0x0, 0x0, 0x0, 0x0, 0x0,
    0x4f, 0x50, 0x0, 0xea, 0x0, 0x0, 0x0, 0x0,
    0x0, 0x0, 0x0, 0x0, 0x1f, 0x90, 0x2, 0xf8,
    0x0, 0x0, 0x0, 0x0, 0x0, 0x0, 0x0, 0x0,
    0x9, 0xfb, 0x9e, 0xe1, 0x0, 0x0, 0x0, 0x0,
    0x0, 0x0, 0x0, 0x0, 0x0, 0x8e, 0xfb, 0x20,
    0x0, 0x0, 0x0, 0x0, 0x0, 0x0, 0x0, 0x0,
    0x0, 0x0, 0x0, 0x0, 0x0, 0x0, 0x0, 0x0,
    0x0, 0x0, 0x0, 0x0, 0x0, 0xef, 0xff, 0x50,
    0x0, 0x0, 0x0, 0x0, 0x0, 0x0, 0x0, 0x0,
    0x6, 0xff, 0xff, 0xd0, 0x0, 0x0, 0x0, 0x0,
    0x0, 0x0, 0x0, 0x0, 0xd, 0xff, 0xff, 0xf4,
    0x0, 0x0, 0x0, 0x0, 0x0, 0x0, 0x0, 0x0,
    0x4f, 0xff, 0xff, 0xfb, 0x0, 0x0, 0x0, 0x0,
    0x0, 0x0, 0x0, 0x0, 0xbf, 0xfe, 0x9f, 0xff,
    0x20, 0x0, 0x0, 0x0, 0x0, 0x0, 0x0, 0x2,
    0xff, 0xf7, 0x2f, 0xff, 0x90, 0x0, 0x0, 0x0,
    0x0, 0x0, 0x0, 0xa, 0xff, 0xf1, 0xa, 0xff,
    0xf1, 0x0, 0x0, 0x0, 0x0, 0x0, 0x0, 0x1f,
    0xff, 0xa0, 0x4, 0xff, 0xf8, 0x0, 0x0, 0x0,
    0x0, 0x0, 0x0, 0x8f, 0xff, 0x30, 0x0, 0xdf,
    0xfe, 0x0, 0x0, 0x0, 0x0, 0x0, 0x0, 0xef,
    0xfc, 0x0, 0x0, 0x6f, 0xff, 0x60, 0x0, 0x0,
    0x0, 0x0, 0x6, 0xff, 0xf5, 0x0, 0x0, 0xe,
    0xff, 0xd0, 0x0, 0x0, 0x0, 0x0, 0xd, 0xff,
    0xe0, 0x0, 0x0, 0x8, 0xff, 0xf5, 0x0, 0x0,
    0x0, 0x0, 0x5f, 0xff, 0x70, 0x0, 0x0, 0x1,
    0xff, 0xfc, 0x0, 0x0, 0x0, 0x0, 0xcf, 0xff,
    0xff, 0xff, 0xff, 0xff, 0xff, 0xff, 0x30, 0x0,
    0x0, 0x3, 0xff, 0xff, 0xff, 0xff, 0xff, 0xff,
    0xff, 0xff, 0xb0, 0x0, 0x0, 0xa, 0xff, 0xff,
    0xff, 0xff, 0xff, 0xff, 0xff, 0xff, 0xf2, 0x0,
    0x0, 0x2f, 0xff, 0xb0, 0x0, 0x0, 0x0, 0x0,
    0x6, 0xff, 0xf9, 0x0, 0x0, 0x9f, 0xff, 0x50,
    0x0, 0x0, 0x0, 0x0, 0x0, 0xef, 0xff, 0x10,
    0x1, 0xff, 0xfe, 0x0, 0x0, 0x0, 0x0, 0x0,
    0x0, 0x8f, 0xff, 0x70, 0x7, 0xff, 0xf7, 0x0,
    0x0, 0x0, 0x0, 0x0, 0x0, 0x1f, 0xff, 0xe0,
    0xe, 0xff, 0xf1, 0x0, 0x0, 0x0, 0x0, 0x0,
    0x0, 0xa, 0xff, 0xf6,

    /* U+00C6 "Æ" */
    0x0, 0x0, 0x0, 0x0, 0x0, 0x0, 0x4f, 0xff,
    0xff, 0xff, 0xff, 0xff, 0xff, 0xff, 0xff, 0xf0,
    0x0, 0x0, 0x0, 0x0, 0x0, 0x0, 0xdf, 0xff,
    0xff, 0xff, 0xff, 0xff, 0xff, 0xff, 0xff, 0xf0,
    0x0, 0x0, 0x0, 0x0, 0x0, 0x6, 0xff, 0xff,
    0xff, 0xff, 0xff, 0xff, 0xff, 0xff, 0xff, 0xf0,
    0x0, 0x0, 0x0, 0x0, 0x0, 0x1e, 0xff, 0xc8,
    0xff, 0xfa, 0x33, 0x33, 0x33, 0x33, 0x33, 0x30,
    0x0, 0x0, 0x0, 0x0, 0x0, 0x9f, 0xff, 0x36,
    0xff, 0xf8, 0x0, 0x0, 0x0, 0x0, 0x0, 0x0,
    0x0, 0x0, 0x0, 0x0, 0x2, 0xff, 0xfa, 0x6,
    0xff, 0xf8, 0x0, 0x0, 0x0, 0x0, 0x0, 0x0,
    0x0, 0x0, 0x0, 0x0, 0xb, 0xff, 0xf1, 0x6,
    0xff, 0xf8, 0x0, 0x0, 0x0, 0x0, 0x0, 0x0,
    0x0, 0x0, 0x0, 0x0, 0x5f, 0xff, 0x80, 0x6,
    0xff, 0xf8, 0x0, 0x0, 0x0, 0x0, 0x0, 0x0,
    0x0, 0x0, 0x0, 0x0, 0xdf, 0xfe, 0x0, 0x6,
    0xff, 0xf9, 0x22, 0x22, 0x22, 0x22, 0x21, 0x0,
    0x0, 0x0, 0x0, 0x7, 0xff, 0xf5, 0x0, 0x6,
    0xff, 0xff, 0xff, 0xff, 0xff, 0xff, 0xfa, 0x0,
    0x0, 0x0, 0x0, 0x1f, 0xff, 0xc0, 0x0, 0x6,
    0xff, 0xff, 0xff, 0xff, 0xff, 0xff, 0xfa, 0x0,
    0x0, 0x0, 0x0, 0xaf, 0xff, 0x30, 0x0, 0x6,
    0xff, 0xff, 0xff, 0xff, 0xff, 0xff, 0xfa, 0x0,
    0x0, 0x0, 0x3, 0xff, 0xfa, 0x0, 0x0, 0x6,
    0xff, 0xf8, 0x0, 0x0, 0x0, 0x0, 0x0, 0x0,
    0x0, 0x0, 0xc, 0xff, 0xff, 0xff, 0xff, 0xff,
    0xff, 0xf8, 0x0, 0x0, 0x0, 0x0, 0x0, 0x0,
    0x0, 0x0, 0x6f, 0xff, 0xff, 0xff, 0xff, 0xff,
    0xff, 0xf8, 0x0, 0x0, 0x0, 0x0, 0x0, 0x0,
    0x0, 0x0, 0xef, 0xff, 0xff, 0xff, 0xff, 0xff,
    0xff, 0xf8, 0x0, 0x0, 0x0, 0x0, 0x0, 0x0,
    0x0, 0x8, 0xff, 0xf6, 0x0, 0x0, 0x0, 0x6,
    0xff, 0xf8, 0x0, 0x0, 0x0, 0x0, 0x0, 0x0,
    0x0, 0x2f, 0xff, 0xc0, 0x0, 0x0, 0x0, 0x6,
    0xff, 0xfa, 0x33, 0x33, 0x33, 0x33, 0x33, 0x31,
    0x0, 0xbf, 0xff, 0x40, 0x0, 0x0, 0x0, 0x6,
    0xff, 0xff, 0xff, 0xff, 0xff, 0xff, 0xff, 0xf5,
    0x4, 0xff, 0xfb, 0x0, 0x0, 0x0, 0x0, 0x6,
    0xff, 0xff, 0xff, 0xff, 0xff, 0xff, 0xff, 0xf5,
    0xd, 0xff, 0xf2, 0x0, 0x0, 0x0, 0x0, 0x6,
    0xff, 0xff, 0xff, 0xff, 0xff, 0xff, 0xff, 0xf5,

    /* U+00C7 "Ç" */
    0x0, 0x0, 0x0, 0x5, 0x9d, 0xef, 0xed, 0xa5,
    0x0, 0x0, 0x0, 0x0, 0x7, 0xef, 0xff, 0xff,
    0xff, 0xff, 0xe6, 0x0, 0x0, 0x1, 0xcf, 0xff,
    0xff, 0xff, 0xff, 0xff, 0xff, 0xc0, 0x0, 0x1d,
    0xff, 0xff, 0xfa, 0x86, 0x79, 0xdf, 0xff, 0xf9,
    0x0, 0xcf, 0xff, 0xf8, 0x10, 0x0, 0x0, 0x5,
    0xef, 0xb0, 0x6, 0xff, 0xff, 0x40, 0x0, 0x0,
    0x0, 0x0, 0x18, 0x0, 0xe, 0xff, 0xf7, 0x0,
    0x0, 0x0, 0x0, 0x0, 0x0, 0x0, 0x3f, 0xff,
    0xe0, 0x0, 0x0, 0x0, 0x0, 0x0, 0x0, 0x0,
    0x7f, 0xff, 0x80, 0x0, 0x0, 0x0, 0x0, 0x0,
    0x0, 0x0, 0x9f, 0xff, 0x50, 0x0, 0x0, 0x0,
    0x0, 0x0, 0x0, 0x0, 0xaf, 0xff, 0x40, 0x0,
    0x0, 0x0, 0x0, 0x0, 0x0, 0x0, 0x9f, 0xff,
    0x50, 0x0, 0x0, 0x0, 0x0, 0x0, 0x0, 0x0,
    0x7f, 0xff, 0x80, 0x0, 0x0, 0x0, 0x0, 0x0,
    0x0, 0x0, 0x3f, 0xff, 0xe0, 0x0, 0x0, 0x0,
    0x0, 0x0, 0x0, 0x0, 0xe, 0xff, 0xf7, 0x0,
    0x0, 0x0, 0x0, 0x0, 0x0, 0x0, 0x6, 0xff,
    0xff, 0x40, 0x0, 0x0, 0x0, 0x0, 0x18, 0x0,
    0x0, 0xcf, 0xff, 0xf8, 0x10, 0x0, 0x0, 0x5,
    0xef, 0xb0, 0x0, 0x1d, 0xff, 0xff, 0xfa, 0x86,
    0x79, 0xdf, 0xff, 0xf9, 0x0, 0x1, 0xcf, 0xff,
    0xff, 0xff, 0xff, 0xff, 0xff, 0xc0, 0x0, 0x0,
    0x7, 0xef, 0xff, 0xff, 0xff, 0xff, 0xe6, 0x0,
    0x0, 0x0, 0x0, 0x5, 0x9d, 0xff, 0xfd, 0xa5,
    0x0, 0x0, 0x0, 0x0, 0x0, 0x0, 0x0, 0xef,
    0x20, 0x0, 0x0, 0x0, 0x0, 0x0, 0x0, 0x0,
    0x2, 0xff, 0x92, 0x0, 0x0, 0x0, 0x0, 0x0,
    0x0, 0x0, 0x4, 0xce, 0xff, 0x20, 0x0, 0x0,
    0x0, 0x0, 0x0, 0x0, 0x0, 0x1, 0xff, 0x70,
    0x0, 0x0, 0x0, 0x0, 0x0, 0x0, 0x42, 0x4,
    0xff, 0x70, 0x0, 0x0, 0x0, 0x0, 0x0, 0x0,
    0xef, 0xff, 0xfe, 0x10, 0x0, 0x0, 0x0, 0x0,
    0x0, 0x1, 0x8c, 0xdc, 0x81, 0x0, 0x0, 0x0,

    /* U+00C8 "È" */
    0x0, 0x17, 0x88, 0x71, 0x0, 0x0, 0x0, 0x0,
    0x0, 0x0, 0x3e, 0xff, 0xd1, 0x0, 0x0, 0x0,
    0x0, 0x0, 0x0, 0x1b, 0xff, 0xd1, 0x0, 0x0,
    0x0, 0x0, 0x0, 0x0, 0x8, 0xff, 0xd2, 0x0,
    0x0, 0x0, 0x0, 0x0, 0x0, 0x4, 0x88, 0x60,
    0x0, 0x0, 0x0, 0x0, 0x0, 0x0, 0x0, 0x0,
    0x0, 0x0, 0x0, 0x3f, 0xff, 0xff, 0xff, 0xff,
    0xff, 0xff, 0xff, 0x23, 0xff, 0xff, 0xff, 0xff,
    0xff, 0xff, 0xff, 0xf2, 0x3f, 0xff, 0xff, 0xff,
    0xff, 0xff, 0xff, 0xff, 0x23, 0xff, 0xfc, 0x33,
    0x33, 0x33, 0x33, 0x33, 0x30, 0x3f, 0xff, 0xb0,
    0x0, 0x0, 0x0, 0x0, 0x0, 0x3, 0xff, 0xfb,
    0x0, 0x0, 0x0, 0x0, 0x0, 0x0, 0x3f, 0xff,
    0xb0, 0x0, 0x0, 0x0, 0x0, 0x0, 0x3, 0xff,
    0xfb, 0x0, 0x0, 0x0, 0x0, 0x0, 0x0, 0x3f,
    0xff, 0xc2, 0x22, 0x22, 0x22, 0x22, 0x20, 0x3,
    0xff, 0xff, 0xff, 0xff, 0xff, 0xff, 0xfd, 0x0,
    0x3f, 0xff, 0xff, 0xff, 0xff, 0xff, 0xff, 0xd0,
    0x3, 0xff, 0xff, 0xff, 0xff, 0xff, 0xff, 0xfd,
    0x0, 0x3f, 0xff, 0xb0, 0x0, 0x0, 0x0, 0x0,
    0x0, 0x3, 0xff, 0xfb, 0x0, 0x0, 0x0, 0x0,
    0x0, 0x0, 0x3f, 0xff, 0xb0, 0x0, 0x0, 0x0,
    0x0, 0x0, 0x3, 0xff, 0xfb, 0x0, 0x0, 0x0,
    0x0, 0x0, 0x0, 0x3f, 0xff, 0xb0, 0x0, 0x0,
    0x0, 0x0, 0x0, 0x3, 0xff, 0xfc, 0x33, 0x33,
    0x33, 0x33, 0x33, 0x32, 0x3f, 0xff, 0xff, 0xff,
    0xff, 0xff, 0xff, 0xff, 0x93, 0xff, 0xff, 0xff,
    0xff, 0xff, 0xff, 0xff, 0xf9, 0x3f, 0xff, 0xff,
    0xff, 0xff, 0xff, 0xff, 0xff, 0x90,

    /* U+00C9 "É" */
    0x0, 0x0, 0x0, 0x0, 0x1, 0x78, 0x87, 0x10,
    0x0, 0x0, 0x0, 0x0, 0x1, 0xdf, 0xfe, 0x30,
    0x0, 0x0, 0x0, 0x0, 0x1, 0xdf, 0xfb, 0x10,
    0x0, 0x0, 0x0, 0x0, 0x2, 0xef, 0xf8, 0x0,
    0x0, 0x0, 0x0, 0x0, 0x0, 0x68, 0x84, 0x0,
    0x0, 0x0, 0x0, 0x0, 0x0, 0x0, 0x0, 0x0,
    0x0, 0x0, 0x0, 0x3f, 0xff, 0xff, 0xff, 0xff,
    0xff, 0xff, 0xff, 0x23, 0xff, 0xff, 0xff, 0xff,
    0xff, 0xff, 0xff, 0xf2, 0x3f, 0xff, 0xff, 0xff,
    0xff, 0xff, 0xff, 0xff, 0x23, 0xff, 0xfc, 0x33,
    0x33, 0x33, 0x33, 0x33, 0x30, 0x3f, 0xff, 0xb0,
    0x0, 0x0, 0x0, 0x0, 0x0, 0x3, 0xff, 0xfb,
    0x0, 0x0, 0x0, 0x0, 0x0, 0x0, 0x3f, 0xff,
    0xb0, 0x0, 0x0, 0x0, 0x0, 0x0, 0x3, 0xff,
    0xfb, 0x0, 0x0, 0x0, 0x0, 0x0, 0x0, 0x3f,
    0xff, 0xc2, 0x22, 0x22, 0x22, 0x22, 0x20, 0x3,
    0xff, 0xff, 0xff, 0xff, 0xff, 0xff, 0xfd, 0x0,
    0x3f, 0xff, 0xff, 0xff, 0xff, 0xff, 0xff, 0xd0,
    0x3, 0xff, 0xff, 0xff, 0xff, 0xff, 0xff, 0xfd,
    0x0, 0x3f, 0xff, 0xb0, 0x0, 0x0, 0x0, 0x0,
    0x0, 0x3, 0xff, 0xfb, 0x0, 0x0, 0x0, 0x0,
    0x0, 0x0, 0x3f, 0xff, 0xb0, 0x0, 0x0, 0x0,
    0x0, 0x0, 0x3, 0xff, 0xfb, 0x0, 0x0, 0x0,
    0x0, 0x0, 0x0, 0x3f, 0xff, 0xb0, 0x0, 0x0,
    0x0, 0x0, 0x0, 0x3, 0xff, 0xfc, 0x33, 0x33,
    0x33, 0x33, 0x33, 0x32, 0x3f, 0xff, 0xff, 0xff,
    0xff, 0xff, 0xff, 0xff, 0x93, 0xff, 0xff, 0xff,
    0xff, 0xff, 0xff, 0xff, 0xf9, 0x3f, 0xff, 0xff,
    0xff, 0xff, 0xff, 0xff, 0xff, 0x90,

    /* U+00CA "Ê" */
    0x0, 0x0, 0x0, 0x38, 0x88, 0x30, 0x0, 0x0,
    0x0, 0x0, 0x0, 0x4f, 0xff, 0xff, 0x40, 0x0,
    0x0, 0x0, 0x0, 0x4f, 0xff, 0x8f, 0xff, 0x40,
    0x0, 0x0, 0x0, 0x4f, 0xfe, 0x30, 0x3e, 0xff,
    0x40, 0x0, 0x0, 0x7, 0x87, 0x10, 0x0, 0x17,
    0x87, 0x0, 0x0, 0x0, 0x0, 0x0, 0x0, 0x0,
    0x0, 0x0, 0x0, 0x3f, 0xff, 0xff, 0xff, 0xff,
    0xff, 0xff, 0xff, 0x23, 0xff, 0xff, 0xff, 0xff,
    0xff, 0xff, 0xff, 0xf2, 0x3f, 0xff, 0xff, 0xff,
    0xff, 0xff, 0xff, 0xff, 0x23, 0xff, 0xfc, 0x33,
    0x33, 0x33, 0x33, 0x33, 0x30, 0x3f, 0xff, 0xb0,
    0x0, 0x0, 0x0, 0x0, 0x0, 0x3, 0xff, 0xfb,
    0x0, 0x0, 0x0, 0x0, 0x0, 0x0, 0x3f, 0xff,
    0xb0, 0x0, 0x0, 0x0, 0x0, 0x0, 0x3, 0xff,
    0xfb, 0x0, 0x0, 0x0, 0x0, 0x0, 0x0, 0x3f,
    0xff, 0xc2, 0x22, 0x22, 0x22, 0x22, 0x20, 0x3,
    0xff, 0xff, 0xff, 0xff, 0xff, 0xff, 0xfd, 0x0,
    0x3f, 0xff, 0xff, 0xff, 0xff, 0xff, 0xff, 0xd0,
    0x3, 0xff, 0xff, 0xff, 0xff, 0xff, 0xff, 0xfd,
    0x0, 0x3f, 0xff, 0xb0, 0x0, 0x0, 0x0, 0x0,
    0x0, 0x3, 0xff, 0xfb, 0x0, 0x0, 0x0, 0x0,
    0x0, 0x0, 0x3f, 0xff, 0xb0, 0x0, 0x0, 0x0,
    0x0, 0x0, 0x3, 0xff, 0xfb, 0x0, 0x0, 0x0,
    0x0, 0x0, 0x0, 0x3f, 0xff, 0xb0, 0x0, 0x0,
    0x0, 0x0, 0x0, 0x3, 0xff, 0xfc, 0x33, 0x33,
    0x33, 0x33, 0x33, 0x32, 0x3f, 0xff, 0xff, 0xff,
    0xff, 0xff, 0xff, 0xff, 0x93, 0xff, 0xff, 0xff,
    0xff, 0xff, 0xff, 0xff, 0xf9, 0x3f, 0xff, 0xff,
    0xff, 0xff, 0xff, 0xff, 0xff, 0x90,

    /* U+00CB "Ë" */
    0x0, 0x0, 0x38, 0x40, 0x0, 0x48, 0x30, 0x0,
    0x0, 0x0, 0x1f, 0xff, 0x30, 0x3f, 0xff, 0x0,
    0x0, 0x0, 0x2, 0xff, 0xf5, 0x5, 0xff, 0xf2,
    0x0, 0x0, 0x0, 0x9, 0xfb, 0x0, 0xb, 0xf9,
    0x0, 0x0, 0x0, 0x0, 0x0, 0x0, 0x0, 0x0,
    0x0, 0x0, 0x0, 0x0, 0x0, 0x0, 0x0, 0x0,
    0x0, 0x0, 0x0, 0x3f, 0xff, 0xff, 0xff, 0xff,
    0xff, 0xff, 0xff, 0x23, 0xff, 0xff, 0xff, 0xff,
    0xff, 0xff, 0xff, 0xf2, 0x3f, 0xff, 0xff, 0xff,
    0xff, 0xff, 0xff, 0xff, 0x23, 0xff, 0xfc, 0x33,
    0x33, 0x33, 0x33, 0x33, 0x30, 0x3f, 0xff, 0xb0,
    0x0, 0x0, 0x0, 0x0, 0x0, 0x3, 0xff, 0xfb,
    0x0, 0x0, 0x0, 0x0, 0x0, 0x0, 0x3f, 0xff,
    0xb0, 0x0, 0x0, 0x0, 0x0, 0x0, 0x3, 0xff,
    0xfb, 0x0, 0x0, 0x0, 0x0, 0x0, 0x0, 0x3f,
    0xff, 0xc2, 0x22, 0x22, 0x22, 0x22, 0x20, 0x3,
    0xff, 0xff, 0xff, 0xff, 0xff, 0xff, 0xfd, 0x0,
    0x3f, 0xff, 0xff, 0xff, 0xff, 0xff, 0xff, 0xd0,
    0x3, 0xff, 0xff, 0xff, 0xff, 0xff, 0xff, 0xfd,
    0x0, 0x3f, 0xff, 0xb0, 0x0, 0x0, 0x0, 0x0,
    0x0, 0x3, 0xff, 0xfb, 0x0, 0x0, 0x0, 0x0,
    0x0, 0x0, 0x3f, 0xff, 0xb0, 0x0, 0x0, 0x0,
    0x0, 0x0, 0x3, 0xff, 0xfb, 0x0, 0x0, 0x0,
    0x0, 0x0, 0x0, 0x3f, 0xff, 0xb0, 0x0, 0x0,
    0x0, 0x0, 0x0, 0x3, 0xff, 0xfc, 0x33, 0x33,
    0x33, 0x33, 0x33, 0x32, 0x3f, 0xff, 0xff, 0xff,
    0xff, 0xff, 0xff, 0xff, 0x93, 0xff, 0xff, 0xff,
    0xff, 0xff, 0xff, 0xff, 0xf9, 0x3f, 0xff, 0xff,
    0xff, 0xff, 0xff, 0xff, 0xff, 0x90,

    /* U+00CC "Ì" */
    0x6, 0x88, 0x83, 0x0, 0x0, 0x1, 0xcf, 0xff,
    0x40, 0x0, 0x0, 0x8, 0xff, 0xf4, 0x0, 0x0,
    0x0, 0x5f, 0xff, 0x40, 0x0, 0x0, 0x2, 0x78,
    0x70, 0x0, 0x0, 0x0, 0x0, 0x0, 0x0, 0x0,
    0x3f, 0xff, 0xb0, 0x0, 0x0, 0x3f, 0xff, 0xb0,
    0x0, 0x0, 0x3f, 0xff, 0xb0, 0x0, 0x0, 0x3f,
    0xff, 0xb0, 0x0, 0x0, 0x3f, 0xff, 0xb0, 0x0,
    0x0, 0x3f, 0xff, 0xb0, 0x0, 0x0, 0x3f, 0xff,
    0xb0, 0x0, 0x0, 0x3f, 0xff, 0xb0, 0x0, 0x0,
    0x3f, 0xff, 0xb0, 0x0, 0x0, 0x3f, 0xff, 0xb0,
    0x0, 0x0, 0x3f, 0xff, 0xb0, 0x0, 0x0, 0x3f,
    0xff, 0xb0, 0x0, 0x0, 0x3f, 0xff, 0xb0, 0x0,
    0x0, 0x3f, 0xff, 0xb0, 0x0, 0x0, 0x3f, 0xff,
    0xb0, 0x0, 0x0, 0x3f, 0xff, 0xb0, 0x0, 0x0,
    0x3f, 0xff, 0xb0, 0x0, 0x0, 0x3f, 0xff, 0xb0,
    0x0, 0x0, 0x3f, 0xff, 0xb0, 0x0, 0x0, 0x3f,
    0xff, 0xb0, 0x0, 0x0, 0x3f, 0xff, 0xb0,

    /* U+00CD "Í" */
    0x0, 0x0, 0x78, 0x88, 0x30, 0x0, 0xbf, 0xff,
    0x60, 0x0, 0xbf, 0xfe, 0x30, 0x0, 0xbf, 0xfb,
    0x10, 0x0, 0x38, 0x86, 0x0, 0x0, 0x0, 0x0,
    0x0, 0x0, 0x0, 0x3f, 0xff, 0xb0, 0x0, 0x3,
    0xff, 0xfb, 0x0, 0x0, 0x3f, 0xff, 0xb0, 0x0,
    0x3, 0xff, 0xfb, 0x0, 0x0, 0x3f, 0xff, 0xb0,
    0x0, 0x3, 0xff, 0xfb, 0x0, 0x0, 0x3f, 0xff,
    0xb0, 0x0, 0x3, 0xff, 0xfb, 0x0, 0x0, 0x3f,
    0xff, 0xb0, 0x0, 0x3, 0xff, 0xfb, 0x0, 0x0,
    0x3f, 0xff, 0xb0, 0x0, 0x3, 0xff, 0xfb, 0x0,
    0x0, 0x3f, 0xff, 0xb0, 0x0, 0x3, 0xff, 0xfb,
    0x0, 0x0, 0x3f, 0xff, 0xb0, 0x0, 0x3, 0xff,
    0xfb, 0x0, 0x0, 0x3f, 0xff, 0xb0, 0x0, 0x3,
    0xff, 0xfb, 0x0, 0x0, 0x3f, 0xff, 0xb0, 0x0,
    0x3, 0xff, 0xfb, 0x0, 0x0, 0x3f, 0xff, 0xb0,
    0x0, 0x0,

    /* U+00CE "Î" */
    0x0, 0x1, 0x78, 0x85, 0x0, 0x0, 0x0, 0x1d,
    0xff, 0xff, 0x70, 0x0, 0x1, 0xdf, 0xf9, 0xdf,
    0xf7, 0x0, 0x1d, 0xff, 0x60, 0x1b, 0xff, 0x70,
    0x58, 0x83, 0x0, 0x0, 0x68, 0x71, 0x0, 0x0,
    0x0, 0x0, 0x0, 0x0, 0x0, 0x3, 0xff, 0xfb,
    0x0, 0x0, 0x0, 0x3, 0xff, 0xfb, 0x0, 0x0,
    0x0, 0x3, 0xff, 0xfb, 0x0, 0x0, 0x0, 0x3,
    0xff, 0xfb, 0x0, 0x0, 0x0, 0x3, 0xff, 0xfb,
    0x0, 0x0, 0x0, 0x3, 0xff, 0xfb, 0x0, 0x0,
    0x0, 0x3, 0xff, 0xfb, 0x0, 0x0, 0x0, 0x3,
    0xff, 0xfb, 0x0, 0x0, 0x0, 0x3, 0xff, 0xfb,
    0x0, 0x0, 0x0, 0x3, 0xff, 0xfb, 0x0, 0x0,
    0x0, 0x3, 0xff, 0xfb, 0x0, 0x0, 0x0, 0x3,
    0xff, 0xfb, 0x0, 0x0, 0x0, 0x3, 0xff, 0xfb,
    0x0, 0x0, 0x0, 0x3, 0xff, 0xfb, 0x0, 0x0,
    0x0, 0x3, 0xff, 0xfb, 0x0, 0x0, 0x0, 0x3,
    0xff, 0xfb, 0x0, 0x0, 0x0, 0x3, 0xff, 0xfb,
    0x0, 0x0, 0x0, 0x3, 0xff, 0xfb, 0x0, 0x0,
    0x0, 0x3, 0xff, 0xfb, 0x0, 0x0, 0x0, 0x3,
    0xff, 0xfb, 0x0, 0x0, 0x0, 0x3, 0xff, 0xfb,
    0x0, 0x0,

    /* U+00CF "Ï" */
    0x18, 0x60, 0x0, 0x28, 0x50, 0xbf, 0xf7, 0x0,
    0xef, 0xf4, 0xef, 0xf9, 0x1, 0xff, 0xf6, 0x5e,
    0xd2, 0x0, 0x7f, 0xc1, 0x0, 0x0, 0x0, 0x0,
    0x0, 0x0, 0x0, 0x0, 0x0, 0x0, 0x0, 0x3f,
    0xff, 0xb0, 0x0, 0x0, 0x3f, 0xff, 0xb0, 0x0,
    0x0, 0x3f, 0xff, 0xb0, 0x0, 0x0, 0x3f, 0xff,
    0xb0, 0x0, 0x0, 0x3f, 0xff, 0xb0, 0x0, 0x0,
    0x3f, 0xff, 0xb0, 0x0, 0x0, 0x3f, 0xff, 0xb0,
    0x0, 0x0, 0x3f, 0xff, 0xb0, 0x0, 0x0, 0x3f,
    0xff, 0xb0, 0x0, 0x0, 0x3f, 0xff, 0xb0, 0x0,
    0x0, 0x3f, 0xff, 0xb0, 0x0, 0x0, 0x3f, 0xff,
    0xb0, 0x0, 0x0, 0x3f, 0xff, 0xb0, 0x0, 0x0,
    0x3f, 0xff, 0xb0, 0x0, 0x0, 0x3f, 0xff, 0xb0,
    0x0, 0x0, 0x3f, 0xff, 0xb0, 0x0, 0x0, 0x3f,
    0xff, 0xb0, 0x0, 0x0, 0x3f, 0xff, 0xb0, 0x0,
    0x0, 0x3f, 0xff, 0xb0, 0x0, 0x0, 0x3f, 0xff,
    0xb0, 0x0, 0x0, 0x3f, 0xff, 0xb0, 0x0,

    /* U+00D0 "Ð" */
    0x0, 0xe, 0xff, 0xff, 0xff, 0xff, 0xff, 0xda,
    0x61, 0x0, 0x0, 0x0, 0x0, 0xe, 0xff, 0xff,
    0xff, 0xff, 0xff, 0xff, 0xff, 0x80, 0x0, 0x0,
    0x0, 0xe, 0xff, 0xff, 0xff, 0xff, 0xff, 0xff,
    0xff, 0xfe, 0x30, 0x0, 0x0, 0xe, 0xff, 0xf4,
    0x44, 0x44, 0x46, 0x8e, 0xff, 0xff, 0xf3, 0x0,
    0x0, 0xe, 0xff, 0xf0, 0x0, 0x0, 0x0, 0x0,
    0x5f, 0xff, 0xfe, 0x10, 0x0, 0xe, 0xff, 0xf0,
    0x0, 0x0, 0x0, 0x0, 0x2, 0xef, 0xff, 0x90,
    0x0, 0xe, 0xff, 0xf0, 0x0, 0x0, 0x0, 0x0,
    0x0, 0x4f, 0xff, 0xf1, 0x0, 0xe, 0xff, 0xf0,
    0x0, 0x0, 0x0, 0x0, 0x0, 0xc, 0xff, 0xf5,
    0x0, 0xe, 0xff, 0xf0, 0x0, 0x0, 0x0, 0x0,
    0x0, 0x6, 0xff, 0xf9, 0xdf, 0xff, 0xff, 0xff,
    0xff, 0xff, 0xa0, 0x0, 0x0, 0x4, 0xff, 0xfb,
    0xdf, 0xff, 0xff, 0xff, 0xff, 0xff, 0xa0, 0x0,
    0x0, 0x3, 0xff, 0xfb, 0xad, 0xdf, 0xff, 0xfd,
    0xdd, 0xdd, 0x80, 0x0, 0x0, 0x4, 0xff, 0xfb,
    0x0, 0xe, 0xff, 0xf0, 0x0, 0x0, 0x0, 0x0,
    0x0, 0x6, 0xff, 0xf9, 0x0, 0xe, 0xff, 0xf0,
    0x0, 0x0, 0x0, 0x0, 0x0, 0xc, 0xff, 0xf5,
    0x0, 0xe, 0xff, 0xf0, 0x0, 0x0, 0x0, 0x0,
    0x0, 0x4f, 0xff, 0xf1, 0x0, 0xe, 0xff, 0xf0,
    0x0, 0x0, 0x0, 0x0, 0x2, 0xef, 0xff, 0x90,
    0x0, 0xe, 0xff, 0xf0, 0x0, 0x0, 0x0, 0x0,
    0x5e, 0xff, 0xfe, 0x10, 0x0, 0xe, 0xff, 0xf4,
    0x44, 0x44, 0x46, 0x9e, 0xff, 0xff, 0xf3, 0x0,
    0x0, 0xe, 0xff, 0xff, 0xff, 0xff, 0xff, 0xff,
    0xff, 0xfe, 0x30, 0x0, 0x0, 0xe, 0xff, 0xff,
    0xff, 0xff, 0xff, 0xff, 0xff, 0x91, 0x0, 0x0,
    0x0, 0xe, 0xff, 0xff, 0xff, 0xff, 0xff, 0xda,
    0x61, 0x0, 0x0, 0x0,

    /* U+00D1 "Ñ" */
    0x0, 0x0, 0x1, 0xaf, 0xd5, 0x0, 0x3, 0xb9,
    0x0, 0x0, 0x0, 0x0, 0xb, 0xff, 0xff, 0x80,
    0x7, 0xfb, 0x0, 0x0, 0x0, 0x0, 0x2f, 0xf9,
    0x7f, 0xfa, 0x6f, 0xf7, 0x0, 0x0, 0x0, 0x0,
    0x7f, 0xd0, 0x4, 0xff, 0xff, 0xe1, 0x0, 0x0,
    0x0, 0x0, 0x9f, 0x90, 0x0, 0x2c, 0xfc, 0x30,
    0x0, 0x0, 0x0, 0x0, 0x0, 0x0, 0x0, 0x0,
    0x0, 0x0, 0x0, 0x0, 0x3f, 0xff, 0x70, 0x0,
    0x0, 0x0, 0x0, 0x6, 0xff, 0xf7, 0x3f, 0xff,
    0xf4, 0x0, 0x0, 0x0, 0x0, 0x6, 0xff, 0xf7,
    0x3f, 0xff, 0xfe, 0x20, 0x0, 0x0, 0x0, 0x6,
    0xff, 0xf7, 0x3f, 0xff, 0xff, 0xd0, 0x0, 0x0,
    0x0, 0x6, 0xff, 0xf7, 0x3f, 0xff, 0xff, 0xfa,
    0x0, 0x0, 0x0, 0x6, 0xff, 0xf7, 0x3f, 0xff,
    0xff, 0xff, 0x80, 0x0, 0x0, 0x6, 0xff, 0xf7,
    0x3f, 0xff, 0xff, 0xff, 0xf5, 0x0, 0x0, 0x6,
    0xff, 0xf7, 0x3f, 0xff, 0xbb, 0xff, 0xff, 0x20,
    0x0, 0x6, 0xff, 0xf7, 0x3f, 0xff, 0xb1, 0xdf,
    0xff, 0xd1, 0x0, 0x6, 0xff, 0xf7, 0x3f, 0xff,
    0xb0, 0x2f, 0xff, 0xfb, 0x0, 0x6, 0xff, 0xf7,
    0x3f, 0xff, 0xb0, 0x4, 0xff, 0xff, 0x90, 0x6,
    0xff, 0xf7, 0x3f, 0xff, 0xb0, 0x0, 0x7f, 0xff,
    0xf6, 0x6, 0xff, 0xf7, 0x3f, 0xff, 0xb0, 0x0,
    0xa, 0xff, 0xff, 0x36, 0xff, 0xf7, 0x3f, 0xff,
    0xb0, 0x0, 0x0, 0xcf, 0xff, 0xe8, 0xff, 0xf7,
    0x3f, 0xff, 0xb0, 0x0, 0x0, 0x1e, 0xff, 0xff,
    0xff, 0xf7, 0x3f, 0xff, 0xb0, 0x0, 0x0, 0x3,
    0xff, 0xff, 0xff, 0xf7, 0x3f, 0xff, 0xb0, 0x0,
    0x0, 0x0, 0x6f, 0xff, 0xff, 0xf7, 0x3f, 0xff,
    0xb0, 0x0, 0x0, 0x0, 0x9, 0xff, 0xff, 0xf7,
    0x3f, 0xff, 0xb0, 0x0, 0x0, 0x0, 0x0, 0xcf,
    0xff, 0xf7, 0x3f, 0xff, 0xb0, 0x0, 0x0, 0x0,
    0x0, 0x1e, 0xff, 0xf7, 0x3f, 0xff, 0xb0, 0x0,
    0x0, 0x0, 0x0, 0x2, 0xff, 0xf7,

    /* U+00D2 "Ò" */
    0x0, 0x0, 0x0, 0xbf, 0xff, 0x80, 0x0, 0x0,
    0x0, 0x0, 0x0, 0x0, 0x0, 0x0, 0x0, 0x9f,
    0xff, 0x70, 0x0, 0x0, 0x0, 0x0, 0x0, 0x0,
    0x0, 0x0, 0x0, 0x6f, 0xff, 0x50, 0x0, 0x0,
    0x0, 0x0, 0x0, 0x0, 0x0, 0x0, 0x0, 0x4f,
    0xff, 0x40, 0x0, 0x0, 0x0, 0x0, 0x0, 0x0,
    0x0, 0x0, 0x0, 0x38, 0x87, 0x0, 0x0, 0x0,
    0x0, 0x0, 0x0, 0x0, 0x0, 0x0, 0x0, 0x0,
    0x0, 0x0, 0x0, 0x0, 0x0, 0x0, 0x0, 0x0,
    0x5, 0x9d, 0xef, 0xed, 0xa6, 0x10, 0x0, 0x0,
    0x0, 0x0, 0x0, 0x6e, 0xff, 0xff, 0xff, 0xff,
    0xff, 0x81, 0x0, 0x0, 0x0, 0x1, 0xbf, 0xff,
    0xff, 0xff, 0xff, 0xff, 0xff, 0xe3, 0x0, 0x0,
    0x1, 0xdf, 0xff, 0xff, 0xa8, 0x67, 0x9e, 0xff,
    0xff, 0xf3, 0x0, 0x0, 0xcf, 0xff, 0xf8, 0x0,
    0x0, 0x0, 0x5, 0xff, 0xff, 0xe1, 0x0, 0x6f,
    0xff, 0xf4, 0x0, 0x0, 0x0, 0x0, 0x2, 0xef,
    0xff, 0xa0, 0xe, 0xff, 0xf7, 0x0, 0x0, 0x0,
    0x0, 0x0, 0x3, 0xff, 0xff, 0x23, 0xff, 0xfe,
    0x0, 0x0, 0x0, 0x0, 0x0, 0x0, 0xa, 0xff,
    0xf7, 0x7f, 0xff, 0x80, 0x0, 0x0, 0x0, 0x0,
    0x0, 0x0, 0x4f, 0xff, 0xb9, 0xff, 0xf5, 0x0,
    0x0, 0x0, 0x0, 0x0, 0x0, 0x1, 0xff, 0xfd,
    0xaf, 0xff, 0x40, 0x0, 0x0, 0x0, 0x0, 0x0,
    0x0, 0xf, 0xff, 0xe9, 0xff, 0xf5, 0x0, 0x0,
    0x0, 0x0, 0x0, 0x0, 0x1, 0xff, 0xfd, 0x7f,
    0xff, 0x80, 0x0, 0x0, 0x0, 0x0, 0x0, 0x0,
    0x4f, 0xff, 0xb3, 0xff, 0xfe, 0x0, 0x0, 0x0,
    0x0, 0x0, 0x0, 0xa, 0xff, 0xf7, 0xe, 0xff,
    0xf7, 0x0, 0x0, 0x0, 0x0, 0x0, 0x3, 0xff,
    0xff, 0x20, 0x6f, 0xff, 0xf4, 0x0, 0x0, 0x0,
    0x0, 0x2, 0xef, 0xff, 0xa0, 0x0, 0xcf, 0xff,
    0xf8, 0x0, 0x0, 0x0, 0x5, 0xff, 0xff, 0xe1,
    0x0, 0x1, 0xdf, 0xff, 0xff, 0xa8, 0x67, 0x9e,
    0xff, 0xff, 0xf3, 0x0, 0x0, 0x1, 0xbf, 0xff,
    0xff, 0xff, 0xff, 0xff, 0xff, 0xe3, 0x0, 0x0,
    0x0, 0x0, 0x6e, 0xff, 0xff, 0xff, 0xff, 0xff,
    0x81, 0x0, 0x0, 0x0, 0x0, 0x0, 0x5, 0x9d,
    0xef, 0xed, 0xa6, 0x10, 0x0, 0x0, 0x0,

    /* U+00D3 "Ó" */
    0x0, 0x0, 0x0, 0x0, 0x0, 0x0, 0x4f, 0xff,
    0xd2, 0x0, 0x0, 0x0, 0x0, 0x0, 0x0, 0x0,
    0x0, 0x3f, 0xff, 0xc1, 0x0, 0x0, 0x0, 0x0,
    0x0, 0x0, 0x0, 0x0, 0x2e, 0xff, 0xa0, 0x0,
    0x0, 0x0, 0x0, 0x0, 0x0, 0x0, 0x0, 0x1e,
    0xff, 0x80, 0x0, 0x0, 0x0, 0x0, 0x0, 0x0,
    0x0, 0x0, 0x5, 0x88, 0x50, 0x0, 0x0, 0x0,
    0x0, 0x0, 0x0, 0x0, 0x0, 0x0, 0x0, 0x0,
    0x0, 0x0, 0x0, 0x0, 0x0, 0x0, 0x0, 0x0,
    0x5, 0x9d, 0xef, 0xed, 0xa6, 0x10, 0x0, 0x0,
    0x0, 0x0, 0x0, 0x6e, 0xff, 0xff, 0xff, 0xff,
    0xff, 0x81, 0x0, 0x0, 0x0, 0x1, 0xbf, 0xff,
    0xff, 0xff, 0xff, 0xff, 0xff, 0xe3, 0x0, 0x0,
    0x1, 0xdf, 0xff, 0xff, 0xa8, 0x67, 0x9e, 0xff,
    0xff, 0xf3, 0x0, 0x0, 0xcf, 0xff, 0xf8, 0x0,
    0x0, 0x0, 0x5, 0xff, 0xff, 0xe1, 0x0, 0x6f,
    0xff, 0xf4, 0x0, 0x0, 0x0, 0x0, 0x2, 0xef,
    0xff, 0xa0, 0xe, 0xff, 0xf7, 0x0, 0x0, 0x0,
    0x0, 0x0, 0x3, 0xff, 0xff, 0x23, 0xff, 0xfe,
    0x0, 0x0, 0x0, 0x0, 0x0, 0x0, 0xa, 0xff,
    0xf7, 0x7f, 0xff, 0x80, 0x0, 0x0, 0x0, 0x0,
    0x0, 0x0, 0x4f, 0xff, 0xb9, 0xff, 0xf5, 0x0,
    0x0, 0x0, 0x0, 0x0, 0x0, 0x1, 0xff, 0xfd,
    0xaf, 0xff, 0x40, 0x0, 0x0, 0x0, 0x0, 0x0,
    0x0, 0xf, 0xff, 0xe9, 0xff, 0xf5, 0x0, 0x0,
    0x0, 0x0, 0x0, 0x0, 0x1, 0xff, 0xfd, 0x7f,
    0xff, 0x80, 0x0, 0x0, 0x0, 0x0, 0x0, 0x0,
    0x4f, 0xff, 0xb3, 0xff, 0xfe, 0x0, 0x0, 0x0,
    0x0, 0x0, 0x0, 0xa, 0xff, 0xf7, 0xe, 0xff,
    0xf7, 0x0, 0x0, 0x0, 0x0, 0x0, 0x3, 0xff,
    0xff, 0x20, 0x6f, 0xff, 0xf4, 0x0, 0x0, 0x0,
    0x0, 0x2, 0xef, 0xff, 0xa0, 0x0, 0xcf, 0xff,
    0xf8, 0x0, 0x0, 0x0, 0x5, 0xff, 0xff, 0xe1,
    0x0, 0x1, 0xdf, 0xff, 0xff, 0xa8, 0x67, 0x9e,
    0xff, 0xff, 0xf3, 0x0, 0x0, 0x1, 0xbf, 0xff,
    0xff, 0xff, 0xff, 0xff, 0xff, 0xe3, 0x0, 0x0,
    0x0, 0x0, 0x6e, 0xff, 0xff, 0xff, 0xff, 0xff,
    0x81, 0x0, 0x0, 0x0, 0x0, 0x0, 0x5, 0x9d,
    0xef, 0xed, 0xa6, 0x10, 0x0, 0x0, 0x0,

    /* U+00D4 "Ô" */
    0x0, 0x0, 0x0, 0x0, 0x8, 0xff, 0xfc, 0x0,
    0x0, 0x0, 0x0, 0x0, 0x0, 0x0, 0x0, 0x6,
    0xff, 0xff, 0xfa, 0x0, 0x0, 0x0, 0x0, 0x0,
    0x0, 0x0, 0x5, 0xff, 0xe4, 0xcf, 0xf9, 0x0,
    0x0, 0x0, 0x0, 0x0, 0x0, 0x3, 0xff, 0xe2,
    0x0, 0xcf, 0xf7, 0x0, 0x0, 0x0, 0x0, 0x0,
    0x0, 0x68, 0x72, 0x0, 0x0, 0x78, 0x71, 0x0,
    0x0, 0x0, 0x0, 0x0, 0x0, 0x0, 0x0, 0x0,
    0x0, 0x0, 0x0, 0x0, 0x0, 0x0, 0x0, 0x0,
    0x5, 0x9d, 0xef, 0xed, 0xa6, 0x10, 0x0, 0x0,
    0x0, 0x0, 0x0, 0x6e, 0xff, 0xff, 0xff, 0xff,
    0xff, 0x81, 0x0, 0x0, 0x0, 0x1, 0xbf, 0xff,
    0xff, 0xff, 0xff, 0xff, 0xff, 0xe3, 0x0, 0x0,
    0x1, 0xdf, 0xff, 0xff, 0xa8, 0x67, 0x9e, 0xff,
    0xff, 0xf3, 0x0, 0x0, 0xcf, 0xff, 0xf8, 0x0,
    0x0, 0x0, 0x5, 0xff, 0xff, 0xe1, 0x0, 0x6f,
    0xff, 0xf4, 0x0, 0x0, 0x0, 0x0, 0x2, 0xef,
    0xff, 0xa0, 0xe, 0xff, 0xf7, 0x0, 0x0, 0x0,
    0x0, 0x0, 0x3, 0xff, 0xff, 0x23, 0xff, 0xfe,
    0x0, 0x0, 0x0, 0x0, 0x0, 0x0, 0xa, 0xff,
    0xf7, 0x7f, 0xff, 0x80, 0x0, 0x0, 0x0, 0x0,
    0x0, 0x0, 0x4f, 0xff, 0xb9, 0xff, 0xf5, 0x0,
    0x0, 0x0, 0x0, 0x0, 0x0, 0x1, 0xff, 0xfd,
    0xaf, 0xff, 0x40, 0x0, 0x0, 0x0, 0x0, 0x0,
    0x0, 0xf, 0xff, 0xe9, 0xff, 0xf5, 0x0, 0x0,
    0x0, 0x0, 0x0, 0x0, 0x1, 0xff, 0xfd, 0x7f,
    0xff, 0x80, 0x0, 0x0, 0x0, 0x0, 0x0, 0x0,
    0x4f, 0xff, 0xb3, 0xff, 0xfe, 0x0, 0x0, 0x0,
    0x0, 0x0, 0x0, 0xa, 0xff, 0xf7, 0xe, 0xff,
    0xf7, 0x0, 0x0, 0x0, 0x0, 0x0, 0x3, 0xff,
    0xff, 0x20, 0x6f, 0xff, 0xf4, 0x0, 0x0, 0x0,
    0x0, 0x2, 0xef, 0xff, 0xa0, 0x0, 0xcf, 0xff,
    0xf8, 0x0, 0x0, 0x0, 0x5, 0xff, 0xff, 0xe1,
    0x0, 0x1, 0xdf, 0xff, 0xff, 0xa8, 0x67, 0x9e,
    0xff, 0xff, 0xf3, 0x0, 0x0, 0x1, 0xbf, 0xff,
    0xff, 0xff, 0xff, 0xff, 0xff, 0xe3, 0x0, 0x0,
    0x0, 0x0, 0x6e, 0xff, 0xff, 0xff, 0xff, 0xff,
    0x81, 0x0, 0x0, 0x0, 0x0, 0x0, 0x5, 0x9d,
    0xef, 0xed, 0xa6, 0x10, 0x0, 0x0, 0x0,

    /* U+00D5 "Õ" */
    0x0, 0x0, 0x0, 0x7, 0xef, 0xb3, 0x0, 0xa,
    0xc3, 0x0, 0x0, 0x0, 0x0, 0x0, 0x5, 0xff,
    0xff, 0xf8, 0x14, 0xff, 0x20, 0x0, 0x0, 0x0,
    0x0, 0x0, 0xdf, 0xc5, 0xbf, 0xff, 0xff, 0xc0,
    0x0, 0x0, 0x0, 0x0, 0x0, 0xf, 0xf3, 0x0,
    0x6e, 0xff, 0xe2, 0x0, 0x0, 0x0, 0x0, 0x0,
    0x0, 0x55, 0x0, 0x0, 0x4, 0x40, 0x0, 0x0,
    0x0, 0x0, 0x0, 0x0, 0x0, 0x0, 0x0, 0x0,
    0x0, 0x0, 0x0, 0x0, 0x0, 0x0, 0x0, 0x0,
    0x5, 0x9d, 0xef, 0xed, 0xa6, 0x10, 0x0, 0x0,
    0x0, 0x0, 0x0, 0x6e, 0xff, 0xff, 0xff, 0xff,
    0xff, 0x81, 0x0, 0x0, 0x0, 0x1, 0xbf, 0xff,
    0xff, 0xff, 0xff, 0xff, 0xff, 0xe3, 0x0, 0x0,
    0x1, 0xdf, 0xff, 0xff, 0xa8, 0x67, 0x9e, 0xff,
    0xff, 0xf3, 0x0, 0x0, 0xcf, 0xff, 0xf8, 0x0,
    0x0, 0x0, 0x5, 0xff, 0xff, 0xe1, 0x0, 0x6f,
    0xff, 0xf4, 0x0, 0x0, 0x0, 0x0, 0x2, 0xef,
    0xff, 0xa0, 0xe, 0xff, 0xf7, 0x0, 0x0, 0x0,
    0x0, 0x0, 0x3, 0xff, 0xff, 0x23, 0xff, 0xfe,
    0x0, 0x0, 0x0, 0x0, 0x0, 0x0, 0xa, 0xff,
    0xf7, 0x7f, 0xff, 0x80, 0x0, 0x0, 0x0, 0x0,
    0x0, 0x0, 0x4f, 0xff, 0xb9, 0xff, 0xf5, 0x0,
    0x0, 0x0, 0x0, 0x0, 0x0, 0x1, 0xff, 0xfd,
    0xaf, 0xff, 0x40, 0x0, 0x0, 0x0, 0x0, 0x0,
    0x0, 0xf, 0xff, 0xe9, 0xff, 0xf5, 0x0, 0x0,
    0x0, 0x0, 0x0, 0x0, 0x1, 0xff, 0xfd, 0x7f,
    0xff, 0x80, 0x0, 0x0, 0x0, 0x0, 0x0, 0x0,
    0x4f, 0xff, 0xb3, 0xff, 0xfe, 0x0, 0x0, 0x0,
    0x0, 0x0, 0x0, 0xa, 0xff, 0xf7, 0xe, 0xff,
    0xf7, 0x0, 0x0, 0x0, 0x0, 0x0, 0x3, 0xff,
    0xff, 0x20, 0x6f, 0xff, 0xf4, 0x0, 0x0, 0x0,
    0x0, 0x2, 0xef, 0xff, 0xa0, 0x0, 0xcf, 0xff,
    0xf8, 0x0, 0x0, 0x0, 0x5, 0xff, 0xff, 0xe1,
    0x0, 0x1, 0xdf, 0xff, 0xff, 0xa8, 0x67, 0x9e,
    0xff, 0xff, 0xf3, 0x0, 0x0, 0x1, 0xbf, 0xff,
    0xff, 0xff, 0xff, 0xff, 0xff, 0xe3, 0x0, 0x0,
    0x0, 0x0, 0x6e, 0xff, 0xff, 0xff, 0xff, 0xff,
    0x81, 0x0, 0x0, 0x0, 0x0, 0x0, 0x5, 0x9d,
    0xef, 0xed, 0xa6, 0x10, 0x0, 0x0, 0x0,

    /* U+00D6 "Ö" */
    0x0, 0x0, 0x0, 0x2, 0x85, 0x0, 0x3, 0x84,
    0x0, 0x0, 0x0, 0x0, 0x0, 0x0, 0x0, 0xef,
    0xf5, 0x1, 0xff, 0xf2, 0x0, 0x0, 0x0, 0x0,
    0x0, 0x0, 0xf, 0xff, 0x70, 0x3f, 0xff, 0x40,
    0x0, 0x0, 0x0, 0x0, 0x0, 0x0, 0x7f, 0xc1,
    0x0, 0x9f, 0xa0, 0x0, 0x0, 0x0, 0x0, 0x0,
    0x0, 0x0, 0x0, 0x0, 0x0, 0x0, 0x0, 0x0,
    0x0, 0x0, 0x0, 0x0, 0x0, 0x0, 0x0, 0x0,
    0x0, 0x0, 0x0, 0x0, 0x0, 0x0, 0x0, 0x0,
    0x5, 0x9d, 0xef, 0xed, 0xa6, 0x10, 0x0, 0x0,
    0x0, 0x0, 0x0, 0x6e, 0xff, 0xff, 0xff, 0xff,
    0xff, 0x81, 0x0, 0x0, 0x0, 0x1, 0xbf, 0xff,
    0xff, 0xff, 0xff, 0xff, 0xff, 0xe3, 0x0, 0x0,
    0x1, 0xdf, 0xff, 0xff, 0xa8, 0x67, 0x9e, 0xff,
    0xff, 0xf3, 0x0, 0x0, 0xcf, 0xff, 0xf8, 0x0,
    0x0, 0x0, 0x5, 0xff, 0xff, 0xe1, 0x0, 0x6f,
    0xff, 0xf4, 0x0, 0x0, 0x0, 0x0, 0x2, 0xef,
    0xff, 0xa0, 0xe, 0xff, 0xf7, 0x0, 0x0, 0x0,
    0x0, 0x0, 0x3, 0xff, 0xff, 0x23, 0xff, 0xfe,
    0x0, 0x0, 0x0, 0x0, 0x0, 0x0, 0xa, 0xff,
    0xf7, 0x7f, 0xff, 0x80, 0x0, 0x0, 0x0, 0x0,
    0x0, 0x0, 0x4f, 0xff, 0xb9, 0xff, 0xf5, 0x0,
    0x0, 0x0, 0x0, 0x0, 0x0, 0x1, 0xff, 0xfd,
    0xaf, 0xff, 0x40, 0x0, 0x0, 0x0, 0x0, 0x0,
    0x0, 0xf, 0xff, 0xe9, 0xff, 0xf5, 0x0, 0x0,
    0x0, 0x0, 0x0, 0x0, 0x1, 0xff, 0xfd, 0x7f,
    0xff, 0x80, 0x0, 0x0, 0x0, 0x0, 0x0, 0x0,
    0x4f, 0xff, 0xb3, 0xff, 0xfe, 0x0, 0x0, 0x0,
    0x0, 0x0, 0x0, 0xa, 0xff, 0xf7, 0xe, 0xff,
    0xf7, 0x0, 0x0, 0x0, 0x0, 0x0, 0x3, 0xff,
    0xff, 0x20, 0x6f, 0xff, 0xf4, 0x0, 0x0, 0x0,
    0x0, 0x2, 0xef, 0xff, 0xa0, 0x0, 0xcf, 0xff,
    0xf8, 0x0, 0x0, 0x0, 0x5, 0xff, 0xff, 0xe1,
    0x0, 0x1, 0xdf, 0xff, 0xff, 0xa8, 0x67, 0x9e,
    0xff, 0xff, 0xf3, 0x0, 0x0, 0x1, 0xbf, 0xff,
    0xff, 0xff, 0xff, 0xff, 0xff, 0xe3, 0x0, 0x0,
    0x0, 0x0, 0x6e, 0xff, 0xff, 0xff, 0xff, 0xff,
    0x81, 0x0, 0x0, 0x0, 0x0, 0x0, 0x5, 0x9d,
    0xef, 0xed, 0xa6, 0x10, 0x0, 0x0, 0x0,

    /* U+00D7 "×" */
    0x0, 0x0, 0x0, 0x0, 0x0, 0x10, 0x0, 0xc,
    0xc0, 0x0, 0x0, 0x3e, 0x80, 0xb, 0xff, 0xc0,
    0x0, 0x3e, 0xff, 0x70, 0x6f, 0xff, 0xc0, 0x3e,
    0xff, 0xe3, 0x0, 0x6f, 0xff, 0xce, 0xff, 0xe3,
    0x0, 0x0, 0x6f, 0xff, 0xff, 0xe3, 0x0, 0x0,
    0x0, 0x8f, 0xff, 0xf4, 0x0, 0x0, 0x0, 0x3e,
    0xff, 0xff, 0xc1, 0x0, 0x0, 0x3e, 0xff, 0xef,
    0xff, 0xc1, 0x0, 0x3e, 0xff, 0xe2, 0x6f, 0xff,
    0xc1, 0xc, 0xff, 0xe2, 0x0, 0x6f, 0xff, 0x80,
    0x2e, 0xe2, 0x0, 0x0, 0x6f, 0xb0, 0x0, 0x22,
    0x0, 0x0, 0x0, 0x40, 0x0,

    /* U+00D8 "Ø" */
    0x0, 0x0, 0x0, 0x0, 0x0, 0x0, 0x0, 0x0,
    0x3f, 0xfc, 0x0, 0x0, 0x0, 0x0, 0x0, 0x0,
    0x0, 0x0, 0x0, 0xc, 0xff, 0x30, 0x0, 0x0,
    0x0, 0x0, 0x5, 0x9d, 0xef, 0xed, 0xab, 0xff,
    0xa0, 0x0, 0x0, 0x0, 0x0, 0x6e, 0xff, 0xff,
    0xff, 0xff, 0xff, 0xf3, 0x0, 0x0, 0x0, 0x1,
    0xbf, 0xff, 0xff, 0xff, 0xff, 0xff, 0xff, 0xe3,
    0x0, 0x0, 0x1, 0xdf, 0xff, 0xff, 0xa8, 0x67,
    0xaf, 0xff, 0xff, 0xf3, 0x0, 0x0, 0xcf, 0xff,
    0xf8, 0x0, 0x0, 0x8, 0xff, 0xff, 0xff, 0xe1,
    0x0, 0x6f, 0xff, 0xf4, 0x0, 0x0, 0x1, 0xff,
    0xe2, 0xef, 0xff, 0xa0, 0xe, 0xff, 0xf7, 0x0,
    0x0, 0x0, 0xaf, 0xf6, 0x3, 0xff, 0xff, 0x23,
    0xff, 0xfe, 0x0, 0x0, 0x0, 0x3f, 0xfd, 0x0,
    0xa, 0xff, 0xf7, 0x7f, 0xff, 0x80, 0x0, 0x0,
    0xb, 0xff, 0x40, 0x0, 0x4f, 0xff, 0xb9, 0xff,
    0xf5, 0x0, 0x0, 0x4, 0xff, 0xb0, 0x0, 0x1,
    0xff, 0xfd, 0xaf, 0xff, 0x40, 0x0, 0x0, 0xdf,
    0xf2, 0x0, 0x0, 0xf, 0xff, 0xe9, 0xff, 0xf5,
    0x0, 0x0, 0x6f, 0xfa, 0x0, 0x0, 0x1, 0xff,
    0xfd, 0x7f, 0xff, 0x80, 0x0, 0xe, 0xff, 0x10,
    0x0, 0x0, 0x4f, 0xff, 0xb3, 0xff, 0xfe, 0x0,
    0x7, 0xff, 0x80, 0x0, 0x0, 0xa, 0xff, 0xf7,
    0xe, 0xff, 0xf7, 0x1, 0xff, 0xe0, 0x0, 0x0,
    0x3, 0xff, 0xff, 0x20, 0x6f, 0xff, 0xf4, 0x9f,
    0xf6, 0x0, 0x0, 0x2, 0xef, 0xff, 0xa0, 0x0,
    0xcf, 0xff, 0xff, 0xfd, 0x0, 0x0, 0x5, 0xff,
    0xff, 0xe1, 0x0, 0x1, 0xdf, 0xff, 0xff, 0xf8,
    0x67, 0x9e, 0xff, 0xff, 0xf3, 0x0, 0x0, 0x1,
    0xbf, 0xff, 0xff, 0xff, 0xff, 0xff, 0xff, 0xe3,
    0x0, 0x0, 0x0, 0x0, 0xff, 0xff, 0xff, 0xff,
    0xff, 0xff, 0x81, 0x0, 0x0, 0x0, 0x0, 0x5f,
    0xff, 0x9d, 0xef, 0xed, 0xa6, 0x10, 0x0, 0x0,
    0x0, 0x0, 0xe, 0xff, 0x20, 0x0, 0x0, 0x0,
    0x0, 0x0, 0x0, 0x0, 0x0, 0x7, 0xff, 0x90,
    0x0, 0x0, 0x0, 0x0, 0x0, 0x0, 0x0, 0x0,

    /* U+00D9 "Ù" */
    0x0, 0x0, 0x7f, 0xff, 0xc0, 0x0, 0x0, 0x0,
    0x0, 0x0, 0x0, 0x0, 0x5, 0xff, 0xfa, 0x0,
    0x0, 0x0, 0x0, 0x0, 0x0, 0x0, 0x0, 0x3e,
    0xff, 0x90, 0x0, 0x0, 0x0, 0x0, 0x0, 0x0,
    0x0, 0x2, 0xdf, 0xf8, 0x0, 0x0, 0x0, 0x0,
    0x0, 0x0, 0x0, 0x0, 0x17, 0x87, 0x10, 0x0,
    0x0, 0x0, 0x0, 0x0, 0x0, 0x0, 0x0, 0x0,
    0x0, 0x0, 0x0, 0x0, 0x5f, 0xff, 0x80, 0x0,
    0x0, 0x0, 0x0, 0xd, 0xff, 0xf0, 0x5f, 0xff,
    0x80, 0x0, 0x0, 0x0, 0x0, 0xd, 0xff, 0xf0,
    0x5f, 0xff, 0x80, 0x0, 0x0, 0x0, 0x0, 0xd,
    0xff, 0xf0, 0x5f, 0xff, 0x80, 0x0, 0x0, 0x0,
    0x0, 0xd, 0xff, 0xf0, 0x5f, 0xff, 0x80, 0x0,
    0x0, 0x0, 0x0, 0xd, 0xff, 0xf0, 0x5f, 0xff,
    0x80, 0x0, 0x0, 0x0, 0x0, 0xd, 0xff, 0xf0,
    0x5f, 0xff, 0x80, 0x0, 0x0, 0x0, 0x0, 0xd,
    0xff, 0xf0, 0x5f, 0xff, 0x80, 0x0, 0x0, 0x0,
    0x0, 0xd, 0xff, 0xf0, 0x5f, 0xff, 0x80, 0x0,
    0x0, 0x0, 0x0, 0xd, 0xff, 0xf0, 0x5f, 0xff,
    0x80, 0x0, 0x0, 0x0, 0x0, 0xd, 0xff, 0xf0,
    0x5f, 0xff, 0x80, 0x0, 0x0, 0x0, 0x0, 0xd,
    0xff, 0xf0, 0x5f, 0xff, 0x80, 0x0, 0x0, 0x0,
    0x0, 0xd, 0xff, 0xf0, 0x4f, 0xff, 0x90, 0x0,
    0x0, 0x0, 0x0, 0xd, 0xff, 0xf0, 0x3f, 0xff,
    0xb0, 0x0, 0x0, 0x0, 0x0, 0xf, 0xff, 0xe0,
    0xf, 0xff, 0xf0, 0x0, 0x0, 0x0, 0x0, 0x4f,
    0xff, 0xb0, 0xc, 0xff, 0xf7, 0x0, 0x0, 0x0,
    0x0, 0xbf, 0xff, 0x70, 0x5, 0xff, 0xff, 0x50,
    0x0, 0x0, 0x9, 0xff, 0xff, 0x10, 0x0, 0xcf,
    0xff, 0xfc, 0x86, 0x69, 0xef, 0xff, 0xf7, 0x0,
    0x0, 0x1d, 0xff, 0xff, 0xff, 0xff, 0xff, 0xff,
    0xa0, 0x0, 0x0, 0x1, 0xaf, 0xff, 0xff, 0xff,
    0xff, 0xf7, 0x0, 0x0, 0x0, 0x0, 0x2, 0x8c,
    0xef, 0xfe, 0xb6, 0x10, 0x0, 0x0,

    /* U+00DA "Ú" */
    0x0, 0x0, 0x0, 0x0, 0x0, 0x2e, 0xff, 0xf4,
    0x0, 0x0, 0x0, 0x0, 0x0, 0x0, 0x1, 0xdf,
    0xfe, 0x20, 0x0, 0x0, 0x0, 0x0, 0x0, 0x0,
    0xc, 0xff, 0xc1, 0x0, 0x0, 0x0, 0x0, 0x0,
    0x0, 0x0, 0xbf, 0xfb, 0x0, 0x0, 0x0, 0x0,
    0x0, 0x0, 0x0, 0x3, 0x88, 0x60, 0x0, 0x0,
    0x0, 0x0, 0x0, 0x0, 0x0, 0x0, 0x0, 0x0,
    0x0, 0x0, 0x0, 0x0, 0x5f, 0xff, 0x80, 0x0,
    0x0, 0x0, 0x0, 0xd, 0xff, 0xf0, 0x5f, 0xff,
    0x80, 0x0, 0x0, 0x0, 0x0, 0xd, 0xff, 0xf0,
    0x5f, 0xff, 0x80, 0x0, 0x0, 0x0, 0x0, 0xd,
    0xff, 0xf0, 0x5f, 0xff, 0x80, 0x0, 0x0, 0x0,
    0x0, 0xd, 0xff, 0xf0, 0x5f, 0xff, 0x80, 0x0,
    0x0, 0x0, 0x0, 0xd, 0xff, 0xf0, 0x5f, 0xff,
    0x80, 0x0, 0x0, 0x0, 0x0, 0xd, 0xff, 0xf0,
    0x5f, 0xff, 0x80, 0x0, 0x0, 0x0, 0x0, 0xd,
    0xff, 0xf0, 0x5f, 0xff, 0x80, 0x0, 0x0, 0x0,
    0x0, 0xd, 0xff, 0xf0, 0x5f, 0xff, 0x80, 0x0,
    0x0, 0x0, 0x0, 0xd, 0xff, 0xf0, 0x5f, 0xff,
    0x80, 0x0, 0x0, 0x0, 0x0, 0xd, 0xff, 0xf0,
    0x5f, 0xff, 0x80, 0x0, 0x0, 0x0, 0x0, 0xd,
    0xff, 0xf0, 0x5f, 0xff, 0x80, 0x0, 0x0, 0x0,
    0x0, 0xd, 0xff, 0xf0, 0x4f, 0xff, 0x90, 0x0,
    0x0, 0x0, 0x0, 0xd, 0xff, 0xf0, 0x3f, 0xff,
    0xb0, 0x0, 0x0, 0x0, 0x0, 0xf, 0xff, 0xe0,
    0xf, 0xff, 0xf0, 0x0, 0x0, 0x0, 0x0, 0x4f,
    0xff, 0xb0, 0xc, 0xff, 0xf7, 0x0, 0x0, 0x0,
    0x0, 0xbf, 0xff, 0x70, 0x5, 0xff, 0xff, 0x50,
    0x0, 0x0, 0x9, 0xff, 0xff, 0x10, 0x0, 0xcf,
    0xff, 0xfc, 0x86, 0x69, 0xef, 0xff, 0xf7, 0x0,
    0x0, 0x1d, 0xff, 0xff, 0xff, 0xff, 0xff, 0xff,
    0xa0, 0x0, 0x0, 0x1, 0xaf, 0xff, 0xff, 0xff,
    0xff, 0xf7, 0x0, 0x0, 0x0, 0x0, 0x2, 0x8c,
    0xef, 0xfe, 0xb6, 0x10, 0x0, 0x0,

    /* U+00DB "Û" */
    0x0, 0x0, 0x0, 0x4, 0xff, 0xfe, 0x20, 0x0,
    0x0, 0x0, 0x0, 0x0, 0x0, 0x3f, 0xff, 0xff,
    0xd1, 0x0, 0x0, 0x0, 0x0, 0x0, 0x2, 0xef,
    0xf6, 0xaf, 0xfc, 0x0, 0x0, 0x0, 0x0, 0x0,
    0x1d, 0xff, 0x50, 0x9, 0xff, 0xb0, 0x0, 0x0,
    0x0, 0x0, 0x48, 0x84, 0x0, 0x0, 0x68, 0x83,
    0x0, 0x0, 0x0, 0x0, 0x0, 0x0, 0x0, 0x0,
    0x0, 0x0, 0x0, 0x0, 0x5f, 0xff, 0x80, 0x0,
    0x0, 0x0, 0x0, 0xd, 0xff, 0xf0, 0x5f, 0xff,
    0x80, 0x0, 0x0, 0x0, 0x0, 0xd, 0xff, 0xf0,
    0x5f, 0xff, 0x80, 0x0, 0x0, 0x0, 0x0, 0xd,
    0xff, 0xf0, 0x5f, 0xff, 0x80, 0x0, 0x0, 0x0,
    0x0, 0xd, 0xff, 0xf0, 0x5f, 0xff, 0x80, 0x0,
    0x0, 0x0, 0x0, 0xd, 0xff, 0xf0, 0x5f, 0xff,
    0x80, 0x0, 0x0, 0x0, 0x0, 0xd, 0xff, 0xf0,
    0x5f, 0xff, 0x80, 0x0, 0x0, 0x0, 0x0, 0xd,
    0xff, 0xf0, 0x5f, 0xff, 0x80, 0x0, 0x0, 0x0,
    0x0, 0xd, 0xff, 0xf0, 0x5f, 0xff, 0x80, 0x0,
    0x0, 0x0, 0x0, 0xd, 0xff, 0xf0, 0x5f, 0xff,
    0x80, 0x0, 0x0, 0x0, 0x0, 0xd, 0xff, 0xf0,
    0x5f, 0xff, 0x80, 0x0, 0x0, 0x0, 0x0, 0xd,
    0xff, 0xf0, 0x5f, 0xff, 0x80, 0x0, 0x0, 0x0,
    0x0, 0xd, 0xff, 0xf0, 0x4f, 0xff, 0x90, 0x0,
    0x0, 0x0, 0x0, 0xd, 0xff, 0xf0, 0x3f, 0xff,
    0xb0, 0x0, 0x0, 0x0, 0x0, 0xf, 0xff, 0xe0,
    0xf, 0xff, 0xf0, 0x0, 0x0, 0x0, 0x0, 0x4f,
    0xff, 0xb0, 0xc, 0xff, 0xf7, 0x0, 0x0, 0x0,
    0x0, 0xbf, 0xff, 0x70, 0x5, 0xff, 0xff, 0x50,
    0x0, 0x0, 0x9, 0xff, 0xff, 0x10, 0x0, 0xcf,
    0xff, 0xfc, 0x86, 0x69, 0xef, 0xff, 0xf7, 0x0,
    0x0, 0x1d, 0xff, 0xff, 0xff, 0xff, 0xff, 0xff,
    0xa0, 0x0, 0x0, 0x1, 0xaf, 0xff, 0xff, 0xff,
    0xff, 0xf7, 0x0, 0x0, 0x0, 0x0, 0x2, 0x8c,
    0xef, 0xfe, 0xb6, 0x10, 0x0, 0x0,

    /* U+00DC "Ü" */
    0x0, 0x0, 0x0, 0x77, 0x0, 0x1, 0x86, 0x0,
    0x0, 0x0, 0x0, 0x0, 0xa, 0xff, 0x90, 0xd,
    0xff, 0x60, 0x0, 0x0, 0x0, 0x0, 0xc, 0xff,
    0xb0, 0xf, 0xff, 0x80, 0x0, 0x0, 0x0, 0x0,
    0x4, 0xee, 0x30, 0x6, 0xec, 0x10, 0x0, 0x0,
    0x0, 0x0, 0x0, 0x0, 0x0, 0x0, 0x0, 0x0,
    0x0, 0x0, 0x0, 0x0, 0x0, 0x0, 0x0, 0x0,
    0x0, 0x0, 0x0, 0x0, 0x5f, 0xff, 0x80, 0x0,
    0x0, 0x0, 0x0, 0xd, 0xff, 0xf0, 0x5f, 0xff,
    0x80, 0x0, 0x0, 0x0, 0x0, 0xd, 0xff, 0xf0,
    0x5f, 0xff, 0x80, 0x0, 0x0, 0x0, 0x0, 0xd,
    0xff, 0xf0, 0x5f, 0xff, 0x80, 0x0, 0x0, 0x0,
    0x0, 0xd, 0xff, 0xf0, 0x5f, 0xff, 0x80, 0x0,
    0x0, 0x0, 0x0, 0xd, 0xff, 0xf0, 0x5f, 0xff,
    0x80, 0x0, 0x0, 0x0, 0x0, 0xd, 0xff, 0xf0,
    0x5f, 0xff, 0x80, 0x0, 0x0, 0x0, 0x0, 0xd,
    0xff, 0xf0, 0x5f, 0xff, 0x80, 0x0, 0x0, 0x0,
    0x0, 0xd, 0xff, 0xf0, 0x5f, 0xff, 0x80, 0x0,
    0x0, 0x0, 0x0, 0xd, 0xff, 0xf0, 0x5f, 0xff,
    0x80, 0x0, 0x0, 0x0, 0x0, 0xd, 0xff, 0xf0,
    0x5f, 0xff, 0x80, 0x0, 0x0, 0x0, 0x0, 0xd,
    0xff, 0xf0, 0x5f, 0xff, 0x80, 0x0, 0x0, 0x0,
    0x0, 0xd, 0xff, 0xf0, 0x4f, 0xff, 0x90, 0x0,
    0x0, 0x0, 0x0, 0xd, 0xff, 0xf0, 0x3f, 0xff,
    0xb0, 0x0, 0x0, 0x0, 0x0, 0xf, 0xff, 0xe0,
    0xf, 0xff, 0xf0, 0x0, 0x0, 0x0, 0x0, 0x4f,
    0xff, 0xb0, 0xc, 0xff, 0xf7, 0x0, 0x0, 0x0,
    0x0, 0xbf, 0xff, 0x70, 0x5, 0xff, 0xff, 0x50,
    0x0, 0x0, 0x9, 0xff, 0xff, 0x10, 0x0, 0xcf,
    0xff, 0xfc, 0x86, 0x69, 0xef, 0xff, 0xf7, 0x0,
    0x0, 0x1d, 0xff, 0xff, 0xff, 0xff, 0xff, 0xff,
    0xa0, 0x0, 0x0, 0x1, 0xaf, 0xff, 0xff, 0xff,
    0xff, 0xf7, 0x0, 0x0, 0x0, 0x0, 0x2, 0x8c,
    0xef, 0xfe, 0xb6, 0x10, 0x0, 0x0,

    /* U+00DD "Ý" */
    0x0, 0x0, 0x0, 0x0, 0x0, 0x0, 0x67, 0x77,
    0x40, 0x0, 0x0, 0x0, 0x0, 0x0, 0x0, 0x0,
    0x9, 0xff, 0xf8, 0x0, 0x0, 0x0, 0x0, 0x0,
    0x0, 0x0, 0x0, 0x9f, 0xfe, 0x40, 0x0, 0x0,
    0x0, 0x0, 0x0, 0x0, 0x0, 0xa, 0xff, 0xc1,
    0x0, 0x0, 0x0, 0x0, 0x0, 0x0, 0x0, 0x0,
    0x26, 0x65, 0x0, 0x0, 0x0, 0x0, 0x0, 0x0,
    0x0, 0x0, 0x0, 0x0, 0x0, 0x0, 0x0, 0x0,
    0x0, 0x0, 0xe, 0xff, 0xf3, 0x0, 0x0, 0x0,
    0x0, 0x0, 0x1f, 0xff, 0xc0, 0x5, 0xff, 0xfc,
    0x0, 0x0, 0x0, 0x0, 0x0, 0xaf, 0xff, 0x30,
    0x0, 0xcf, 0xff, 0x60, 0x0, 0x0, 0x0, 0x4,
    0xff, 0xf9, 0x0, 0x0, 0x2f, 0xff, 0xe1, 0x0,
    0x0, 0x0, 0xd, 0xff, 0xe1, 0x0, 0x0, 0x8,
    0xff, 0xf9, 0x0, 0x0, 0x0, 0x7f, 0xff, 0x60,
    0x0, 0x0, 0x0, 0xef, 0xff, 0x30, 0x0, 0x1,
    0xff, 0xfc, 0x0, 0x0, 0x0, 0x0, 0x5f, 0xff,
    0xc0, 0x0, 0xa, 0xff, 0xf2, 0x0, 0x0, 0x0,
    0x0, 0xb, 0xff, 0xf6, 0x0, 0x4f, 0xff, 0x90,
    0x0, 0x0, 0x0, 0x0, 0x2, 0xff, 0xfe, 0x10,
    0xdf, 0xfe, 0x0, 0x0, 0x0, 0x0, 0x0, 0x0,
    0x8f, 0xff, 0x98, 0xff, 0xf5, 0x0, 0x0, 0x0,
    0x0, 0x0, 0x0, 0xd, 0xff, 0xff, 0xff, 0xc0,
    0x0, 0x0, 0x0, 0x0, 0x0, 0x0, 0x4, 0xff,
    0xff, 0xff, 0x20, 0x0, 0x0, 0x0, 0x0, 0x0,
    0x0, 0x0, 0xbf, 0xff, 0xf8, 0x0, 0x0, 0x0,
    0x0, 0x0, 0x0, 0x0, 0x0, 0x2f, 0xff, 0xf0,
    0x0, 0x0, 0x0, 0x0, 0x0, 0x0, 0x0, 0x0,
    0xf, 0xff, 0xe0, 0x0, 0x0, 0x0, 0x0, 0x0,
    0x0, 0x0, 0x0, 0xf, 0xff, 0xe0, 0x0, 0x0,
    0x0, 0x0, 0x0, 0x0, 0x0, 0x0, 0xf, 0xff,
    0xe0, 0x0, 0x0, 0x0, 0x0, 0x0, 0x0, 0x0,
    0x0, 0xf, 0xff, 0xe0, 0x0, 0x0, 0x0, 0x0,
    0x0, 0x0, 0x0, 0x0, 0xf, 0xff, 0xe0, 0x0,
    0x0, 0x0, 0x0, 0x0, 0x0, 0x0, 0x0, 0xf,
    0xff, 0xe0, 0x0, 0x0, 0x0, 0x0, 0x0, 0x0,
    0x0, 0x0, 0xf, 0xff, 0xe0, 0x0, 0x0, 0x0,
    0x0,

    /* U+00DE "Þ" */
    0x3f, 0xff, 0xb0, 0x0, 0x0, 0x0, 0x0, 0x0,
    0x0, 0x3, 0xff, 0xfb, 0x0, 0x0, 0x0, 0x0,
    0x0, 0x0, 0x0, 0x3f, 0xff, 0xc4, 0x44, 0x44,
    0x21, 0x0, 0x0, 0x0, 0x3, 0xff, 0xff, 0xff,
    0xff, 0xff, 0xfe, 0x93, 0x0, 0x0, 0x3f, 0xff,
    0xff, 0xff, 0xff, 0xff, 0xff, 0xf9, 0x0, 0x3,
    0xff, 0xff, 0xff, 0xff, 0xff, 0xff, 0xff, 0xfb,
    0x0, 0x3f, 0xff, 0xb0, 0x0, 0x0, 0x14, 0xaf,
    0xff, 0xf8, 0x3, 0xff, 0xfb, 0x0, 0x0, 0x0,
    0x0, 0x6f, 0xff, 0xf0, 0x3f, 0xff, 0xb0, 0x0,
    0x0, 0x0, 0x0, 0xdf, 0xff, 0x43, 0xff, 0xfb,
    0x0, 0x0, 0x0, 0x0, 0x9, 0xff, 0xf5, 0x3f,
    0xff, 0xb0, 0x0, 0x0, 0x0, 0x0, 0x9f, 0xff,
    0x53, 0xff, 0xfb, 0x0, 0x0, 0x0, 0x0, 0xc,
    0xff, 0xf3, 0x3f, 0xff, 0xb0, 0x0, 0x0, 0x0,
    0x6, 0xff, 0xff, 0x3, 0xff, 0xfb, 0x0, 0x0,
    0x1, 0x4a, 0xff, 0xff, 0x80, 0x3f, 0xff, 0xff,
    0xff, 0xff, 0xff, 0xff, 0xff, 0xb0, 0x3, 0xff,
    0xff, 0xff, 0xff, 0xff, 0xff, 0xff, 0xa0, 0x0,
    0x3f, 0xff, 0xff, 0xff, 0xff, 0xff, 0xe9, 0x30,
    0x0, 0x3, 0xff, 0xfc, 0x44, 0x44, 0x32, 0x10,
    0x0, 0x0, 0x0, 0x3f, 0xff, 0xb0, 0x0, 0x0,
    0x0, 0x0, 0x0, 0x0, 0x3, 0xff, 0xfb, 0x0,
    0x0, 0x0, 0x0, 0x0, 0x0, 0x0, 0x3f, 0xff,
    0xb0, 0x0, 0x0, 0x0, 0x0, 0x0, 0x0, 0x0,

    /* U+00DF "ß" */
    0x0, 0x0, 0x0, 0x0, 0x10, 0x0, 0x0, 0x0,
    0x0, 0x0, 0x0, 0x5a, 0xff, 0xff, 0xe9, 0x30,
    0x0, 0x0, 0x0, 0x1b, 0xff, 0xff, 0xff, 0xff,
    0xf9, 0x0, 0x0, 0x0, 0xcf, 0xff, 0xff, 0xff,
    0xff, 0xff, 0x80, 0x0, 0x9, 0xff, 0xfd, 0x51,
    0x2, 0x8f, 0xff, 0xf2, 0x0, 0x1f, 0xff, 0xe1,
    0x0, 0x0, 0x6, 0xff, 0xf6, 0x0, 0x5f, 0xff,
    0x70, 0x0, 0x0, 0x1, 0xff, 0xf8, 0x0, 0x7f,
    0xff, 0x40, 0x0, 0x0, 0x1, 0xff, 0xf7, 0x0,
    0x8f, 0xff, 0x30, 0x0, 0x0, 0x9, 0xff, 0xf2,
    0x0, 0x8f, 0xff, 0x30, 0x0, 0x14, 0xbf, 0xff,
    0x80, 0x0, 0x8f, 0xff, 0x30, 0x4, 0xff, 0xff,
    0xf9, 0x0, 0x0, 0x8f, 0xff, 0x30, 0x4, 0xff,
    0xff, 0xff, 0x80, 0x0, 0x8f, 0xff, 0x30, 0x4,
    0xff, 0xff, 0xff, 0xfc, 0x0, 0x8f, 0xff, 0x30,
    0x0, 0x11, 0x37, 0xef, 0xff, 0x90, 0x8f, 0xff,
    0x30, 0x0, 0x0, 0x0, 0x1e, 0xff, 0xf1, 0x8f,
    0xff, 0x30, 0x0, 0x0, 0x0, 0x8, 0xff, 0xf5,
    0x8f, 0xff, 0x30, 0x0, 0x0, 0x0, 0x6, 0xff,
    0xf6, 0x8f, 0xff, 0x30, 0x0, 0x0, 0x0, 0x8,
    0xff, 0xf4, 0x8f, 0xff, 0x30, 0x0, 0x0, 0x0,
    0x1e, 0xff, 0xf1, 0x8f, 0xff, 0x30, 0x6, 0x32,
    0x37, 0xef, 0xff, 0xa0, 0x8f, 0xff, 0x30, 0x2f,
    0xff, 0xff, 0xff, 0xfe, 0x10, 0x8f, 0xff, 0x30,
    0x5f, 0xff, 0xff, 0xff, 0xc2, 0x0, 0x8f, 0xff,
    0x30, 0x4c, 0xef, 0xfd, 0xa5, 0x0, 0x0,

    /* U+00E0 "à" */
    0x0, 0x58, 0x88, 0x40, 0x0, 0x0, 0x0, 0x0,
    0x1, 0xcf, 0xff, 0x40, 0x0, 0x0, 0x0, 0x0,
    0x0, 0xaf, 0xff, 0x30, 0x0, 0x0, 0x0, 0x0,
    0x0, 0x8f, 0xfe, 0x20, 0x0, 0x0, 0x0, 0x0,
    0x0, 0x6f, 0xfe, 0x10, 0x0, 0x0, 0x0, 0x0,
    0x0, 0x0, 0x0, 0x0, 0x0, 0x0, 0x0, 0x0,
    0x0, 0x0, 0x0, 0x0, 0x0, 0x0, 0x5a, 0xde,
    0xff, 0xd9, 0x30, 0x0, 0x7, 0xff, 0xff, 0xff,
    0xff, 0xff, 0xa0, 0x0, 0xdf, 0xff, 0xff, 0xff,
    0xff, 0xff, 0xb0, 0x5, 0xfd, 0x73, 0x21, 0x39,
    0xff, 0xff, 0x40, 0x5, 0x0, 0x0, 0x0, 0x7,
    0xff, 0xf9, 0x0, 0x0, 0x0, 0x0, 0x0, 0xf,
    0xff, 0xc0, 0x0, 0x3, 0x56, 0x77, 0x77, 0xff,
    0xfd, 0x0, 0x8f, 0xff, 0xff, 0xff, 0xff, 0xff,
    0xe0, 0xbf, 0xff, 0xff, 0xff, 0xff, 0xff, 0xfe,
    0x5f, 0xff, 0xc3, 0x0, 0x0, 0xe, 0xff, 0xe9,
    0xff, 0xf2, 0x0, 0x0, 0x0, 0xef, 0xfe, 0xaf,
    0xff, 0x10, 0x0, 0x0, 0x4f, 0xff, 0xe8, 0xff,
    0xfa, 0x0, 0x0, 0x5f, 0xff, 0xfe, 0x1f, 0xff,
    0xfe, 0xcb, 0xef, 0xff, 0xff, 0xe0, 0x4f, 0xff,
    0xff, 0xff, 0xfb, 0xbf, 0xfe, 0x0, 0x18, 0xdf,
    0xfe, 0xb5, 0xa, 0xff, 0xe0,

    /* U+00E1 "á" */
    0x0, 0x0, 0x0, 0x0, 0x6, 0x88, 0x84, 0x0,
    0x0, 0x0, 0x0, 0x7, 0xff, 0xfa, 0x0, 0x0,
    0x0, 0x0, 0x5, 0xff, 0xf8, 0x0, 0x0, 0x0,
    0x0, 0x4, 0xff, 0xf6, 0x0, 0x0, 0x0, 0x0,
    0x3, 0xff, 0xf4, 0x0, 0x0, 0x0, 0x0, 0x0,
    0x0, 0x0, 0x0, 0x0, 0x0, 0x0, 0x0, 0x0,
    0x0, 0x0, 0x0, 0x0, 0x0, 0x0, 0x5a, 0xde,
    0xff, 0xd9, 0x30, 0x0, 0x7, 0xff, 0xff, 0xff,
    0xff, 0xff, 0xa0, 0x0, 0xdf, 0xff, 0xff, 0xff,
    0xff, 0xff, 0xb0, 0x5, 0xfd, 0x73, 0x21, 0x39,
    0xff, 0xff, 0x40, 0x5, 0x0, 0x0, 0x0, 0x7,
    0xff, 0xf9, 0x0, 0x0, 0x0, 0x0, 0x0, 0xf,
    0xff, 0xc0, 0x0, 0x3, 0x56, 0x77, 0x77, 0xff,
    0xfd, 0x0, 0x8f, 0xff, 0xff, 0xff, 0xff, 0xff,
    0xe0, 0xbf, 0xff, 0xff, 0xff, 0xff, 0xff, 0xfe,
    0x5f, 0xff, 0xc3, 0x0, 0x0, 0xe, 0xff, 0xe9,
    0xff, 0xf2, 0x0, 0x0, 0x0, 0xef, 0xfe, 0xaf,
    0xff, 0x10, 0x0, 0x0, 0x4f, 0xff, 0xe8, 0xff,
    0xfa, 0x0, 0x0, 0x5f, 0xff, 0xfe, 0x1f, 0xff,
    0xfe, 0xcb, 0xef, 0xff, 0xff, 0xe0, 0x4f, 0xff,
    0xff, 0xff, 0xfb, 0xbf, 0xfe, 0x0, 0x18, 0xdf,
    0xfe, 0xb5, 0xa, 0xff, 0xe0,

    /* U+00E2 "â" */
    0x0, 0x0, 0x0, 0x78, 0x86, 0x0, 0x0, 0x0,
    0x0, 0x0, 0xaf, 0xff, 0xf8, 0x0, 0x0, 0x0,
    0x0, 0x9f, 0xfd, 0xef, 0xf6, 0x0, 0x0, 0x0,
    0x7f, 0xfc, 0x12, 0xef, 0xf4, 0x0, 0x0, 0x5f,
    0xfc, 0x0, 0x2, 0xdf, 0xf3, 0x0, 0x0, 0x0,
    0x0, 0x0, 0x0, 0x0, 0x0, 0x0, 0x0, 0x0,
    0x0, 0x0, 0x0, 0x0, 0x0, 0x0, 0x5a, 0xde,
    0xff, 0xd9, 0x30, 0x0, 0x7, 0xff, 0xff, 0xff,
    0xff, 0xff, 0xa0, 0x0, 0xdf, 0xff, 0xff, 0xff,
    0xff, 0xff, 0xb0, 0x5, 0xfd, 0x73, 0x21, 0x39,
    0xff, 0xff, 0x40, 0x5, 0x0, 0x0, 0x0, 0x7,
    0xff, 0xf9, 0x0, 0x0, 0x0, 0x0, 0x0, 0xf,
    0xff, 0xc0, 0x0, 0x3, 0x56, 0x77, 0x77, 0xff,
    0xfd, 0x0, 0x8f, 0xff, 0xff, 0xff, 0xff, 0xff,
    0xe0, 0xbf, 0xff, 0xff, 0xff, 0xff, 0xff, 0xfe,
    0x5f, 0xff, 0xc3, 0x0, 0x0, 0xe, 0xff, 0xe9,
    0xff, 0xf2, 0x0, 0x0, 0x0, 0xef, 0xfe, 0xaf,
    0xff, 0x10, 0x0, 0x0, 0x4f, 0xff, 0xe8, 0xff,
    0xfa, 0x0, 0x0, 0x5f, 0xff, 0xfe, 0x1f, 0xff,
    0xfe, 0xcb, 0xef, 0xff, 0xff, 0xe0, 0x4f, 0xff,
    0xff, 0xff, 0xfb, 0xbf, 0xfe, 0x0, 0x18, 0xdf,
    0xfe, 0xb5, 0xa, 0xff, 0xe0,

    /* U+00E3 "ã" */
    0x0, 0x0, 0x2, 0x10, 0x0, 0x0, 0x0, 0x0,
    0x0, 0x3d, 0xff, 0x90, 0x0, 0xbe, 0x30, 0x0,
    0xd, 0xff, 0xff, 0xd4, 0x6f, 0xf1, 0x0, 0x3,
    0xfe, 0x22, 0xcf, 0xff, 0xf9, 0x0, 0x0, 0x6f,
    0x90, 0x0, 0x8e, 0xfa, 0x0, 0x0, 0x0, 0x0,
    0x0, 0x0, 0x0, 0x0, 0x0, 0x0, 0x0, 0x0,
    0x0, 0x0, 0x0, 0x0, 0x0, 0x0, 0x5a, 0xde,
    0xff, 0xd9, 0x30, 0x0, 0x7, 0xff, 0xff, 0xff,
    0xff, 0xff, 0xa0, 0x0, 0xdf, 0xff, 0xff, 0xff,
    0xff, 0xff, 0xb0, 0x5, 0xfd, 0x73, 0x21, 0x39,
    0xff, 0xff, 0x40, 0x5, 0x0, 0x0, 0x0, 0x7,
    0xff, 0xf9, 0x0, 0x0, 0x0, 0x0, 0x0, 0xf,
    0xff, 0xc0, 0x0, 0x3, 0x56, 0x77, 0x77, 0xff,
    0xfd, 0x0, 0x8f, 0xff, 0xff, 0xff, 0xff, 0xff,
    0xe0, 0xbf, 0xff, 0xff, 0xff, 0xff, 0xff, 0xfe,
    0x5f, 0xff, 0xc3, 0x0, 0x0, 0xe, 0xff, 0xe9,
    0xff, 0xf2, 0x0, 0x0, 0x0, 0xef, 0xfe, 0xaf,
    0xff, 0x10, 0x0, 0x0, 0x4f, 0xff, 0xe8, 0xff,
    0xfa, 0x0, 0x0, 0x5f, 0xff, 0xfe, 0x1f, 0xff,
    0xfe, 0xcb, 0xef, 0xff, 0xff, 0xe0, 0x4f, 0xff,
    0xff, 0xff, 0xfb, 0xbf, 0xfe, 0x0, 0x18, 0xdf,
    0xfe, 0xb5, 0xa, 0xff, 0xe0,

    /* U+00E4 "ä" */
    0x0, 0x3, 0xee, 0x30, 0x6, 0xed, 0x20, 0x0,
    0x0, 0xbf, 0xfb, 0x0, 0xef, 0xf8, 0x0, 0x0,
    0x9, 0xff, 0x90, 0xc, 0xff, 0x60, 0x0, 0x0,
    0x7, 0x70, 0x0, 0x18, 0x60, 0x0, 0x0, 0x0,
    0x0, 0x0, 0x0, 0x0, 0x0, 0x0, 0x0, 0x0,
    0x0, 0x0, 0x0, 0x0, 0x0, 0x0, 0x5, 0xad,
    0xef, 0xfd, 0x93, 0x0, 0x0, 0x7f, 0xff, 0xff,
    0xff, 0xff, 0xfa, 0x0, 0xd, 0xff, 0xff, 0xff,
    0xff, 0xff, 0xfb, 0x0, 0x5f, 0xd7, 0x32, 0x13,
    0x9f, 0xff, 0xf4, 0x0, 0x50, 0x0, 0x0, 0x0,
    0x7f, 0xff, 0x90, 0x0, 0x0, 0x0, 0x0, 0x0,
    0xff, 0xfc, 0x0, 0x0, 0x35, 0x67, 0x77, 0x7f,
    0xff, 0xd0, 0x8, 0xff, 0xff, 0xff, 0xff, 0xff,
    0xfe, 0xb, 0xff, 0xff, 0xff, 0xff, 0xff, 0xff,
    0xe5, 0xff, 0xfc, 0x30, 0x0, 0x0, 0xef, 0xfe,
    0x9f, 0xff, 0x20, 0x0, 0x0, 0xe, 0xff, 0xea,
    0xff, 0xf1, 0x0, 0x0, 0x4, 0xff, 0xfe, 0x8f,
    0xff, 0xa0, 0x0, 0x5, 0xff, 0xff, 0xe1, 0xff,
    0xff, 0xec, 0xbe, 0xff, 0xff, 0xfe, 0x4, 0xff,
    0xff, 0xff, 0xff, 0xbb, 0xff, 0xe0, 0x1, 0x8d,
    0xff, 0xeb, 0x50, 0xaf, 0xfe,

    /* U+00E5 "å" */
    0x0, 0x0, 0x0, 0x36, 0x61, 0x0, 0x0, 0x0,
    0x0, 0x0, 0x8f, 0xff, 0xf5, 0x0, 0x0, 0x0,
    0x0, 0x4f, 0x91, 0x2c, 0xf1, 0x0, 0x0, 0x0,
    0x8, 0xf0, 0x0, 0x4f, 0x50, 0x0, 0x0, 0x0,
    0x7f, 0x30, 0x6, 0xf4, 0x0, 0x0, 0x0, 0x1,
    0xee, 0x9a, 0xfc, 0x0, 0x0, 0x0, 0x0, 0x2,
    0xbe, 0xe9, 0x10, 0x0, 0x0, 0x0, 0x0, 0x0,
    0x0, 0x0, 0x0, 0x0, 0x0, 0x0, 0x0, 0x0,
    0x0, 0x0, 0x0, 0x0, 0x0, 0x5a, 0xde, 0xff,
    0xd9, 0x30, 0x0, 0x7, 0xff, 0xff, 0xff, 0xff,
    0xff, 0xa0, 0x0, 0xdf, 0xff, 0xff, 0xff, 0xff,
    0xff, 0xb0, 0x5, 0xfd, 0x73, 0x21, 0x39, 0xff,
    0xff, 0x40, 0x5, 0x0, 0x0, 0x0, 0x7, 0xff,
    0xf9, 0x0, 0x0, 0x0, 0x0, 0x0, 0xf, 0xff,
    0xc0, 0x0, 0x3, 0x56, 0x77, 0x77, 0xff, 0xfd,
    0x0, 0x8f, 0xff, 0xff, 0xff, 0xff, 0xff, 0xe0,
    0xbf, 0xff, 0xff, 0xff, 0xff, 0xff, 0xfe, 0x5f,
    0xff, 0xc3, 0x0, 0x0, 0xe, 0xff, 0xe9, 0xff,
    0xf2, 0x0, 0x0, 0x0, 0xef, 0xfe, 0xaf, 0xff,
    0x10, 0x0, 0x0, 0x4f, 0xff, 0xe8, 0xff, 0xfa,
    0x0, 0x0, 0x5f, 0xff, 0xfe, 0x1f, 0xff, 0xfe,
    0xcb, 0xef, 0xff, 0xff, 0xe0, 0x4f, 0xff, 0xff,
    0xff, 0xfb, 0xbf, 0xfe, 0x0, 0x18, 0xdf, 0xfe,
    0xb5, 0xa, 0xff, 0xe0,

    /* U+00E6 "æ" */
    0x0, 0x5, 0xad, 0xef, 0xed, 0x93, 0x0, 0x1,
    0x7c, 0xef, 0xec, 0x71, 0x0, 0x0, 0x7, 0xff,
    0xff, 0xff, 0xff, 0xff, 0x80, 0x6f, 0xff, 0xff,
    0xff, 0xff, 0x60, 0x0, 0xd, 0xff, 0xff, 0xff,
    0xff, 0xff, 0xfc, 0xff, 0xff, 0xff, 0xff, 0xff,
    0xf9, 0x0, 0x5, 0xfd, 0x73, 0x21, 0x39, 0xff,
    0xff, 0xff, 0xe7, 0x31, 0x38, 0xff, 0xff, 0x50,
    0x0, 0x50, 0x0, 0x0, 0x0, 0x7f, 0xff, 0xfd,
    0x10, 0x0, 0x0, 0x2e, 0xff, 0xe0, 0x0, 0x0,
    0x0, 0x0, 0x0, 0xf, 0xff, 0xf4, 0x0, 0x0,
    0x0, 0x5, 0xff, 0xf5, 0x0, 0x0, 0x35, 0x67,
    0x77, 0x7f, 0xff, 0xf7, 0x77, 0x77, 0x77, 0x78,
    0xff, 0xf8, 0x0, 0x7e, 0xff, 0xff, 0xff, 0xff,
    0xff, 0xff, 0xff, 0xff, 0xff, 0xff, 0xff, 0xfa,
    0xb, 0xff, 0xff, 0xff, 0xff, 0xff, 0xff, 0xff,
    0xff, 0xff, 0xff, 0xff, 0xff, 0xf9, 0x5f, 0xff,
    0xc3, 0x0, 0x0, 0xe, 0xff, 0xf1, 0x0, 0x0,
    0x0, 0x0, 0x0, 0x0, 0x9f, 0xff, 0x20, 0x0,
    0x0, 0xf, 0xff, 0xf7, 0x0, 0x0, 0x0, 0x0,
    0x0, 0x0, 0xaf, 0xff, 0x10, 0x0, 0x0, 0x4f,
    0xff, 0xff, 0x40, 0x0, 0x0, 0x2, 0x90, 0x0,
    0x7f, 0xff, 0xa0, 0x0, 0x5, 0xef, 0xff, 0xff,
    0xfa, 0x52, 0x24, 0x9f, 0xfa, 0x0, 0x1e, 0xff,
    0xff, 0xcb, 0xef, 0xff, 0xb8, 0xff, 0xff, 0xff,
    0xff, 0xff, 0xff, 0x40, 0x3, 0xef, 0xff, 0xff,
    0xff, 0xfa, 0x0, 0x6e, 0xff, 0xff, 0xff, 0xff,
    0xe5, 0x0, 0x0, 0x7, 0xce, 0xff, 0xd9, 0x30,
    0x0, 0x1, 0x6b, 0xdf, 0xfe, 0xb6, 0x0, 0x0,

    /* U+00E7 "ç" */
    0x0, 0x0, 0x17, 0xbe, 0xfe, 0xd9, 0x30, 0x0,
    0x0, 0x6, 0xff, 0xff, 0xff, 0xff, 0xfa, 0x0,
    0x0, 0x9f, 0xff, 0xff, 0xff, 0xff, 0xff, 0xc0,
    0x7, 0xff, 0xff, 0xa4, 0x23, 0x7e, 0xff, 0xf6,
    0x1f, 0xff, 0xf5, 0x0, 0x0, 0x1, 0xdd, 0x40,
    0x7f, 0xff, 0x80, 0x0, 0x0, 0x0, 0x10, 0x0,
    0xbf, 0xff, 0x20, 0x0, 0x0, 0x0, 0x0, 0x0,
    0xdf, 0xff, 0x0, 0x0, 0x0, 0x0, 0x0, 0x0,
    0xdf, 0xff, 0x0, 0x0, 0x0, 0x0, 0x0, 0x0,
    0xbf, 0xff, 0x20, 0x0, 0x0, 0x0, 0x0, 0x0,
    0x7f, 0xff, 0x80, 0x0, 0x0, 0x0, 0x10, 0x0,
    0x1f, 0xff, 0xf5, 0x0, 0x0, 0x1, 0xdd, 0x50,
    0x7, 0xff, 0xff, 0xa5, 0x34, 0x8e, 0xff, 0xf6,
    0x0, 0x9f, 0xff, 0xff, 0xff, 0xff, 0xff, 0xc0,
    0x0, 0x6, 0xff, 0xff, 0xff, 0xff, 0xfa, 0x0,
    0x0, 0x0, 0x17, 0xbf, 0xff, 0xd9, 0x30, 0x0,
    0x0, 0x0, 0x0, 0xe, 0xf2, 0x0, 0x0, 0x0,
    0x0, 0x0, 0x0, 0x2f, 0xf8, 0x20, 0x0, 0x0,
    0x0, 0x0, 0x0, 0x4d, 0xff, 0xf2, 0x0, 0x0,
    0x0, 0x0, 0x0, 0x0, 0x1f, 0xf7, 0x0, 0x0,
    0x0, 0x0, 0x4, 0x20, 0x4f, 0xf7, 0x0, 0x0,
    0x0, 0x0, 0xe, 0xff, 0xff, 0xe1, 0x0, 0x0,
    0x0, 0x0, 0x18, 0xcd, 0xc8, 0x10, 0x0, 0x0,

    /* U+00E8 "è" */
    0x0, 0x28, 0x88, 0x70, 0x0, 0x0, 0x0, 0x0,
    0x0, 0x0, 0x7f, 0xff, 0xa0, 0x0, 0x0, 0x0,
    0x0, 0x0, 0x0, 0x5f, 0xff, 0x90, 0x0, 0x0,
    0x0, 0x0, 0x0, 0x0, 0x3e, 0xff, 0x70, 0x0,
    0x0, 0x0, 0x0, 0x0, 0x0, 0x2d, 0xff, 0x60,
    0x0, 0x0, 0x0, 0x0, 0x0, 0x0, 0x0, 0x0,
    0x0, 0x0, 0x0, 0x0, 0x0, 0x0, 0x0, 0x0,
    0x0, 0x0, 0x0, 0x0, 0x0, 0x2, 0x8c, 0xff,
    0xec, 0x61, 0x0, 0x0, 0x0, 0x8, 0xff, 0xff,
    0xff, 0xff, 0xf5, 0x0, 0x0, 0xb, 0xff, 0xff,
    0xff, 0xff, 0xff, 0xf7, 0x0, 0x8, 0xff, 0xfd,
    0x51, 0x2, 0x6e, 0xff, 0xf4, 0x2, 0xff, 0xfc,
    0x0, 0x0, 0x0, 0x2e, 0xff, 0xd0, 0x7f, 0xff,
    0x30, 0x0, 0x0, 0x0, 0x6f, 0xff, 0x2b, 0xff,
    0xf7, 0x77, 0x77, 0x77, 0x78, 0xff, 0xf6, 0xdf,
    0xff, 0xff, 0xff, 0xff, 0xff, 0xff, 0xff, 0x7d,
    0xff, 0xff, 0xff, 0xff, 0xff, 0xff, 0xff, 0xf7,
    0xbf, 0xff, 0x0, 0x0, 0x0, 0x0, 0x0, 0x0,
    0x7, 0xff, 0xf7, 0x0, 0x0, 0x0, 0x0, 0x0,
    0x0, 0x1f, 0xff, 0xf4, 0x0, 0x0, 0x0, 0x2a,
    0x0, 0x0, 0x7f, 0xff, 0xfa, 0x52, 0x24, 0x9f,
    0xfa, 0x0, 0x0, 0xaf, 0xff, 0xff, 0xff, 0xff,
    0xff, 0xf3, 0x0, 0x0, 0x6f, 0xff, 0xff, 0xff,
    0xff, 0xe4, 0x0, 0x0, 0x0, 0x17, 0xbe, 0xff,
    0xeb, 0x60, 0x0, 0x0,

    /* U+00E9 "é" */
    0x0, 0x0, 0x0, 0x0, 0x2, 0x88, 0x87, 0x0,
    0x0, 0x0, 0x0, 0x0, 0x2, 0xef, 0xfe, 0x30,
    0x0, 0x0, 0x0, 0x0, 0x1, 0xdf, 0xfd, 0x10,
    0x0, 0x0, 0x0, 0x0, 0x0, 0xcf, 0xfb, 0x0,
    0x0, 0x0, 0x0, 0x0, 0x0, 0xbf, 0xf9, 0x0,
    0x0, 0x0, 0x0, 0x0, 0x0, 0x0, 0x0, 0x0,
    0x0, 0x0, 0x0, 0x0, 0x0, 0x0, 0x0, 0x0,
    0x0, 0x0, 0x0, 0x0, 0x0, 0x2, 0x8c, 0xff,
    0xec, 0x61, 0x0, 0x0, 0x0, 0x8, 0xff, 0xff,
    0xff, 0xff, 0xf5, 0x0, 0x0, 0xb, 0xff, 0xff,
    0xff, 0xff, 0xff, 0xf7, 0x0, 0x8, 0xff, 0xfd,
    0x51, 0x2, 0x6e, 0xff, 0xf4, 0x2, 0xff, 0xfc,
    0x0, 0x0, 0x0, 0x2e, 0xff, 0xd0, 0x7f, 0xff,
    0x30, 0x0, 0x0, 0x0, 0x6f, 0xff, 0x2b, 0xff,
    0xf7, 0x77, 0x77, 0x77, 0x78, 0xff, 0xf6, 0xdf,
    0xff, 0xff, 0xff, 0xff, 0xff, 0xff, 0xff, 0x7d,
    0xff, 0xff, 0xff, 0xff, 0xff, 0xff, 0xff, 0xf7,
    0xbf, 0xff, 0x0, 0x0, 0x0, 0x0, 0x0, 0x0,
    0x7, 0xff, 0xf7, 0x0, 0x0, 0x0, 0x0, 0x0,
    0x0, 0x1f, 0xff, 0xf4, 0x0, 0x0, 0x0, 0x2a,
    0x0, 0x0, 0x7f, 0xff, 0xfa, 0x52, 0x24, 0x9f,
    0xfa, 0x0, 0x0, 0xaf, 0xff, 0xff, 0xff, 0xff,
    0xff, 0xf3, 0x0, 0x0, 0x6f, 0xff, 0xff, 0xff,
    0xff, 0xe4, 0x0, 0x0, 0x0, 0x17, 0xbe, 0xff,
    0xeb, 0x60, 0x0, 0x0,

    /* U+00EA "ê" */
    0x0, 0x0, 0x0, 0x48, 0x88, 0x20, 0x0, 0x0,
    0x0, 0x0, 0x0, 0x4f, 0xff, 0xfd, 0x10, 0x0,
    0x0, 0x0, 0x0, 0x3f, 0xff, 0xcf, 0xfc, 0x0,
    0x0, 0x0, 0x0, 0x2e, 0xff, 0x50, 0xaf, 0xfb,
    0x0, 0x0, 0x0, 0x1d, 0xff, 0x40, 0x0, 0x9f,
    0xf9, 0x0, 0x0, 0x0, 0x0, 0x0, 0x0, 0x0,
    0x0, 0x0, 0x0, 0x0, 0x0, 0x0, 0x0, 0x0,
    0x0, 0x0, 0x0, 0x0, 0x0, 0x2, 0x8c, 0xff,
    0xec, 0x61, 0x0, 0x0, 0x0, 0x8, 0xff, 0xff,
    0xff, 0xff, 0xf5, 0x0, 0x0, 0xb, 0xff, 0xff,
    0xff, 0xff, 0xff, 0xf7, 0x0, 0x8, 0xff, 0xfd,
    0x51, 0x2, 0x6e, 0xff, 0xf4, 0x2, 0xff, 0xfc,
    0x0, 0x0, 0x0, 0x2e, 0xff, 0xd0, 0x7f, 0xff,
    0x30, 0x0, 0x0, 0x0, 0x6f, 0xff, 0x2b, 0xff,
    0xf7, 0x77, 0x77, 0x77, 0x78, 0xff, 0xf6, 0xdf,
    0xff, 0xff, 0xff, 0xff, 0xff, 0xff, 0xff, 0x7d,
    0xff, 0xff, 0xff, 0xff, 0xff, 0xff, 0xff, 0xf7,
    0xbf, 0xff, 0x0, 0x0, 0x0, 0x0, 0x0, 0x0,
    0x7, 0xff, 0xf7, 0x0, 0x0, 0x0, 0x0, 0x0,
    0x0, 0x1f, 0xff, 0xf4, 0x0, 0x0, 0x0, 0x2a,
    0x0, 0x0, 0x7f, 0xff, 0xfa, 0x52, 0x24, 0x9f,
    0xfa, 0x0, 0x0, 0xaf, 0xff, 0xff, 0xff, 0xff,
    0xff, 0xf3, 0x0, 0x0, 0x6f, 0xff, 0xff, 0xff,
    0xff, 0xe4, 0x0, 0x0, 0x0, 0x17, 0xbe, 0xff,
    0xeb, 0x60, 0x0, 0x0,

    /* U+00EB "ë" */
    0x0, 0x0, 0xbf, 0x90, 0x1, 0xcf, 0x60, 0x0,
    0x0, 0x0, 0x5f, 0xff, 0x20, 0x8f, 0xff, 0x0,
    0x0, 0x0, 0x3, 0xff, 0xf1, 0x6, 0xff, 0xd0,
    0x0, 0x0, 0x0, 0x4, 0x83, 0x0, 0x6, 0x82,
    0x0, 0x0, 0x0, 0x0, 0x0, 0x0, 0x0, 0x0,
    0x0, 0x0, 0x0, 0x0, 0x0, 0x0, 0x0, 0x0,
    0x0, 0x0, 0x0, 0x0, 0x0, 0x28, 0xcf, 0xfe,
    0xc6, 0x10, 0x0, 0x0, 0x0, 0x8f, 0xff, 0xff,
    0xff, 0xff, 0x50, 0x0, 0x0, 0xbf, 0xff, 0xff,
    0xff, 0xff, 0xff, 0x70, 0x0, 0x8f, 0xff, 0xd5,
    0x10, 0x26, 0xef, 0xff, 0x40, 0x2f, 0xff, 0xc0,
    0x0, 0x0, 0x2, 0xef, 0xfd, 0x7, 0xff, 0xf3,
    0x0, 0x0, 0x0, 0x6, 0xff, 0xf2, 0xbf, 0xff,
    0x77, 0x77, 0x77, 0x77, 0x8f, 0xff, 0x6d, 0xff,
    0xff, 0xff, 0xff, 0xff, 0xff, 0xff, 0xf7, 0xdf,
    0xff, 0xff, 0xff, 0xff, 0xff, 0xff, 0xff, 0x7b,
    0xff, 0xf0, 0x0, 0x0, 0x0, 0x0, 0x0, 0x0,
    0x7f, 0xff, 0x70, 0x0, 0x0, 0x0, 0x0, 0x0,
    0x1, 0xff, 0xff, 0x40, 0x0, 0x0, 0x2, 0xa0,
    0x0, 0x7, 0xff, 0xff, 0xa5, 0x22, 0x49, 0xff,
    0xa0, 0x0, 0xa, 0xff, 0xff, 0xff, 0xff, 0xff,
    0xff, 0x30, 0x0, 0x6, 0xff, 0xff, 0xff, 0xff,
    0xfe, 0x40, 0x0, 0x0, 0x1, 0x7b, 0xef, 0xfe,
    0xb6, 0x0, 0x0,

    /* U+00EC "ì" */
    0x2c, 0xff, 0xf5, 0x0, 0x0, 0x9, 0xff, 0xf5,
    0x0, 0x0, 0x5, 0xff, 0xf5, 0x0, 0x0, 0x2,
    0xdf, 0xf6, 0x0, 0x0, 0x0, 0x0, 0x0, 0x0,
    0x0, 0x0, 0x0, 0x0, 0x0, 0x8f, 0xff, 0x30,
    0x0, 0x8, 0xff, 0xf3, 0x0, 0x0, 0x8f, 0xff,
    0x30, 0x0, 0x8, 0xff, 0xf3, 0x0, 0x0, 0x8f,
    0xff, 0x30, 0x0, 0x8, 0xff, 0xf3, 0x0, 0x0,
    0x8f, 0xff, 0x30, 0x0, 0x8, 0xff, 0xf3, 0x0,
    0x0, 0x8f, 0xff, 0x30, 0x0, 0x8, 0xff, 0xf3,
    0x0, 0x0, 0x8f, 0xff, 0x30, 0x0, 0x8, 0xff,
    0xf3, 0x0, 0x0, 0x8f, 0xff, 0x30, 0x0, 0x8,
    0xff, 0xf3, 0x0, 0x0, 0x8f, 0xff, 0x30, 0x0,
    0x8, 0xff, 0xf3,

    /* U+00ED "í" */
    0x0, 0x0, 0x9f, 0xff, 0x90, 0x0, 0xa, 0xff,
    0xf5, 0x0, 0x0, 0xaf, 0xfd, 0x20, 0x0, 0xa,
    0xff, 0xa0, 0x0, 0x0, 0x0, 0x0, 0x0, 0x0,
    0x0, 0x0, 0x0, 0x0, 0x0, 0x0, 0x8, 0xff,
    0xf3, 0x0, 0x0, 0x8, 0xff, 0xf3, 0x0, 0x0,
    0x8, 0xff, 0xf3, 0x0, 0x0, 0x8, 0xff, 0xf3,
    0x0, 0x0, 0x8, 0xff, 0xf3, 0x0, 0x0, 0x8,
    0xff, 0xf3, 0x0, 0x0, 0x8, 0xff, 0xf3, 0x0,
    0x0, 0x8, 0xff, 0xf3, 0x0, 0x0, 0x8, 0xff,
    0xf3, 0x0, 0x0, 0x8, 0xff, 0xf3, 0x0, 0x0,
    0x8, 0xff, 0xf3, 0x0, 0x0, 0x8, 0xff, 0xf3,
    0x0, 0x0, 0x8, 0xff, 0xf3, 0x0, 0x0, 0x8,
    0xff, 0xf3, 0x0, 0x0, 0x8, 0xff, 0xf3, 0x0,
    0x0, 0x8, 0xff, 0xf3, 0x0, 0x0,

    /* U+00EE "î" */
    0x0, 0xb, 0xff, 0xf7, 0x0, 0x0, 0x9, 0xff,
    0xff, 0xf4, 0x0, 0x6, 0xff, 0xc3, 0xef, 0xe2,
    0x3, 0xff, 0xc0, 0x2, 0xef, 0xd1, 0x0, 0x0,
    0x0, 0x0, 0x0, 0x0, 0x0, 0x0, 0x0, 0x0,
    0x0, 0x0, 0x8, 0xff, 0xf3, 0x0, 0x0, 0x0,
    0x8f, 0xff, 0x30, 0x0, 0x0, 0x8, 0xff, 0xf3,
    0x0, 0x0, 0x0, 0x8f, 0xff, 0x30, 0x0, 0x0,
    0x8, 0xff, 0xf3, 0x0, 0x0, 0x0, 0x8f, 0xff,
    0x30, 0x0, 0x0, 0x8, 0xff, 0xf3, 0x0, 0x0,
    0x0, 0x8f, 0xff, 0x30, 0x0, 0x0, 0x8, 0xff,
    0xf3, 0x0, 0x0, 0x0, 0x8f, 0xff, 0x30, 0x0,
    0x0, 0x8, 0xff, 0xf3, 0x0, 0x0, 0x0, 0x8f,
    0xff, 0x30, 0x0, 0x0, 0x8, 0xff, 0xf3, 0x0,
    0x0, 0x0, 0x8f, 0xff, 0x30, 0x0, 0x0, 0x8,
    0xff, 0xf3, 0x0, 0x0, 0x0, 0x8f, 0xff, 0x30,
    0x0,

    /* U+00EF "ï" */
    0x2d, 0xe3, 0x7, 0xfb, 0x9, 0xff, 0xb0, 0xff,
    0xf5, 0x7f, 0xf9, 0xe, 0xff, 0x20, 0x66, 0x0,
    0x27, 0x40, 0x0, 0x0, 0x0, 0x0, 0x0, 0x0,
    0x0, 0x0, 0x0, 0x0, 0x8f, 0xff, 0x30, 0x0,
    0x8, 0xff, 0xf3, 0x0, 0x0, 0x8f, 0xff, 0x30,
    0x0, 0x8, 0xff, 0xf3, 0x0, 0x0, 0x8f, 0xff,
    0x30, 0x0, 0x8, 0xff, 0xf3, 0x0, 0x0, 0x8f,
    0xff, 0x30, 0x0, 0x8, 0xff, 0xf3, 0x0, 0x0,
    0x8f, 0xff, 0x30, 0x0, 0x8, 0xff, 0xf3, 0x0,
    0x0, 0x8f, 0xff, 0x30, 0x0, 0x8, 0xff, 0xf3,
    0x0, 0x0, 0x8f, 0xff, 0x30, 0x0, 0x8, 0xff,
    0xf3, 0x0, 0x0, 0x8f, 0xff, 0x30, 0x0, 0x8,
    0xff, 0xf3, 0x0,

    /* U+00F0 "ð" */
    0x0, 0x0, 0x9, 0xc4, 0x0, 0x0, 0x0, 0x10,
    0x0, 0x0, 0x1e, 0xff, 0xfb, 0x10, 0x4, 0xbf,
    0x10, 0x0, 0x0, 0x2a, 0xff, 0xfe, 0x8d, 0xff,
    0xf4, 0x0, 0x0, 0x0, 0x4, 0xef, 0xff, 0xfe,
    0x71, 0x0, 0x0, 0x0, 0x1, 0x8f, 0xff, 0xff,
    0x90, 0x0, 0x0, 0x0, 0x3a, 0xff, 0xfb, 0xaf,
    0xff, 0x70, 0x0, 0x0, 0x9, 0xff, 0xa2, 0x0,
    0x9f, 0xff, 0x40, 0x0, 0x0, 0x28, 0x10, 0x0,
    0x0, 0xcf, 0xfd, 0x0, 0x0, 0x0, 0x0, 0x0,
    0x0, 0x2, 0xff, 0xf7, 0x0, 0x0, 0x4, 0xad,
    0xfe, 0xc7, 0x9, 0xff, 0xe0, 0x0, 0x1b, 0xff,
    0xff, 0xff, 0xfe, 0x7f, 0xff, 0x40, 0xc, 0xff,
    0xff, 0xfc, 0xef, 0xff, 0xff, 0xf8, 0x6, 0xff,
    0xfe, 0x50, 0x0, 0x1b, 0xff, 0xff, 0xb0, 0xcf,
    0xff, 0x20, 0x0, 0x0, 0xb, 0xff, 0xfd, 0xe,
    0xff, 0xc0, 0x0, 0x0, 0x0, 0x5f, 0xff, 0xd0,
    0xff, 0xfa, 0x0, 0x0, 0x0, 0x3, 0xff, 0xfb,
    0xe, 0xff, 0xd0, 0x0, 0x0, 0x0, 0x6f, 0xff,
    0x80, 0xaf, 0xff, 0x40, 0x0, 0x0, 0xd, 0xff,
    0xf2, 0x4, 0xff, 0xff, 0x82, 0x1, 0x4d, 0xff,
    0xf9, 0x0, 0x9, 0xff, 0xff, 0xff, 0xff, 0xff,
    0xfc, 0x0, 0x0, 0x8, 0xff, 0xff, 0xff, 0xff,
    0xf9, 0x0, 0x0, 0x0, 0x2, 0x8c, 0xef, 0xec,
    0x82, 0x0, 0x0,

    /* U+00F1 "ñ" */
    0x0, 0x0, 0x1, 0x20, 0x0, 0x0, 0x0, 0x0,
    0x0, 0x0, 0x9, 0xff, 0xd3, 0x0, 0x5e, 0x90,
    0x0, 0x0, 0x6, 0xff, 0xff, 0xf7, 0x4d, 0xf7,
    0x0, 0x0, 0x0, 0xcf, 0x80, 0x8f, 0xff, 0xff,
    0x10, 0x0, 0x0, 0xf, 0xf0, 0x0, 0x3c, 0xfd,
    0x40, 0x0, 0x0, 0x0, 0x0, 0x0, 0x0, 0x0,
    0x0, 0x0, 0x0, 0x0, 0x0, 0x0, 0x0, 0x0,
    0x0, 0x0, 0x0, 0x8, 0xff, 0xf0, 0x17, 0xce,
    0xfe, 0xb6, 0x0, 0x0, 0x8f, 0xff, 0x6f, 0xff,
    0xff, 0xff, 0xfd, 0x20, 0x8, 0xff, 0xff, 0xff,
    0xff, 0xff, 0xff, 0xfe, 0x10, 0x8f, 0xff, 0xff,
    0x83, 0x12, 0x6f, 0xff, 0xf8, 0x8, 0xff, 0xff,
    0x40, 0x0, 0x0, 0x3f, 0xff, 0xe0, 0x8f, 0xff,
    0xa0, 0x0, 0x0, 0x0, 0xcf, 0xff, 0x18, 0xff,
    0xf5, 0x0, 0x0, 0x0, 0x9, 0xff, 0xf3, 0x8f,
    0xff, 0x30, 0x0, 0x0, 0x0, 0x8f, 0xff, 0x38,
    0xff, 0xf3, 0x0, 0x0, 0x0, 0x8, 0xff, 0xf3,
    0x8f, 0xff, 0x30, 0x0, 0x0, 0x0, 0x8f, 0xff,
    0x38, 0xff, 0xf3, 0x0, 0x0, 0x0, 0x8, 0xff,
    0xf3, 0x8f, 0xff, 0x30, 0x0, 0x0, 0x0, 0x8f,
    0xff, 0x38, 0xff, 0xf3, 0x0, 0x0, 0x0, 0x8,
    0xff, 0xf3, 0x8f, 0xff, 0x30, 0x0, 0x0, 0x0,
    0x8f, 0xff, 0x38, 0xff, 0xf3, 0x0, 0x0, 0x0,
    0x8, 0xff, 0xf3, 0x8f, 0xff, 0x30, 0x0, 0x0,
    0x0, 0x8f, 0xff, 0x30,

    /* U+00F2 "ò" */
    0x0, 0x7, 0x88, 0x82, 0x0, 0x0, 0x0, 0x0,
    0x0, 0x0, 0x3, 0xef, 0xfe, 0x10, 0x0, 0x0,
    0x0, 0x0, 0x0, 0x0, 0x2d, 0xff, 0xd1, 0x0,
    0x0, 0x0, 0x0, 0x0, 0x0, 0x1, 0xcf, 0xfc,
    0x0, 0x0, 0x0, 0x0, 0x0, 0x0, 0x0, 0xa,
    0xff, 0xb0, 0x0, 0x0, 0x0, 0x0, 0x0, 0x0,
    0x0, 0x0, 0x0, 0x0, 0x0, 0x0, 0x0, 0x0,
    0x0, 0x0, 0x0, 0x0, 0x0, 0x0, 0x0, 0x0,
    0x0, 0x17, 0xce, 0xff, 0xd9, 0x30, 0x0, 0x0,
    0x0, 0x6, 0xff, 0xff, 0xff, 0xff, 0xfa, 0x10,
    0x0, 0x0, 0xaf, 0xff, 0xff, 0xff, 0xff, 0xff,
    0xe1, 0x0, 0x7, 0xff, 0xff, 0xa4, 0x23, 0x7e,
    0xff, 0xfc, 0x0, 0x1f, 0xff, 0xf5, 0x0, 0x0,
    0x1, 0xdf, 0xff, 0x70, 0x7f, 0xff, 0x80, 0x0,
    0x0, 0x0, 0x2f, 0xff, 0xd0, 0xbf, 0xff, 0x20,
    0x0, 0x0, 0x0, 0xc, 0xff, 0xf1, 0xdf, 0xff,
    0x0, 0x0, 0x0, 0x0, 0x9, 0xff, 0xf2, 0xdf,
    0xff, 0x0, 0x0, 0x0, 0x0, 0x9, 0xff, 0xf2,
    0xbf, 0xff, 0x20, 0x0, 0x0, 0x0, 0xc, 0xff,
    0xf1, 0x7f, 0xff, 0x80, 0x0, 0x0, 0x0, 0x2f,
    0xff, 0xd0, 0x1f, 0xff, 0xf5, 0x0, 0x0, 0x1,
    0xdf, 0xff, 0x60, 0x7, 0xff, 0xff, 0xa5, 0x33,
    0x8e, 0xff, 0xfc, 0x0, 0x0, 0x9f, 0xff, 0xff,
    0xff, 0xff, 0xff, 0xe1, 0x0, 0x0, 0x6, 0xff,
    0xff, 0xff, 0xff, 0xfa, 0x10, 0x0, 0x0, 0x0,
    0x17, 0xce, 0xff, 0xd9, 0x30, 0x0, 0x0,

    /* U+00F3 "ó" */
    0x0, 0x0, 0x0, 0x0, 0x0, 0x78, 0x87, 0x20,
    0x0, 0x0, 0x0, 0x0, 0x0, 0xb, 0xff, 0xf6,
    0x0, 0x0, 0x0, 0x0, 0x0, 0x0, 0xaf, 0xff,
    0x40, 0x0, 0x0, 0x0, 0x0, 0x0, 0x8, 0xff,
    0xe3, 0x0, 0x0, 0x0, 0x0, 0x0, 0x0, 0x7f,
    0xfd, 0x10, 0x0, 0x0, 0x0, 0x0, 0x0, 0x0,
    0x0, 0x0, 0x0, 0x0, 0x0, 0x0, 0x0, 0x0,
    0x0, 0x0, 0x0, 0x0, 0x0, 0x0, 0x0, 0x0,
    0x0, 0x17, 0xce, 0xff, 0xd9, 0x30, 0x0, 0x0,
    0x0, 0x6, 0xff, 0xff, 0xff, 0xff, 0xfa, 0x10,
    0x0, 0x0, 0xaf, 0xff, 0xff, 0xff, 0xff, 0xff,
    0xe1, 0x0, 0x7, 0xff, 0xff, 0xa4, 0x23, 0x7e,
    0xff, 0xfc, 0x0, 0x1f, 0xff, 0xf5, 0x0, 0x0,
    0x1, 0xdf, 0xff, 0x70, 0x7f, 0xff, 0x80, 0x0,
    0x0, 0x0, 0x2f, 0xff, 0xd0, 0xbf, 0xff, 0x20,
    0x0, 0x0, 0x0, 0xc, 0xff, 0xf1, 0xdf, 0xff,
    0x0, 0x0, 0x0, 0x0, 0x9, 0xff, 0xf2, 0xdf,
    0xff, 0x0, 0x0, 0x0, 0x0, 0x9, 0xff, 0xf2,
    0xbf, 0xff, 0x20, 0x0, 0x0, 0x0, 0xc, 0xff,
    0xf1, 0x7f, 0xff, 0x80, 0x0, 0x0, 0x0, 0x2f,
    0xff, 0xd0, 0x1f, 0xff, 0xf5, 0x0, 0x0, 0x1,
    0xdf, 0xff, 0x60, 0x7, 0xff, 0xff, 0xa5, 0x33,
    0x8e, 0xff, 0xfc, 0x0, 0x0, 0x9f, 0xff, 0xff,
    0xff, 0xff, 0xff, 0xe1, 0x0, 0x0, 0x6, 0xff,
    0xff, 0xff, 0xff, 0xfa, 0x10, 0x0, 0x0, 0x0,
    0x17, 0xce, 0xff, 0xd9, 0x30, 0x0, 0x0,

    /* U+00F4 "ô" */
    0x0, 0x0, 0x0, 0x28, 0x88, 0x40, 0x0, 0x0,
    0x0, 0x0, 0x0, 0x1, 0xdf, 0xff, 0xf4, 0x0,
    0x0, 0x0, 0x0, 0x0, 0xc, 0xff, 0xcf, 0xff,
    0x20, 0x0, 0x0, 0x0, 0x0, 0xbf, 0xf9, 0x6,
    0xff, 0xe1, 0x0, 0x0, 0x0, 0xa, 0xff, 0x80,
    0x0, 0x4f, 0xfd, 0x10, 0x0, 0x0, 0x0, 0x0,
    0x0, 0x0, 0x0, 0x0, 0x0, 0x0, 0x0, 0x0,
    0x0, 0x0, 0x0, 0x0, 0x0, 0x0, 0x0, 0x0,
    0x0, 0x17, 0xce, 0xff, 0xd9, 0x30, 0x0, 0x0,
    0x0, 0x6, 0xff, 0xff, 0xff, 0xff, 0xfa, 0x10,
    0x0, 0x0, 0xaf, 0xff, 0xff, 0xff, 0xff, 0xff,
    0xe1, 0x0, 0x7, 0xff, 0xff, 0xa4, 0x23, 0x7e,
    0xff, 0xfc, 0x0, 0x1f, 0xff, 0xf5, 0x0, 0x0,
    0x1, 0xdf, 0xff, 0x70, 0x7f, 0xff, 0x80, 0x0,
    0x0, 0x0, 0x2f, 0xff, 0xd0, 0xbf, 0xff, 0x20,
    0x0, 0x0, 0x0, 0xc, 0xff, 0xf1, 0xdf, 0xff,
    0x0, 0x0, 0x0, 0x0, 0x9, 0xff, 0xf2, 0xdf,
    0xff, 0x0, 0x0, 0x0, 0x0, 0x9, 0xff, 0xf2,
    0xbf, 0xff, 0x20, 0x0, 0x0, 0x0, 0xc, 0xff,
    0xf1, 0x7f, 0xff, 0x80, 0x0, 0x0, 0x0, 0x2f,
    0xff, 0xd0, 0x1f, 0xff, 0xf5, 0x0, 0x0, 0x1,
    0xdf, 0xff, 0x60, 0x7, 0xff, 0xff, 0xa5, 0x33,
    0x8e, 0xff, 0xfc, 0x0, 0x0, 0x9f, 0xff, 0xff,
    0xff, 0xff, 0xff, 0xe1, 0x0, 0x0, 0x6, 0xff,
    0xff, 0xff, 0xff, 0xfa, 0x10, 0x0, 0x0, 0x0,
    0x17, 0xce, 0xff, 0xd9, 0x30, 0x0, 0x0,

    /* U+00F5 "õ" */
    0x0, 0x0, 0x0, 0x20, 0x0, 0x0, 0x0, 0x0,
    0x0, 0x0, 0x0, 0x6f, 0xfe, 0x60, 0x1, 0xee,
    0x0, 0x0, 0x0, 0x2, 0xff, 0xff, 0xfa, 0x3a,
    0xfc, 0x0, 0x0, 0x0, 0x8, 0xfc, 0x15, 0xef,
    0xff, 0xf5, 0x0, 0x0, 0x0, 0xb, 0xf5, 0x0,
    0x1a, 0xfe, 0x70, 0x0, 0x0, 0x0, 0x0, 0x0,
    0x0, 0x0, 0x0, 0x0, 0x0, 0x0, 0x0, 0x0,
    0x0, 0x0, 0x0, 0x0, 0x0, 0x0, 0x0, 0x0,
    0x0, 0x17, 0xce, 0xff, 0xd9, 0x30, 0x0, 0x0,
    0x0, 0x6, 0xff, 0xff, 0xff, 0xff, 0xfa, 0x10,
    0x0, 0x0, 0xaf, 0xff, 0xff, 0xff, 0xff, 0xff,
    0xe1, 0x0, 0x7, 0xff, 0xff, 0xa4, 0x23, 0x7e,
    0xff, 0xfc, 0x0, 0x1f, 0xff, 0xf5, 0x0, 0x0,
    0x1, 0xdf, 0xff, 0x70, 0x7f, 0xff, 0x80, 0x0,
    0x0, 0x0, 0x2f, 0xff, 0xd0, 0xbf, 0xff, 0x20,
    0x0, 0x0, 0x0, 0xc, 0xff, 0xf1, 0xdf, 0xff,
    0x0, 0x0, 0x0, 0x0, 0x9, 0xff, 0xf2, 0xdf,
    0xff, 0x0, 0x0, 0x0, 0x0, 0x9, 0xff, 0xf2,
    0xbf, 0xff, 0x20, 0x0, 0x0, 0x0, 0xc, 0xff,
    0xf1, 0x7f, 0xff, 0x80, 0x0, 0x0, 0x0, 0x2f,
    0xff, 0xd0, 0x1f, 0xff, 0xf5, 0x0, 0x0, 0x1,
    0xdf, 0xff, 0x60, 0x7, 0xff, 0xff, 0xa5, 0x33,
    0x8e, 0xff, 0xfc, 0x0, 0x0, 0x9f, 0xff, 0xff,
    0xff, 0xff, 0xff, 0xe1, 0x0, 0x0, 0x6, 0xff,
    0xff, 0xff, 0xff, 0xfa, 0x10, 0x0, 0x0, 0x0,
    0x17, 0xce, 0xff, 0xd9, 0x30, 0x0, 0x0,

    /* U+00F6 "ö" */
    0x0, 0x0, 0x7f, 0xc1, 0x0, 0x9f, 0xa0, 0x0,
    0x0, 0x0, 0x0, 0xff, 0xf7, 0x3, 0xff, 0xf4,
    0x0, 0x0, 0x0, 0x0, 0xef, 0xf5, 0x1, 0xff,
    0xf2, 0x0, 0x0, 0x0, 0x0, 0x28, 0x50, 0x0,
    0x38, 0x40, 0x0, 0x0, 0x0, 0x0, 0x0, 0x0,
    0x0, 0x0, 0x0, 0x0, 0x0, 0x0, 0x0, 0x0,
    0x0, 0x0, 0x0, 0x0, 0x0, 0x0, 0x0, 0x0,
    0x17, 0xce, 0xff, 0xd9, 0x30, 0x0, 0x0, 0x0,
    0x6, 0xff, 0xff, 0xff, 0xff, 0xfa, 0x10, 0x0,
    0x0, 0xaf, 0xff, 0xff, 0xff, 0xff, 0xff, 0xe1,
    0x0, 0x7, 0xff, 0xff, 0xa4, 0x23, 0x7e, 0xff,
    0xfc, 0x0, 0x1f, 0xff, 0xf5, 0x0, 0x0, 0x1,
    0xdf, 0xff, 0x70, 0x7f, 0xff, 0x80, 0x0, 0x0,
    0x0, 0x2f, 0xff, 0xd0, 0xbf, 0xff, 0x20, 0x0,
    0x0, 0x0, 0xc, 0xff, 0xf1, 0xdf, 0xff, 0x0,
    0x0, 0x0, 0x0, 0x9, 0xff, 0xf2, 0xdf, 0xff,
    0x0, 0x0, 0x0, 0x0, 0x9, 0xff, 0xf2, 0xbf,
    0xff, 0x20, 0x0, 0x0, 0x0, 0xc, 0xff, 0xf1,
    0x7f, 0xff, 0x80, 0x0, 0x0, 0x0, 0x2f, 0xff,
    0xd0, 0x1f, 0xff, 0xf5, 0x0, 0x0, 0x1, 0xdf,
    0xff, 0x60, 0x7, 0xff, 0xff, 0xa5, 0x33, 0x8e,
    0xff, 0xfc, 0x0, 0x0, 0x9f, 0xff, 0xff, 0xff,
    0xff, 0xff, 0xe1, 0x0, 0x0, 0x6, 0xff, 0xff,
    0xff, 0xff, 0xfa, 0x10, 0x0, 0x0, 0x0, 0x17,
    0xce, 0xff, 0xd9, 0x30, 0x0, 0x0,

    /* U+00F7 "÷" */
    0x0, 0x0, 0x0, 0x2, 0x10, 0x0, 0x0, 0x0,
    0x0, 0x0, 0xa, 0xff, 0x60, 0x0, 0x0, 0x0,
    0x0, 0x2, 0xff, 0xfe, 0x0, 0x0, 0x0, 0x0,
    0x0, 0x1f, 0xff, 0xd0, 0x0, 0x0, 0x0, 0x0,
    0x0, 0x6e, 0xd3, 0x0, 0x0, 0x0, 0x0, 0x0,
    0x0, 0x0, 0x0, 0x0, 0x0, 0x0, 0x0, 0x0,
    0x0, 0x0, 0x0, 0x0, 0x0, 0xff, 0xff, 0xff,
    0xff, 0xff, 0xff, 0xfb, 0xf, 0xff, 0xff, 0xff,
    0xff, 0xff, 0xff, 0xc0, 0xff, 0xff, 0xff, 0xff,
    0xff, 0xff, 0xfc, 0x0, 0x0, 0x0, 0x0, 0x0,
    0x0, 0x0, 0x0, 0x0, 0x0, 0x0, 0x0, 0x0,
    0x0, 0x0, 0x0, 0x0, 0x0, 0x2, 0x10, 0x0,
    0x0, 0x0, 0x0, 0x0, 0xa, 0xff, 0x60, 0x0,
    0x0, 0x0, 0x0, 0x2, 0xff, 0xfe, 0x0, 0x0,
    0x0, 0x0, 0x0, 0x1f, 0xff, 0xd0, 0x0, 0x0,
    0x0, 0x0, 0x0, 0x6e, 0xd3, 0x0, 0x0, 0x0,

    /* U+00F8 "ø" */
    0x0, 0x0, 0x0, 0x0, 0x0, 0x0, 0xbf, 0xb0,
    0x0, 0x0, 0x0, 0x0, 0x0, 0x0, 0x4, 0xff,
    0x20, 0x0, 0x0, 0x0, 0x17, 0xce, 0xff, 0xdf,
    0xfa, 0x0, 0x0, 0x0, 0x6, 0xff, 0xff, 0xff,
    0xff, 0xfc, 0x10, 0x0, 0x0, 0xaf, 0xff, 0xff,
    0xff, 0xff, 0xff, 0xe1, 0x0, 0x7, 0xff, 0xff,
    0xa4, 0x29, 0xff, 0xff, 0xfc, 0x0, 0x1f, 0xff,
    0xf5, 0x0, 0xd, 0xfa, 0xdf, 0xff, 0x70, 0x7f,
    0xff, 0x80, 0x0, 0x6f, 0xf1, 0x2f, 0xff, 0xd0,
    0xbf, 0xff, 0x20, 0x0, 0xef, 0x70, 0xc, 0xff,
    0xf1, 0xdf, 0xff, 0x0, 0x7, 0xfe, 0x0, 0x9,
    0xff, 0xf2, 0xdf, 0xff, 0x0, 0xe, 0xf7, 0x0,
    0x9, 0xff, 0xf2, 0xbf, 0xff, 0x20, 0x8f, 0xe0,
    0x0, 0xc, 0xff, 0xf1, 0x7f, 0xff, 0x81, 0xff,
    0x60, 0x0, 0x2f, 0xff, 0xd0, 0x1f, 0xff, 0xfe,
    0xfd, 0x0, 0x1, 0xdf, 0xff, 0x60, 0x7, 0xff,
    0xff, 0xfa, 0x33, 0x8e, 0xff, 0xfc, 0x0, 0x0,
    0x9f, 0xff, 0xff, 0xff, 0xff, 0xff, 0xe1, 0x0,
    0x0, 0x8, 0xff, 0xff, 0xff, 0xff, 0xfa, 0x10,
    0x0, 0x0, 0xa, 0xff, 0xce, 0xff, 0xd9, 0x30,
    0x0, 0x0, 0x0, 0x3f, 0xf3, 0x0, 0x0, 0x0,
    0x0, 0x0, 0x0, 0x0, 0xbf, 0xb0, 0x0, 0x0,
    0x0, 0x0, 0x0, 0x0,

    /* U+00F9 "ù" */
    0x0, 0x48, 0x88, 0x60, 0x0, 0x0, 0x0, 0x0,
    0x0, 0x9, 0xff, 0xf8, 0x0, 0x0, 0x0, 0x0,
    0x0, 0x0, 0x7f, 0xff, 0x60, 0x0, 0x0, 0x0,
    0x0, 0x0, 0x5, 0xff, 0xf5, 0x0, 0x0, 0x0,
    0x0, 0x0, 0x0, 0x3e, 0xff, 0x30, 0x0, 0x0,
    0x0, 0x0, 0x0, 0x0, 0x0, 0x0, 0x0, 0x0,
    0x0, 0x0, 0x0, 0x0, 0x0, 0x0, 0x0, 0x0,
    0xaf, 0xff, 0x10, 0x0, 0x0, 0x0, 0xcf, 0xff,
    0xaf, 0xff, 0x10, 0x0, 0x0, 0x0, 0xcf, 0xff,
    0xaf, 0xff, 0x10, 0x0, 0x0, 0x0, 0xcf, 0xff,
    0xaf, 0xff, 0x10, 0x0, 0x0, 0x0, 0xcf, 0xff,
    0xaf, 0xff, 0x10, 0x0, 0x0, 0x0, 0xcf, 0xff,
    0xaf, 0xff, 0x10, 0x0, 0x0, 0x0, 0xcf, 0xff,
    0xaf, 0xff, 0x10, 0x0, 0x0, 0x0, 0xcf, 0xff,
    0xaf, 0xff, 0x10, 0x0, 0x0, 0x0, 0xcf, 0xff,
    0xaf, 0xff, 0x10, 0x0, 0x0, 0x0, 0xdf, 0xff,
    0x9f, 0xff, 0x20, 0x0, 0x0, 0x0, 0xff, 0xff,
    0x8f, 0xff, 0x60, 0x0, 0x0, 0x4, 0xff, 0xff,
    0x5f, 0xff, 0xd1, 0x0, 0x0, 0x1d, 0xff, 0xff,
    0xe, 0xff, 0xfe, 0x74, 0x48, 0xef, 0xff, 0xff,
    0x6, 0xff, 0xff, 0xff, 0xff, 0xff, 0xff, 0xff,
    0x0, 0x7f, 0xff, 0xff, 0xff, 0xf9, 0x9f, 0xff,
    0x0, 0x2, 0x8d, 0xff, 0xd9, 0x30, 0x9f, 0xff,

    /* U+00FA "ú" */
    0x0, 0x0, 0x0, 0x0, 0x4, 0x88, 0x86, 0x0,
    0x0, 0x0, 0x0, 0x0, 0x4f, 0xff, 0xc1, 0x0,
    0x0, 0x0, 0x0, 0x2, 0xff, 0xfb, 0x0, 0x0,
    0x0, 0x0, 0x0, 0x2e, 0xff, 0x90, 0x0, 0x0,
    0x0, 0x0, 0x1, 0xdf, 0xf7, 0x0, 0x0, 0x0,
    0x0, 0x0, 0x0, 0x0, 0x0, 0x0, 0x0, 0x0,
    0x0, 0x0, 0x0, 0x0, 0x0, 0x0, 0x0, 0x0,
    0xaf, 0xff, 0x10, 0x0, 0x0, 0x0, 0xcf, 0xff,
    0xaf, 0xff, 0x10, 0x0, 0x0, 0x0, 0xcf, 0xff,
    0xaf, 0xff, 0x10, 0x0, 0x0, 0x0, 0xcf, 0xff,
    0xaf, 0xff, 0x10, 0x0, 0x0, 0x0, 0xcf, 0xff,
    0xaf, 0xff, 0x10, 0x0, 0x0, 0x0, 0xcf, 0xff,
    0xaf, 0xff, 0x10, 0x0, 0x0, 0x0, 0xcf, 0xff,
    0xaf, 0xff, 0x10, 0x0, 0x0, 0x0, 0xcf, 0xff,
    0xaf, 0xff, 0x10, 0x0, 0x0, 0x0, 0xcf, 0xff,
    0xaf, 0xff, 0x10, 0x0, 0x0, 0x0, 0xdf, 0xff,
    0x9f, 0xff, 0x20, 0x0, 0x0, 0x0, 0xff, 0xff,
    0x8f, 0xff, 0x60, 0x0, 0x0, 0x4, 0xff, 0xff,
    0x5f, 0xff, 0xd1, 0x0, 0x0, 0x1d, 0xff, 0xff,
    0xe, 0xff, 0xfe, 0x74, 0x48, 0xef, 0xff, 0xff,
    0x6, 0xff, 0xff, 0xff, 0xff, 0xff, 0xff, 0xff,
    0x0, 0x7f, 0xff, 0xff, 0xff, 0xf9, 0x9f, 0xff,
    0x0, 0x2, 0x8d, 0xff, 0xd9, 0x30, 0x9f, 0xff,

    /* U+00FB "û" */
    0x0, 0x0, 0x0, 0x68, 0x87, 0x0, 0x0, 0x0,
    0x0, 0x0, 0x7, 0xff, 0xff, 0xb0, 0x0, 0x0,
    0x0, 0x0, 0x5f, 0xff, 0xdf, 0xfa, 0x0, 0x0,
    0x0, 0x4, 0xff, 0xe3, 0x1c, 0xff, 0x80, 0x0,
    0x0, 0x3f, 0xfe, 0x20, 0x0, 0xbf, 0xf6, 0x0,
    0x0, 0x0, 0x0, 0x0, 0x0, 0x0, 0x0, 0x0,
    0x0, 0x0, 0x0, 0x0, 0x0, 0x0, 0x0, 0x0,
    0xaf, 0xff, 0x10, 0x0, 0x0, 0x0, 0xcf, 0xff,
    0xaf, 0xff, 0x10, 0x0, 0x0, 0x0, 0xcf, 0xff,
    0xaf, 0xff, 0x10, 0x0, 0x0, 0x0, 0xcf, 0xff,
    0xaf, 0xff, 0x10, 0x0, 0x0, 0x0, 0xcf, 0xff,
    0xaf, 0xff, 0x10, 0x0, 0x0, 0x0, 0xcf, 0xff,
    0xaf, 0xff, 0x10, 0x0, 0x0, 0x0, 0xcf, 0xff,
    0xaf, 0xff, 0x10, 0x0, 0x0, 0x0, 0xcf, 0xff,
    0xaf, 0xff, 0x10, 0x0, 0x0, 0x0, 0xcf, 0xff,
    0xaf, 0xff, 0x10, 0x0, 0x0, 0x0, 0xdf, 0xff,
    0x9f, 0xff, 0x20, 0x0, 0x0, 0x0, 0xff, 0xff,
    0x8f, 0xff, 0x60, 0x0, 0x0, 0x4, 0xff, 0xff,
    0x5f, 0xff, 0xd1, 0x0, 0x0, 0x1d, 0xff, 0xff,
    0xe, 0xff, 0xfe, 0x74, 0x48, 0xef, 0xff, 0xff,
    0x6, 0xff, 0xff, 0xff, 0xff, 0xff, 0xff, 0xff,
    0x0, 0x7f, 0xff, 0xff, 0xff, 0xf9, 0x9f, 0xff,
    0x0, 0x2, 0x8d, 0xff, 0xd9, 0x30, 0x9f, 0xff,

    /* U+00FC "ü" */
    0x0, 0x1, 0xcf, 0x60, 0x3, 0xde, 0x40, 0x0,
    0x0, 0x8, 0xff, 0xf0, 0xb, 0xff, 0xc0, 0x0,
    0x0, 0x6, 0xff, 0xd0, 0x9, 0xff, 0xa0, 0x0,
    0x0, 0x0, 0x68, 0x10, 0x0, 0x77, 0x0, 0x0,
    0x0, 0x0, 0x0, 0x0, 0x0, 0x0, 0x0, 0x0,
    0x0, 0x0, 0x0, 0x0, 0x0, 0x0, 0x0, 0x0,
    0xaf, 0xff, 0x10, 0x0, 0x0, 0x0, 0xcf, 0xff,
    0xaf, 0xff, 0x10, 0x0, 0x0, 0x0, 0xcf, 0xff,
    0xaf, 0xff, 0x10, 0x0, 0x0, 0x0, 0xcf, 0xff,
    0xaf, 0xff, 0x10, 0x0, 0x0, 0x0, 0xcf, 0xff,
    0xaf, 0xff, 0x10, 0x0, 0x0, 0x0, 0xcf, 0xff,
    0xaf, 0xff, 0x10, 0x0, 0x0, 0x0, 0xcf, 0xff,
    0xaf, 0xff, 0x10, 0x0, 0x0, 0x0, 0xcf, 0xff,
    0xaf, 0xff, 0x10, 0x0, 0x0, 0x0, 0xcf, 0xff,
    0xaf, 0xff, 0x10, 0x0, 0x0, 0x0, 0xdf, 0xff,
    0x9f, 0xff, 0x20, 0x0, 0x0, 0x0, 0xff, 0xff,
    0x8f, 0xff, 0x60, 0x0, 0x0, 0x4, 0xff, 0xff,
    0x5f, 0xff, 0xd1, 0x0, 0x0, 0x1d, 0xff, 0xff,
    0xe, 0xff, 0xfe, 0x74, 0x48, 0xef, 0xff, 0xff,
    0x6, 0xff, 0xff, 0xff, 0xff, 0xff, 0xff, 0xff,
    0x0, 0x7f, 0xff, 0xff, 0xff, 0xf9, 0x9f, 0xff,
    0x0, 0x2, 0x8d, 0xff, 0xd9, 0x30, 0x9f, 0xff,

    /* U+00FD "ý" */
    0x0, 0x0, 0x0, 0x0, 0x0, 0xaf, 0xff, 0x80,
    0x0, 0x0, 0x0, 0x0, 0x0, 0x0, 0xaf, 0xff,
    0x50, 0x0, 0x0, 0x0, 0x0, 0x0, 0x0, 0xbf,
    0xfd, 0x20, 0x0, 0x0, 0x0, 0x0, 0x0, 0x0,
    0xbf, 0xf9, 0x0, 0x0, 0x0, 0x0, 0x0, 0x0,
    0x0, 0x0, 0x0, 0x0, 0x0, 0x0, 0x0, 0x0,
    0x0, 0x0, 0x0, 0x0, 0x0, 0x0, 0x0, 0x0,
    0x0, 0xe, 0xff, 0xe0, 0x0, 0x0, 0x0, 0x0,
    0x5f, 0xff, 0x30, 0x8f, 0xff, 0x60, 0x0, 0x0,
    0x0, 0xc, 0xff, 0xc0, 0x1, 0xff, 0xfc, 0x0,
    0x0, 0x0, 0x3, 0xff, 0xf5, 0x0, 0xa, 0xff,
    0xf3, 0x0, 0x0, 0x0, 0xaf, 0xfe, 0x0, 0x0,
    0x3f, 0xff, 0xa0, 0x0, 0x0, 0x1f, 0xff, 0x70,
    0x0, 0x0, 0xcf, 0xff, 0x10, 0x0, 0x7, 0xff,
    0xf1, 0x0, 0x0, 0x5, 0xff, 0xf8, 0x0, 0x0,
    0xef, 0xfa, 0x0, 0x0, 0x0, 0xd, 0xff, 0xe0,
    0x0, 0x5f, 0xff, 0x30, 0x0, 0x0, 0x0, 0x7f,
    0xff, 0x50, 0xc, 0xff, 0xc0, 0x0, 0x0, 0x0,
    0x0, 0xff, 0xfc, 0x3, 0xff, 0xf5, 0x0, 0x0,
    0x0, 0x0, 0x9, 0xff, 0xf3, 0x9f, 0xfe, 0x0,
    0x0, 0x0, 0x0, 0x0, 0x2f, 0xff, 0xbf, 0xff,
    0x70, 0x0, 0x0, 0x0, 0x0, 0x0, 0xbf, 0xff,
    0xff, 0xf1, 0x0, 0x0, 0x0, 0x0, 0x0, 0x4,
    0xff, 0xff, 0xf9, 0x0, 0x0, 0x0, 0x0, 0x0,
    0x0, 0xd, 0xff, 0xff, 0x20, 0x0, 0x0, 0x0,
    0x0, 0x0, 0x0, 0x6f, 0xff, 0xb0, 0x0, 0x0,
    0x0, 0x0, 0x0, 0x0, 0x5, 0xff, 0xf4, 0x0,
    0x0, 0x0, 0x0, 0x0, 0x0, 0x0, 0xdf, 0xfd,
    0x0, 0x0, 0x0, 0x0, 0x6, 0xc4, 0x13, 0xbf,
    0xff, 0x50, 0x0, 0x0, 0x0, 0x0, 0xef, 0xff,
    0xff, 0xff, 0xc0, 0x0, 0x0, 0x0, 0x0, 0x4f,
    0xff, 0xff, 0xff, 0xc1, 0x0, 0x0, 0x0, 0x0,
    0x0, 0x39, 0xdf, 0xec, 0x50, 0x0, 0x0, 0x0,
    0x0, 0x0,

    /* U+00FE "þ" */
    0x6b, 0xbb, 0x20, 0x0, 0x0, 0x0, 0x0, 0x0,
    0x0, 0x8f, 0xff, 0x30, 0x0, 0x0, 0x0, 0x0,
    0x0, 0x0, 0x8f, 0xff, 0x30, 0x0, 0x0, 0x0,
    0x0, 0x0, 0x0, 0x8f, 0xff, 0x30, 0x0, 0x0,
    0x0, 0x0, 0x0, 0x0, 0x8f, 0xff, 0x30, 0x0,
    0x0, 0x0, 0x0, 0x0, 0x0, 0x8f, 0xff, 0x30,
    0x0, 0x0, 0x0, 0x0, 0x0, 0x0, 0x8f, 0xff,
    0x30, 0x7c, 0xef, 0xdb, 0x60, 0x0, 0x0, 0x8f,
    0xff, 0x7e, 0xff, 0xff, 0xff, 0xfe, 0x40, 0x0,
    0x8f, 0xff, 0xff, 0xff, 0xff, 0xff, 0xff, 0xf6,
    0x0, 0x8f, 0xff, 0xff, 0xc5, 0x33, 0x6d, 0xff,
    0xff, 0x30, 0x8f, 0xff, 0xf8, 0x0, 0x0, 0x0,
    0xbf, 0xff, 0xc0, 0x8f, 0xff, 0xc0, 0x0, 0x0,
    0x0, 0xe, 0xff, 0xf2, 0x8f, 0xff, 0x50, 0x0,
    0x0, 0x0, 0x9, 0xff, 0xf5, 0x8f, 0xff, 0x30,
    0x0, 0x0, 0x0, 0x6, 0xff, 0xf7, 0x8f, 0xff,
    0x30, 0x0, 0x0, 0x0, 0x6, 0xff, 0xf7, 0x8f,
    0xff, 0x60, 0x0, 0x0, 0x0, 0x9, 0xff, 0xf5,
    0x8f, 0xff, 0xc0, 0x0, 0x0, 0x0, 0xe, 0xff,
    0xf1, 0x8f, 0xff, 0xf8, 0x0, 0x0, 0x0, 0xbf,
    0xff, 0xc0, 0x8f, 0xff, 0xff, 0xc6, 0x33, 0x6d,
    0xff, 0xff, 0x30, 0x8f, 0xff, 0xff, 0xff, 0xff,
    0xff, 0xff, 0xf6, 0x0, 0x8f, 0xff, 0x6e, 0xff,
    0xff, 0xff, 0xfe, 0x40, 0x0, 0x8f, 0xff, 0x30,
    0x7c, 0xef, 0xdb, 0x60, 0x0, 0x0, 0x8f, 0xff,
    0x30, 0x0, 0x0, 0x0, 0x0, 0x0, 0x0, 0x8f,
    0xff, 0x30, 0x0, 0x0, 0x0, 0x0, 0x0, 0x0,
    0x8f, 0xff, 0x30, 0x0, 0x0, 0x0, 0x0, 0x0,
    0x0, 0x8f, 0xff, 0x30, 0x0, 0x0, 0x0, 0x0,
    0x0, 0x0, 0x8f, 0xff, 0x30, 0x0, 0x0, 0x0,
    0x0, 0x0, 0x0, 0x8f, 0xff, 0x30, 0x0, 0x0,
    0x0, 0x0, 0x0, 0x0,

    /* U+00FF "ÿ" */
    0x0, 0x0, 0xb, 0xf8, 0x0, 0x2d, 0xe6, 0x0,
    0x0, 0x0, 0x0, 0x5, 0xff, 0xf1, 0x8, 0xff,
    0xe0, 0x0, 0x0, 0x0, 0x0, 0x3f, 0xfe, 0x0,
    0x6f, 0xfc, 0x0, 0x0, 0x0, 0x0, 0x0, 0x48,
    0x20, 0x0, 0x68, 0x10, 0x0, 0x0, 0x0, 0x0,
    0x0, 0x0, 0x0, 0x0, 0x0, 0x0, 0x0, 0x0,
    0x0, 0x0, 0x0, 0x0, 0x0, 0x0, 0x0, 0x0,
    0x0, 0xe, 0xff, 0xe0, 0x0, 0x0, 0x0, 0x0,
    0x5f, 0xff, 0x30, 0x8f, 0xff, 0x60, 0x0, 0x0,
    0x0, 0xc, 0xff, 0xc0, 0x1, 0xff, 0xfc, 0x0,
    0x0, 0x0, 0x3, 0xff, 0xf5, 0x0, 0xa, 0xff,
    0xf3, 0x0, 0x0, 0x0, 0xaf, 0xfe, 0x0, 0x0,
    0x3f, 0xff, 0xa0, 0x0, 0x0, 0x1f, 0xff, 0x70,
    0x0, 0x0, 0xcf, 0xff, 0x10, 0x0, 0x7, 0xff,
    0xf1, 0x0, 0x0, 0x5, 0xff, 0xf8, 0x0, 0x0,
    0xef, 0xfa, 0x0, 0x0, 0x0, 0xd, 0xff, 0xe0,
    0x0, 0x5f, 0xff, 0x30, 0x0, 0x0, 0x0, 0x7f,
    0xff, 0x50, 0xc, 0xff, 0xc0, 0x0, 0x0, 0x0,
    0x0, 0xff, 0xfc, 0x3, 0xff, 0xf5, 0x0, 0x0,
    0x0, 0x0, 0x9, 0xff, 0xf3, 0x9f, 0xfe, 0x0,
    0x0, 0x0, 0x0, 0x0, 0x2f, 0xff, 0xbf, 0xff,
    0x70, 0x0, 0x0, 0x0, 0x0, 0x0, 0xbf, 0xff,
    0xff, 0xf1, 0x0, 0x0, 0x0, 0x0, 0x0, 0x4,
    0xff, 0xff, 0xf9, 0x0, 0x0, 0x0, 0x0, 0x0,
    0x0, 0xd, 0xff, 0xff, 0x20, 0x0, 0x0, 0x0,
    0x0, 0x0, 0x0, 0x6f, 0xff, 0xb0, 0x0, 0x0,
    0x0, 0x0, 0x0, 0x0, 0x5, 0xff, 0xf4, 0x0,
    0x0, 0x0, 0x0, 0x0, 0x0, 0x0, 0xdf, 0xfd,
    0x0, 0x0, 0x0, 0x0, 0x6, 0xc4, 0x13, 0xbf,
    0xff, 0x50, 0x0, 0x0, 0x0, 0x0, 0xef, 0xff,
    0xff, 0xff, 0xc0, 0x0, 0x0, 0x0, 0x0, 0x4f,
    0xff, 0xff, 0xff, 0xc1, 0x0, 0x0, 0x0, 0x0,
    0x0, 0x39, 0xdf, 0xec, 0x50, 0x0, 0x0, 0x0,
    0x0, 0x0
};


/*---------------------
 *  GLYPH DESCRIPTION
 *--------------------*/

static const lv_font_fmt_txt_glyph_dsc_t glyph_dsc[] = {
    {.bitmap_index = 0, .adv_w = 0, .box_w = 0, .box_h = 0, .ofs_x = 0, .ofs_y = 0} /* id = 0 reserved */,
    {.bitmap_index = 0, .adv_w = 132, .box_w = 0, .box_h = 0, .ofs_x = 0, .ofs_y = 0},
    {.bitmap_index = 0, .adv_w = 133, .box_w = 6, .box_h = 21, .ofs_x = 1, .ofs_y = 0},
    {.bitmap_index = 63, .adv_w = 198, .box_w = 10, .box_h = 9, .ofs_x = 1, .ofs_y = 12},
    {.bitmap_index = 108, .adv_w = 341, .box_w = 21, .box_h = 21, .ofs_x = 0, .ofs_y = 0},
    {.bitmap_index = 329, .adv_w = 302, .box_w = 17, .box_h = 28, .ofs_x = 1, .ofs_y = -3},
    {.bitmap_index = 567, .adv_w = 413, .box_w = 25, .box_h = 21, .ofs_x = 0, .ofs_y = 0},
    {.bitmap_index = 830, .adv_w = 339, .box_w = 20, .box_h = 22, .ofs_x = 1, .ofs_y = -1},
    {.bitmap_index = 1050, .adv_w = 106, .box_w = 4, .box_h = 9, .ofs_x = 1, .ofs_y = 12},
    {.bitmap_index = 1068, .adv_w = 167, .box_w = 8, .box_h = 28, .ofs_x = 2, .ofs_y = -6},
    {.bitmap_index = 1180, .adv_w = 167, .box_w = 8, .box_h = 28, .ofs_x = 0, .ofs_y = -6},
    {.bitmap_index = 1292, .adv_w = 200, .box_w = 12, .box_h = 12, .ofs_x = 0, .ofs_y = 11},
    {.bitmap_index = 1364, .adv_w = 283, .box_w = 15, .box_h = 14, .ofs_x = 1, .ofs_y = 4},
    {.bitmap_index = 1469, .adv_w = 117, .box_w = 6, .box_h = 10, .ofs_x = 1, .ofs_y = -4},
    {.bitmap_index = 1499, .adv_w = 185, .box_w = 9, .box_h = 4, .ofs_x = 1, .ofs_y = 7},
    {.bitmap_index = 1517, .adv_w = 117, .box_w = 6, .box_h = 5, .ofs_x = 1, .ofs_y = 0},
    {.bitmap_index = 1532, .adv_w = 178, .box_w = 14, .box_h = 28, .ofs_x = -1, .ofs_y = -3},
    {.bitmap_index = 1728, .adv_w = 323, .box_w = 18, .box_h = 21, .ofs_x = 1, .ofs_y = 0},
    {.bitmap_index = 1917, .adv_w = 183, .box_w = 9, .box_h = 21, .ofs_x = 0, .ofs_y = 0},
    {.bitmap_index = 2012, .adv_w = 279, .box_w = 17, .box_h = 21, .ofs_x = 0, .ofs_y = 0},
    {.bitmap_index = 2191, .adv_w = 279, .box_w = 17, .box_h = 21, .ofs_x = 0, .ofs_y = 0},
    {.bitmap_index = 2370, .adv_w = 326, .box_w = 20, .box_h = 21, .ofs_x = 1, .ofs_y = 0},
    {.bitmap_index = 2580, .adv_w = 280, .box_w = 17, .box_h = 21, .ofs_x = 0, .ofs_y = 0},
    {.bitmap_index = 2759, .adv_w = 301, .box_w = 18, .box_h = 21, .ofs_x = 1, .ofs_y = 0},
    {.bitmap_index = 2948, .adv_w = 292, .box_w = 18, .box_h = 21, .ofs_x = 0, .ofs_y = 0},
    {.bitmap_index = 3137, .adv_w = 313, .box_w = 18, .box_h = 21, .ofs_x = 1, .ofs_y = 0},
    {.bitmap_index = 3326, .adv_w = 301, .box_w = 18, .box_h = 21, .ofs_x = 0, .ofs_y = 0},
    {.bitmap_index = 3515, .adv_w = 117, .box_w = 6, .box_h = 16, .ofs_x = 1, .ofs_y = 0},
    {.bitmap_index = 3563, .adv_w = 117, .box_w = 6, .box_h = 21, .ofs_x = 1, .ofs_y = -5},
    {.bitmap_index = 3626, .adv_w = 283, .box_w = 15, .box_h = 15, .ofs_x = 1, .ofs_y = 3},
    {.bitmap_index = 3739, .adv_w = 283, .box_w = 15, .box_h = 10, .ofs_x = 1, .ofs_y = 6},
    {.bitmap_index = 3814, .adv_w = 283, .box_w = 15, .box_h = 15, .ofs_x = 1, .ofs_y = 3},
    {.bitmap_index = 3927, .adv_w = 279, .box_w = 16, .box_h = 21, .ofs_x = 0, .ofs_y = 0},
    {.bitmap_index = 4095, .adv_w = 496, .box_w = 29, .box_h = 27, .ofs_x = 1, .ofs_y = -6},
    {.bitmap_index = 4487, .adv_w = 360, .box_w = 24, .box_h = 21, .ofs_x = -1, .ofs_y = 0},
    {.bitmap_index = 4739, .adv_w = 365, .box_w = 20, .box_h = 21, .ofs_x = 2, .ofs_y = 0},
    {.bitmap_index = 4949, .adv_w = 345, .box_w = 20, .box_h = 21, .ofs_x = 1, .ofs_y = 0},
    {.bitmap_index = 5159, .adv_w = 396, .box_w = 22, .box_h = 21, .ofs_x = 2, .ofs_y = 0},
    {.bitmap_index = 5390, .adv_w = 322, .box_w = 17, .box_h = 21, .ofs_x = 2, .ofs_y = 0},
    {.bitmap_index = 5569, .adv_w = 306, .box_w = 17, .box_h = 21, .ofs_x = 2, .ofs_y = 0},
    {.bitmap_index = 5748, .adv_w = 371, .box_w = 21, .box_h = 21, .ofs_x = 1, .ofs_y = 0},
    {.bitmap_index = 5969, .adv_w = 389, .box_w = 20, .box_h = 21, .ofs_x = 2, .ofs_y = 0},
    {.bitmap_index = 6179, .adv_w = 153, .box_w = 5, .box_h = 21, .ofs_x = 2, .ofs_y = 0},
    {.bitmap_index = 6232, .adv_w = 253, .box_w = 15, .box_h = 21, .ofs_x = -1, .ofs_y = 0},
    {.bitmap_index = 6390, .adv_w = 350, .box_w = 21, .box_h = 21, .ofs_x = 2, .ofs_y = 0},
    {.bitmap_index = 6611, .adv_w = 288, .box_w = 16, .box_h = 21, .ofs_x = 2, .ofs_y = 0},
    {.bitmap_index = 6779, .adv_w = 458, .box_w = 24, .box_h = 21, .ofs_x = 2, .ofs_y = 0},
    {.bitmap_index = 7031, .adv_w = 389, .box_w = 20, .box_h = 21, .ofs_x = 2, .ofs_y = 0},
    {.bitmap_index = 7241, .adv_w = 404, .box_w = 23, .box_h = 21, .ofs_x = 1, .ofs_y = 0},
    {.bitmap_index = 7483, .adv_w = 348, .box_w = 19, .box_h = 21, .ofs_x = 2, .ofs_y = 0},
    {.bitmap_index = 7683, .adv_w = 404, .box_w = 24, .box_h = 26, .ofs_x = 1, .ofs_y = -5},
    {.bitmap_index = 7995, .adv_w = 351, .box_w = 19, .box_h = 21, .ofs_x = 2, .ofs_y = 0},
    {.bitmap_index = 8195, .adv_w = 302, .box_w = 17, .box_h = 21, .ofs_x = 1, .ofs_y = 0},
    {.bitmap_index = 8374, .adv_w = 289, .box_w = 18, .box_h = 21, .ofs_x = 0, .ofs_y = 0},
    {.bitmap_index = 8563, .adv_w = 379, .box_w = 20, .box_h = 21, .ofs_x = 2, .ofs_y = 0},
    {.bitmap_index = 8773, .adv_w = 350, .box_w = 24, .box_h = 21, .ofs_x = -1, .ofs_y = 0},
    {.bitmap_index = 9025, .adv_w = 549, .box_w = 34, .box_h = 21, .ofs_x = 0, .ofs_y = 0},
    {.bitmap_index = 9382, .adv_w = 333, .box_w = 21, .box_h = 21, .ofs_x = 0, .ofs_y = 0},
    {.bitmap_index = 9603, .adv_w = 317, .box_w = 22, .box_h = 21, .ofs_x = -1, .ofs_y = 0},
    {.bitmap_index = 9834, .adv_w = 318, .box_w = 19, .box_h = 21, .ofs_x = 1, .ofs_y = 0},
    {.bitmap_index = 10034, .adv_w = 168, .box_w = 8, .box_h = 28, .ofs_x = 2, .ofs_y = -6},
    {.bitmap_index = 10146, .adv_w = 178, .box_w = 15, .box_h = 28, .ofs_x = -2, .ofs_y = -3},
    {.bitmap_index = 10356, .adv_w = 168, .box_w = 8, .box_h = 28, .ofs_x = 0, .ofs_y = -6},
    {.bitmap_index = 10468, .adv_w = 284, .box_w = 15, .box_h = 13, .ofs_x = 1, .ofs_y = 4},
    {.bitmap_index = 10566, .adv_w = 240, .box_w = 15, .box_h = 3, .ofs_x = 0, .ofs_y = -2},
    {.bitmap_index = 10589, .adv_w = 288, .box_w = 9, .box_h = 4, .ofs_x = 3, .ofs_y = 18},
    {.bitmap_index = 10607, .adv_w = 291, .box_w = 15, .box_h = 16, .ofs_x = 1, .ofs_y = 0},
    {.bitmap_index = 10727, .adv_w = 329, .box_w = 18, .box_h = 23, .ofs_x = 2, .ofs_y = 0},
    {.bitmap_index = 10934, .adv_w = 279, .box_w = 16, .box_h = 16, .ofs_x = 1, .ofs_y = 0},
    {.bitmap_index = 11062, .adv_w = 330, .box_w = 18, .box_h = 23, .ofs_x = 1, .ofs_y = 0},
    {.bitmap_index = 11269, .adv_w = 299, .box_w = 17, .box_h = 16, .ofs_x = 1, .ofs_y = 0},
    {.bitmap_index = 11405, .adv_w = 177, .box_w = 13, .box_h = 22, .ofs_x = 0, .ofs_y = 0},
    {.bitmap_index = 11548, .adv_w = 333, .box_w = 18, .box_h = 22, .ofs_x = 1, .ofs_y = -6},
    {.bitmap_index = 11746, .adv_w = 329, .box_w = 17, .box_h = 22, .ofs_x = 2, .ofs_y = 0},
    {.bitmap_index = 11933, .adv_w = 139, .box_w = 6, .box_h = 23, .ofs_x = 1, .ofs_y = 0},
    {.bitmap_index = 12002, .adv_w = 142, .box_w = 10, .box_h = 29, .ofs_x = -3, .ofs_y = -6},
    {.bitmap_index = 12147, .adv_w = 305, .box_w = 18, .box_h = 22, .ofs_x = 2, .ofs_y = 0},
    {.bitmap_index = 12345, .adv_w = 139, .box_w = 5, .box_h = 22, .ofs_x = 2, .ofs_y = 0},
    {.bitmap_index = 12400, .adv_w = 505, .box_w = 28, .box_h = 16, .ofs_x = 2, .ofs_y = 0},
    {.bitmap_index = 12624, .adv_w = 329, .box_w = 17, .box_h = 16, .ofs_x = 2, .ofs_y = 0},
    {.bitmap_index = 12760, .adv_w = 310, .box_w = 18, .box_h = 16, .ofs_x = 1, .ofs_y = 0},
    {.bitmap_index = 12904, .adv_w = 329, .box_w = 18, .box_h = 22, .ofs_x = 2, .ofs_y = -6},
    {.bitmap_index = 13102, .adv_w = 329, .box_w = 18, .box_h = 22, .ofs_x = 1, .ofs_y = -6},
    {.bitmap_index = 13300, .adv_w = 202, .box_w = 10, .box_h = 16, .ofs_x = 2, .ofs_y = 0},
    {.bitmap_index = 13380, .adv_w = 247, .box_w = 15, .box_h = 16, .ofs_x = 0, .ofs_y = 0},
    {.bitmap_index = 13500, .adv_w = 204, .box_w = 13, .box_h = 20, .ofs_x = 0, .ofs_y = 0},
    {.bitmap_index = 13630, .adv_w = 327, .box_w = 16, .box_h = 16, .ofs_x = 2, .ofs_y = 0},
    {.bitmap_index = 13758, .adv_w = 277, .box_w = 19, .box_h = 16, .ofs_x = -1, .ofs_y = 0},
    {.bitmap_index = 13910, .adv_w = 441, .box_w = 28, .box_h = 16, .ofs_x = 0, .ofs_y = 0},
    {.bitmap_index = 14134, .adv_w = 275, .box_w = 17, .box_h = 16, .ofs_x = 0, .ofs_y = 0},
    {.bitmap_index = 14270, .adv_w = 277, .box_w = 19, .box_h = 22, .ofs_x = -1, .ofs_y = -6},
    {.bitmap_index = 14479, .adv_w = 255, .box_w = 14, .box_h = 16, .ofs_x = 1, .ofs_y = 0},
    {.bitmap_index = 14591, .adv_w = 178, .box_w = 10, .box_h = 28, .ofs_x = 1, .ofs_y = -6},
    {.bitmap_index = 14731, .adv_w = 145, .box_w = 5, .box_h = 28, .ofs_x = 2, .ofs_y = -6},
    {.bitmap_index = 14801, .adv_w = 178, .box_w = 10, .box_h = 28, .ofs_x = 0, .ofs_y = -6},
    {.bitmap_index = 14941, .adv_w = 283, .box_w = 16, .box_h = 6, .ofs_x = 1, .ofs_y = 8},
    {.bitmap_index = 14989, .adv_w = 132, .box_w = 0, .box_h = 0, .ofs_x = 0, .ofs_y = 0},
    {.bitmap_index = 14989, .adv_w = 133, .box_w = 6, .box_h = 21, .ofs_x = 1, .ofs_y = -5},
    {.bitmap_index = 15052, .adv_w = 279, .box_w = 16, .box_h = 23, .ofs_x = 1, .ofs_y = -4},
    {.bitmap_index = 15236, .adv_w = 315, .box_w = 20, .box_h = 21, .ofs_x = 0, .ofs_y = 0},
    {.bitmap_index = 15446, .adv_w = 336, .box_w = 21, .box_h = 19, .ofs_x = 0, .ofs_y = 0},
    {.bitmap_index = 15646, .adv_w = 346, .box_w = 23, .box_h = 21, .ofs_x = -1, .ofs_y = 0},
    {.bitmap_index = 15888, .adv_w = 145, .box_w = 5, .box_h = 28, .ofs_x = 2, .ofs_y = -6},
    {.bitmap_index = 15958, .adv_w = 245, .box_w = 15, .box_h = 24, .ofs_x = 0, .ofs_y = -3},
    {.bitmap_index = 16138, .adv_w = 288, .box_w = 10, .box_h = 4, .ofs_x = 4, .ofs_y = 18},
    {.bitmap_index = 16158, .adv_w = 381, .box_w = 22, .box_h = 21, .ofs_x = 1, .ofs_y = 0},
    {.bitmap_index = 16389, .adv_w = 196, .box_w = 11, .box_h = 10, .ofs_x = 0, .ofs_y = 12},
    {.bitmap_index = 16444, .adv_w = 257, .box_w = 15, .box_h = 12, .ofs_x = 1, .ofs_y = 2},
    {.bitmap_index = 16534, .adv_w = 283, .box_w = 15, .box_h = 8, .ofs_x = 1, .ofs_y = 4},
    {.bitmap_index = 16594, .adv_w = 381, .box_w = 22, .box_h = 21, .ofs_x = 1, .ofs_y = 0},
    {.bitmap_index = 16825, .adv_w = 288, .box_w = 12, .box_h = 3, .ofs_x = 3, .ofs_y = 19},
    {.bitmap_index = 16843, .adv_w = 201, .box_w = 11, .box_h = 10, .ofs_x = 1, .ofs_y = 11},
    {.bitmap_index = 16898, .adv_w = 283, .box_w = 15, .box_h = 19, .ofs_x = 1, .ofs_y = 0},
    {.bitmap_index = 17041, .adv_w = 206, .box_w = 12, .box_h = 12, .ofs_x = 0, .ofs_y = 10},
    {.bitmap_index = 17113, .adv_w = 206, .box_w = 12, .box_h = 12, .ofs_x = 0, .ofs_y = 10},
    {.bitmap_index = 17185, .adv_w = 288, .box_w = 9, .box_h = 4, .ofs_x = 6, .ofs_y = 18},
    {.bitmap_index = 17203, .adv_w = 329, .box_w = 17, .box_h = 22, .ofs_x = 2, .ofs_y = -6},
    {.bitmap_index = 17390, .adv_w = 320, .box_w = 18, .box_h = 25, .ofs_x = 0, .ofs_y = -3},
    {.bitmap_index = 17615, .adv_w = 136, .box_w = 6, .box_h = 5, .ofs_x = 1, .ofs_y = 6},
    {.bitmap_index = 17630, .adv_w = 288, .box_w = 8, .box_h = 7, .ofs_x = 5, .ofs_y = -7},
    {.bitmap_index = 17658, .adv_w = 206, .box_w = 10, .box_h = 12, .ofs_x = 2, .ofs_y = 10},
    {.bitmap_index = 17718, .adv_w = 203, .box_w = 12, .box_h = 10, .ofs_x = 0, .ofs_y = 12},
    {.bitmap_index = 17778, .adv_w = 257, .box_w = 15, .box_h = 12, .ofs_x = 0, .ofs_y = 2},
    {.bitmap_index = 17868, .adv_w = 499, .box_w = 29, .box_h = 21, .ofs_x = 2, .ofs_y = 0},
    {.bitmap_index = 18173, .adv_w = 499, .box_w = 28, .box_h = 21, .ofs_x = 2, .ofs_y = 0},
    {.bitmap_index = 18467, .adv_w = 499, .box_w = 31, .box_h = 21, .ofs_x = 0, .ofs_y = 0},
    {.bitmap_index = 18793, .adv_w = 279, .box_w = 17, .box_h = 21, .ofs_x = 1, .ofs_y = -5},
    {.bitmap_index = 18972, .adv_w = 360, .box_w = 24, .box_h = 27, .ofs_x = -1, .ofs_y = 0},
    {.bitmap_index = 19296, .adv_w = 360, .box_w = 24, .box_h = 27, .ofs_x = -1, .ofs_y = 0},
    {.bitmap_index = 19620, .adv_w = 360, .box_w = 24, .box_h = 27, .ofs_x = -1, .ofs_y = 0},
    {.bitmap_index = 19944, .adv_w = 360, .box_w = 24, .box_h = 27, .ofs_x = -1, .ofs_y = 0},
    {.bitmap_index = 20268, .adv_w = 360, .box_w = 24, .box_h = 27, .ofs_x = -1, .ofs_y = 0},
    {.bitmap_index = 20592, .adv_w = 360, .box_w = 24, .box_h = 29, .ofs_x = -1, .ofs_y = 0},
    {.bitmap_index = 20940, .adv_w = 510, .box_w = 32, .box_h = 21, .ofs_x = -1, .ofs_y = 0},
    {.bitmap_index = 21276, .adv_w = 345, .box_w = 20, .box_h = 28, .ofs_x = 1, .ofs_y = -7},
    {.bitmap_index = 21556, .adv_w = 322, .box_w = 17, .box_h = 27, .ofs_x = 2, .ofs_y = 0},
    {.bitmap_index = 21786, .adv_w = 322, .box_w = 17, .box_h = 27, .ofs_x = 2, .ofs_y = 0},
    {.bitmap_index = 22016, .adv_w = 322, .box_w = 17, .box_h = 27, .ofs_x = 2, .ofs_y = 0},
    {.bitmap_index = 22246, .adv_w = 322, .box_w = 17, .box_h = 27, .ofs_x = 2, .ofs_y = 0},
    {.bitmap_index = 22476, .adv_w = 153, .box_w = 10, .box_h = 27, .ofs_x = -2, .ofs_y = 0},
    {.bitmap_index = 22611, .adv_w = 153, .box_w = 9, .box_h = 27, .ofs_x = 2, .ofs_y = 0},
    {.bitmap_index = 22733, .adv_w = 153, .box_w = 12, .box_h = 27, .ofs_x = -1, .ofs_y = 0},
    {.bitmap_index = 22895, .adv_w = 153, .box_w = 10, .box_h = 27, .ofs_x = 0, .ofs_y = 0},
    {.bitmap_index = 23030, .adv_w = 401, .box_w = 24, .box_h = 21, .ofs_x = 0, .ofs_y = 0},
    {.bitmap_index = 23282, .adv_w = 389, .box_w = 20, .box_h = 27, .ofs_x = 2, .ofs_y = 0},
    {.bitmap_index = 23552, .adv_w = 404, .box_w = 23, .box_h = 27, .ofs_x = 1, .ofs_y = 0},
    {.bitmap_index = 23863, .adv_w = 404, .box_w = 23, .box_h = 27, .ofs_x = 1, .ofs_y = 0},
    {.bitmap_index = 24174, .adv_w = 404, .box_w = 23, .box_h = 27, .ofs_x = 1, .ofs_y = 0},
    {.bitmap_index = 24485, .adv_w = 404, .box_w = 23, .box_h = 27, .ofs_x = 1, .ofs_y = 0},
    {.bitmap_index = 24796, .adv_w = 404, .box_w = 23, .box_h = 27, .ofs_x = 1, .ofs_y = 0},
    {.bitmap_index = 25107, .adv_w = 283, .box_w = 13, .box_h = 13, .ofs_x = 2, .ofs_y = 4},
    {.bitmap_index = 25192, .adv_w = 404, .box_w = 23, .box_h = 25, .ofs_x = 1, .ofs_y = -2},
    {.bitmap_index = 25480, .adv_w = 379, .box_w = 20, .box_h = 27, .ofs_x = 2, .ofs_y = 0},
    {.bitmap_index = 25750, .adv_w = 379, .box_w = 20, .box_h = 27, .ofs_x = 2, .ofs_y = 0},
    {.bitmap_index = 26020, .adv_w = 379, .box_w = 20, .box_h = 27, .ofs_x = 2, .ofs_y = 0},
    {.bitmap_index = 26290, .adv_w = 379, .box_w = 20, .box_h = 27, .ofs_x = 2, .ofs_y = 0},
    {.bitmap_index = 26560, .adv_w = 317, .box_w = 22, .box_h = 27, .ofs_x = -1, .ofs_y = 0},
    {.bitmap_index = 26857, .adv_w = 348, .box_w = 19, .box_h = 21, .ofs_x = 2, .ofs_y = 0},
    {.bitmap_index = 27057, .adv_w = 328, .box_w = 18, .box_h = 23, .ofs_x = 2, .ofs_y = 0},
    {.bitmap_index = 27264, .adv_w = 291, .box_w = 15, .box_h = 23, .ofs_x = 1, .ofs_y = 0},
    {.bitmap_index = 27437, .adv_w = 291, .box_w = 15, .box_h = 23, .ofs_x = 1, .ofs_y = 0},
    {.bitmap_index = 27610, .adv_w = 291, .box_w = 15, .box_h = 23, .ofs_x = 1, .ofs_y = 0},
    {.bitmap_index = 27783, .adv_w = 291, .box_w = 15, .box_h = 23, .ofs_x = 1, .ofs_y = 0},
    {.bitmap_index = 27956, .adv_w = 291, .box_w = 15, .box_h = 22, .ofs_x = 1, .ofs_y = 0},
    {.bitmap_index = 28121, .adv_w = 291, .box_w = 15, .box_h = 25, .ofs_x = 1, .ofs_y = 0},
    {.bitmap_index = 28309, .adv_w = 477, .box_w = 28, .box_h = 16, .ofs_x = 1, .ofs_y = 0},
    {.bitmap_index = 28533, .adv_w = 279, .box_w = 16, .box_h = 23, .ofs_x = 1, .ofs_y = -7},
    {.bitmap_index = 28717, .adv_w = 299, .box_w = 17, .box_h = 23, .ofs_x = 1, .ofs_y = 0},
    {.bitmap_index = 28913, .adv_w = 299, .box_w = 17, .box_h = 23, .ofs_x = 1, .ofs_y = 0},
    {.bitmap_index = 29109, .adv_w = 299, .box_w = 17, .box_h = 23, .ofs_x = 1, .ofs_y = 0},
    {.bitmap_index = 29305, .adv_w = 299, .box_w = 17, .box_h = 22, .ofs_x = 1, .ofs_y = 0},
    {.bitmap_index = 29492, .adv_w = 139, .box_w = 9, .box_h = 22, .ofs_x = -2, .ofs_y = 0},
    {.bitmap_index = 29591, .adv_w = 139, .box_w = 10, .box_h = 22, .ofs_x = 1, .ofs_y = 0},
    {.bitmap_index = 29701, .adv_w = 139, .box_w = 11, .box_h = 22, .ofs_x = -1, .ofs_y = 0},
    {.bitmap_index = 29822, .adv_w = 139, .box_w = 9, .box_h = 22, .ofs_x = 0, .ofs_y = 0},
    {.bitmap_index = 29921, .adv_w = 291, .box_w = 17, .box_h = 22, .ofs_x = 0, .ofs_y = 0},
    {.bitmap_index = 30108, .adv_w = 329, .box_w = 17, .box_h = 23, .ofs_x = 2, .ofs_y = 0},
    {.bitmap_index = 30304, .adv_w = 310, .box_w = 18, .box_h = 23, .ofs_x = 1, .ofs_y = 0},
    {.bitmap_index = 30511, .adv_w = 310, .box_w = 18, .box_h = 23, .ofs_x = 1, .ofs_y = 0},
    {.bitmap_index = 30718, .adv_w = 310, .box_w = 18, .box_h = 23, .ofs_x = 1, .ofs_y = 0},
    {.bitmap_index = 30925, .adv_w = 310, .box_w = 18, .box_h = 23, .ofs_x = 1, .ofs_y = 0},
    {.bitmap_index = 31132, .adv_w = 310, .box_w = 18, .box_h = 22, .ofs_x = 1, .ofs_y = 0},
    {.bitmap_index = 31330, .adv_w = 283, .box_w = 15, .box_h = 17, .ofs_x = 1, .ofs_y = 2},
    {.bitmap_index = 31458, .adv_w = 310, .box_w = 18, .box_h = 20, .ofs_x = 1, .ofs_y = -2},
    {.bitmap_index = 31638, .adv_w = 327, .box_w = 16, .box_h = 23, .ofs_x = 2, .ofs_y = 0},
    {.bitmap_index = 31822, .adv_w = 327, .box_w = 16, .box_h = 23, .ofs_x = 2, .ofs_y = 0},
    {.bitmap_index = 32006, .adv_w = 327, .box_w = 16, .box_h = 23, .ofs_x = 2, .ofs_y = 0},
    {.bitmap_index = 32190, .adv_w = 327, .box_w = 16, .box_h = 22, .ofs_x = 2, .ofs_y = 0},
    {.bitmap_index = 32366, .adv_w = 277, .box_w = 19, .box_h = 28, .ofs_x = -1, .ofs_y = -6},
    {.bitmap_index = 32632, .adv_w = 329, .box_w = 18, .box_h = 28, .ofs_x = 2, .ofs_y = -6},
    {.bitmap_index = 32884, .adv_w = 277, .box_w = 19, .box_h = 28, .ofs_x = -1, .ofs_y = -6}
};

/*---------------------
 *  CHARACTER MAPPING
 *--------------------*/



/*Collect the unicode lists and glyph_id offsets*/
static const lv_font_fmt_txt_cmap_t cmaps[] =
{
    {
        .range_start = 32, .range_length = 95, .glyph_id_start = 1,
        .unicode_list = NULL, .glyph_id_ofs_list = NULL, .list_length = 0, .type = LV_FONT_FMT_TXT_CMAP_FORMAT0_TINY
    },
    {
        .range_start = 160, .range_length = 13, .glyph_id_start = 96,
        .unicode_list = NULL, .glyph_id_ofs_list = NULL, .list_length = 0, .type = LV_FONT_FMT_TXT_CMAP_FORMAT0_TINY
    },
    {
        .range_start = 174, .range_length = 82, .glyph_id_start = 109,
        .unicode_list = NULL, .glyph_id_ofs_list = NULL, .list_length = 0, .type = LV_FONT_FMT_TXT_CMAP_FORMAT0_TINY
    }
};

/*-----------------
 *    KERNING
 *----------------*/


/*Map glyph_ids to kern left classes*/
static const uint8_t kern_left_class_mapping[] =
{
    0, 0, 1, 2, 0, 3, 4, 5,
    2, 6, 0, 7, 8, 9, 8, 9,
    10, 11, 0, 12, 13, 14, 15, 16,
    17, 18, 11, 19, 19, 0, 0, 0,
    20, 21, 0, 0, 0, 0, 0, 0,
    0, 0, 0, 0, 0, 0, 0, 0,
    0, 0, 0, 0, 0, 0, 0, 0,
    0, 0, 0, 0, 22, 23, 0, 0,
    24, 0, 0, 0, 0, 0, 0, 0,
    0, 0, 0, 0, 0, 0, 0, 0,
    0, 0, 0, 0, 0, 0, 0, 0,
    0, 0, 0, 0, 22, 0, 0, 8,
    0, 25, 26, 27, 28, 29, 0, 30,
    0, 21, 0, 31, 0, 21, 0, 32,
    8, 0, 0, 0, 33, 0, 8, 0,
    0, 0, 8, 0, 0, 0, 34, 0,
    0, 0, 0, 0, 0, 0, 0, 0,
    0, 0, 0, 0, 0, 0, 0, 0,
    0, 0, 0, 0, 0, 0, 0, 0,
    0, 0, 0, 0, 0, 0, 0, 0,
    0, 0, 0, 0, 0, 0, 0, 0,
    0, 0, 0, 0, 0, 0, 0, 0,
    0, 0, 0, 0, 0, 0, 8, 0,
    0, 0, 0, 0, 0, 0, 0
};

/*Map glyph_ids to kern right classes*/
static const uint8_t kern_right_class_mapping[] =
{
    0, 0, 1, 2, 0, 3, 4, 5,
    2, 0, 6, 7, 8, 9, 8, 9,
    10, 11, 12, 13, 14, 15, 16, 11,
    17, 18, 19, 20, 20, 0, 0, 0,
    21, 22, 0, 0, 0, 0, 0, 0,
    0, 0, 0, 0, 0, 0, 0, 0,
    0, 0, 0, 0, 0, 0, 0, 0,
    0, 0, 0, 0, 23, 24, 25, 0,
    26, 0, 0, 0, 0, 0, 0, 0,
    0, 0, 0, 0, 0, 0, 0, 0,
    0, 0, 0, 0, 0, 0, 0, 0,
    0, 0, 0, 0, 0, 0, 25, 8,
    0, 27, 28, 29, 30, 31, 0, 32,
    0, 22, 0, 8, 8, 22, 0, 33,
    8, 0, 0, 0, 34, 35, 8, 0,
    0, 0, 36, 0, 0, 0, 37, 0,
    0, 0, 0, 0, 0, 0, 0, 0,
    0, 0, 0, 0, 0, 0, 0, 0,
    0, 0, 0, 0, 0, 0, 0, 0,
    0, 0, 0, 0, 0, 0, 0, 0,
    0, 0, 0, 0, 0, 0, 0, 0,
    0, 0, 0, 0, 0, 0, 0, 0,
    0, 0, 0, 0, 0, 0, 8, 0,
    0, 0, 0, 0, 0, 0, 0
};

/*Kern values between classes*/
static const int8_t kern_class_values[] =
{
    0, 0, 0, 0, 0, 0, 3, 0,
    0, 0, 0, 5, 0, 0, 0, 0,
    2, 0, 0, 0, 0, 0, 0, 0,
    0, 0, 0, 0, 0, 0, 7, 0,
    0, 0, 0, 0, 0, 0, 22, 0,
    12, -10, 0, 10, 0, -26, -29, 2,
    22, 10, 7, -19, 2, 22, 0, 19,
    5, 14, -7, 0, 29, 5, -2, 0,
    -7, 0, -10, 10, 0, 10, 0, 19,
    0, -18, 0, -14, 0, 0, 0, 0,
    -10, 7, 10, 0, 0, -5, 0, -2,
    5, 0, -5, 0, -5, -2, -10, 0,
    0, -5, 0, -10, 0, 0, 0, 0,
    0, 0, -7, 0, 0, 0, -5, 0,
    -12, 0, -59, 0, -10, -24, 10, 14,
    0, 0, -10, 5, 5, 16, 10, -7,
    10, 0, 0, -26, 0, 0, -17, 0,
    0, 0, 12, 0, 0, 0, 0, -12,
    0, 0, 0, 0, -6, -22, 0, -19,
    -2, 0, -14, 0, 0, 17, 0, -14,
    -5, 0, 0, 0, -7, 0, 0, -3,
    -34, 0, 0, -38, -5, 14, -5, 0,
    0, 0, 0, 0, -22, 0, -24, 0,
    0, 0, 0, 0, 0, 0, 0, 0,
    0, 0, 17, 0, 5, 0, 0, -10,
    0, 0, 0, 0, 0, 0, 0, 0,
    19, 5, 0, 0, 0, 0, 0, 10,
    0, 0, 0, 0, 0, 0, 3, 10,
    5, 14, -5, 0, 10, -5, -17, -65,
    2, 12, 10, 0, -6, 0, 14, 0,
    14, 0, 14, 0, 0, 0, 0, -5,
    0, -7, 0, 2, 0, 0, 14, 0,
    17, 7, -38, 0, 0, -7, -17, 0,
    0, -5, 0, -3, 0, 2, -10, -7,
    -10, 2, 0, -5, 0, 0, 0, -19,
    2, 0, -31, 0, 0, 0, 5, 0,
    2, -12, 5, 0, 0, -41, -5, 0,
    0, -26, 5, -31, 0, 0, -17, -3,
    0, 46, -6, -7, 5, 5, -2, 0,
    -7, 5, 0, 0, -26, -10, 0, -46,
    0, 5, 0, -5, 0, -5, -14, 0,
    -31, 0, -65, 0, 5, 0, 29, -10,
    0, -17, 17, 0, -34, -46, -34, -10,
    14, 0, 0, -31, 0, 5, -12, 0,
    -7, 0, -10, 0, 10, 14, -58, -31,
    -31, -5, 0, 19, -10, 22, -31, 0,
    -22, -36, 0, 2, 0, 0, 0, 0,
    2, 2, -6, -10, 0, 0, 0, -5,
    0, 0, -2, 0, 0, 0, -10, 0,
    0, -10, 0, -10, 0, 0, 0, 0,
    -6, 0, 0, 0, 0, 0, -14, 0,
    0, 0, 5, -2, 0, 0, -2, 5,
    5, 0, 0, 0, 0, -7, 0, 0,
    0, 0, 0, 0, 0, 0, -2, 0,
    14, 0, -5, 0, 0, 0, 0, 0,
    0, 0, 0, 0, 0, -5, 0, -5,
    0, 0, 0, 0, 0, 0, 0, 0,
    -2, -2, 0, -5, -5, 0, 0, 0,
    0, 0, 0, 0, 0, 0, 0, 0,
    0, 0, 0, 0, -7, 0, 0, 0,
    0, 0, -14, -2, -14, 10, 0, -10,
    5, 10, 12, 0, -12, 0, -5, 0,
    0, -22, 5, -2, 3, -26, 5, 0,
    -24, 0, 10, 0, 7, 5, 5, -5,
    11, -14, 0, -10, 0, 5, 0, 0,
    0, -5, 0, 0, -5, 0, 0, 0,
    0, 0, -2, -2, 0, -2, -6, 0,
    0, 0, 0, 0, 0, -5, 0, 0,
    0, 0, 0, 0, 0, 0, -5, 0,
    0, 0, 0, 0, -2, 0, -10, 5,
    0, -5, 2, 5, 5, 0, 0, 0,
    0, 0, 0, -2, 0, 0, 0, 0,
    0, 0, 0, 0, 0, 0, 4, 0,
    5, 0, 10, -8, 0, 0, 0, 0,
    0, 14, -2, 0, -14, 0, 12, -24,
    -24, -19, -10, 5, 0, -4, -31, -9,
    0, -9, 0, -10, 7, -9, 0, 5,
    1, -14, -12, -24, -6, -10, 7, -5,
    4, -11, 12, -7, -29, 0, 0, 0,
    -5, 0, 0, 2, 0, 5, 0, 0,
    0, 0, 0, 0, 0, 0, 0, 0,
    0, -5, 0, 0, -14, 0, 0, 0,
    0, 0, 0, -5, 5, 0, 0, 0,
    0, -10, 0, 5, 0, 0, 0, 0,
    0, 0, 0, 24, 0, 0, 0, 0,
    0, 0, 2, 0, 0, 0, -5, 0,
    0, -10, 0, 5, 0, 0, 0, 0,
    -19, 0, 0, 0, 0, 0, 0, -2,
    0, 0, 0, -7, 0, 5, 0, -24,
    -14, 0, 0, 0, -7, -24, 0, 0,
    -5, 5, 0, -19, 0, -6, 0, 0,
    -8, -2, -5, 0, 0, -7, 0, 5,
    0, 0, 5, -50, 0, -7, 0, 0,
    0, 5, 0, 2, -10, -10, 0, -5,
    -5, -6, 0, 0, 0, 0, 0, 0,
    -14, 0, 0, -10, 5, -14, 0, 0,
    0, 0, 0, 0, 5, 0, 0, 0,
    -10, 0, 5, 0, 0, 0, 5, 0,
    -3, 0, 19, 0, 10, 0, 0, -7,
    0, 10, 0, 0, 0, 5, 0, 0,
    14, 0, 14, 0, 0, 0, 0, 10,
    0, 0, 0, 0, 0, 0, 0, -29,
    0, -5, 7, 14, -65, 0, 46, 5,
    -10, -10, 5, 5, -2, 0, -24, 0,
    0, 24, -29, -10, 0, -34, 19, 67,
    19, 0, 0, 0, 0, 14, -29, 0,
    -14, 3, 14, 0, -2, 10, -12, 0,
    0, -5, 0, 5, 60, -10, -4, 14,
    12, -12, 5, 0, 0, 5, 5, -7,
    -14, 0, -62, 14, 0, 7, -12, 7,
    -2, -5, 12, 0, 0, -30, 5, 0,
    0, 0, 0, 0, 0, 0, 0, 0,
    0, 19, 0, -10, 0, 0, 0, 0,
    0, 0, 0, 0, 0, 0, 0, -26,
    0, 7, 0, 0, 0, 0, -10, 0,
    0, 0, 0, 0, 0, 0, 0, 0,
    0, -10, -11, 7, -7, 10, 0, -2,
    -11, -2, -7, -7, 0, -5, -2, -2,
    3, -8, 0, -2, -22, -3, 0, 0,
    -4, 0, 0, 0, -3, 8, 0, 0,
    0, -2, 0, 0, -5, 0, -17, 0,
    10, -14, 0, 6, -17, 7, -5, -5,
    -14, -7, 2, -16, -10, -14, 0, -6,
    0, 7, 0, 7, -12, -14, 0, 0,
    0, -5, 0, -10, 5, -7, -10, 0,
    0, 0, 0, 0, 0, 2, 2, -5,
    0, 0, 0, -4, 0, 0, 0, -5,
    0, 0, 0, 0, 0, 0, 0, 0,
    -2, 0, 0, 0, 0, 0, 0, 0,
    0, 0, 0, -2, 7, 10, 0, 0,
    0, 10, 0, -12, -14, -14, -6, 14,
    0, 5, -5, 0, 12, -5, 0, -19,
    0, 0, 0, 24, 10, -5, -10, 0,
    0, 0, 0, 0, 0, 0, 0, 0,
    -19, 0, 0, 0, 0, 0, 0, 0,
    10, 0, 10, 0, 0, 0, 0, 7,
    0, 2, 5, 0, 0, 0, 0, 0,
    0, 0, 2, 0, 2, 0, 0, 0,
    0, 0, 2, 0, 0, 0, 0, 0,
    0, 0, 0, 0, 7, -5, 0, 3,
    0, 0, 0, 0, 2, 2, 0, 0,
    0, 0, -5, 0, 0, -26, 0, 5,
    0, 0, 0, 0, 0, 0, 0, 0,
    0, 0, 2, 0, 10, 10, 12, 0,
    0, 14, 0, -31, -26, 0, 22, 14,
    8, -19, 2, 19, 0, 17, 0, 10,
    5, 0, 26, 0, 0, 0, -8, 0,
    0, 0, 0, 0, 0, 0, 0, -29,
    0, 0, -6, 0, 0, 0, 0, 0,
    0, 0, 0, -2, 0, 0, 0, 0,
    0, 0, 0, 0, 10, 0, 0, -31,
    0, 0, 0, 0, 0, 0, 0, 0,
    0, 0, 0, 0, 0, 0, -19, 0,
    -29, -7, 0, -41, -19, 0, 19, -24,
    -22, 0, 0, -22, 0, -22, -22, 0,
    0, -65, -26, 0, -43, 5, 24, 0,
    -19, 5, -7, -24, 0, -29, -5, -43,
    -5, -10
};


/*Collect the kern class' data in one place*/
static const lv_font_fmt_txt_kern_classes_t kern_classes =
{
    .class_pair_values   = kern_class_values,
    .left_class_mapping  = kern_left_class_mapping,
    .right_class_mapping = kern_right_class_mapping,
    .left_class_cnt      = 34,
    .right_class_cnt     = 37,
};

/*--------------------
 *  ALL CUSTOM DATA
 *--------------------*/

#if LV_VERSION_CHECK(8, 0, 0)
/*Store all the custom data of the font*/
static  lv_font_fmt_txt_glyph_cache_t cache;
static const lv_font_fmt_txt_dsc_t font_dsc = {
#else
static lv_font_fmt_txt_dsc_t font_dsc = {
#endif
    .glyph_bitmap = glyph_bitmap,
    .glyph_dsc = glyph_dsc,
    .cmaps = cmaps,
    .kern_dsc = &kern_classes,
    .kern_scale = 16,
    .cmap_num = 3,
    .bpp = 4,
    .kern_classes = 1,
    .bitmap_format = 0,
#if LV_VERSION_CHECK(8, 0, 0)
    .cache = &cache
#endif
};


/*-----------------
 *  PUBLIC FONT
 *----------------*/

/*Initialize a public general font descriptor*/
#if LV_VERSION_CHECK(8, 0, 0)
const lv_font_t ui_font_30 = {
#else
lv_font_t ui_font_30 = {
#endif
    .get_glyph_dsc = lv_font_get_glyph_dsc_fmt_txt,    /*Function pointer to get glyph's data*/
    .get_glyph_bitmap = lv_font_get_bitmap_fmt_txt,    /*Function pointer to get glyph's bitmap*/
    .line_height = 36,          /*The maximum line height required by the font*/
    .base_line = 7,             /*Baseline measured from the bottom of the line*/
#if !(LVGL_VERSION_MAJOR == 6 && LVGL_VERSION_MINOR == 0)
    .subpx = LV_FONT_SUBPX_NONE,
#endif
#if LV_VERSION_CHECK(7, 4, 0) || LVGL_VERSION_MAJOR >= 8
    .underline_position = -3,
    .underline_thickness = 2,
#endif
    .dsc = &font_dsc           /*The custom font data. Will be accessed by `get_glyph_bitmap/dsc` */
};



#endif /*#if UI_FONT_30*/

